complaint_id,account,txn_id,filed,text
C00000,A0500,T02494,2024-06-17,想反映一件事：交易 T02494：退款申請送出三週了還沒有消息，請協助處理。希望今天能處理。
C00001,A0013,T00907,2024-02-28,您好，交易 T00907：手續費沒有事先告知，客服電話一直打不通，請說明原因。麻煩了。
C00002,A0100,T02112,2024-05-10,您好，交易 T02112：這筆不是我本人操作的。卡一直在我身上，請盡快把錢退回來。謝謝。
C00003,A0559,T02455,2024-11-15,麻煩處理一下，交易 T02455：同一筆消費被扣了兩次，客服電話一直打不通，請說明原因。
C00004,A0553,T00509,2024-05-06,你好，交易 T00509：優惠回饋金一直沒有入帳，分行說要我自己處理，請重新計算。希望今天能處理。
C00005,A0093,T00076,2024-05-13,交易 T00076：差點就當成盜用報案了，核對後是我在店裡刷的，想問怎麼取消。希望今天能處理。
C00006,A0650,T01677,2024-03-04,交易 T01677：優惠回饋金一直沒有入帳，請盡快回覆。請盡快回覆。
C00007,A0229,T00766,2024-03-09,您好，交易 T00766：出現一筆陌生的消費。那天我人在國外，懷疑資料外洩，請查明。
C00008,A0779,T00653,2024-03-14,想反映一件事：交易 T00653：看到通知還以為是詐騙，後來想起是小孩用我手機買點數，希望可以減免。
C00009,A0451,T01831,2024-08-08,急件！交易 T01831：優惠回饋金一直沒有入帳，請盡快回覆。已經是第二次反映了。
C00010,A0751,T00762,2024-07-26,麻煩處理一下，交易 T00762：外幣匯率跟官網公告差很多，已經寫信反映過一次，請盡快回覆。謝謝。
C00011,A0660,T01911,2024-11-06,客服您好，交易 T01911：ATM 吐鈔少了一張但全額扣款，客服電話一直打不通，請重新計算。希望今天能處理。
C00012,A0292,T02249,2024-01-01,麻煩處理一下，交易 T02249：同一筆消費被扣了兩次，客服電話一直打不通，請重新計算。請盡快回覆。
C00013,A0786,T02257,2024-12-01,您好，交易 T02257：實際扣款比收據多了一些，已經寫信反映過一次，請重新計算。已經是第二次反映了。
C00014,A0719,T01891,2024-07-14,您好，交易 T01891：朋友說這種扣款可能是盜刷，打電話問才知道是年費，只是想確認帳單日期。
C00015,A0363,T01802,2024-09-12,急件！交易 T01802：差點就當成盜用報案了，後來發現是家人刷的，但店員多打了一個零。希望今天能處理。
C00016,A0776,T01013,2024-08-16,交易 T01013：外幣匯率跟官網公告差很多，App 上查不到紀錄，希望可以退還。麻煩了。
C00017,A0609,T02038,2024-04-09,急件！交易 T02038：本來想申報陌生扣款，查了才知道是自己訂閱的服務續約，但退款到現在還沒入帳。謝謝。
C00018,A0776,T01013,2024-08-16,您好，交易 T01013：分期利息跟當初說的不一樣，已經寫信反映過一次，請重新計算。希望今天能處理。
C00019,A0367,T01324,2024-06-08,交易 T01324：朋友說這種扣款可能是盜刷，後來發現是家人刷的，只是金額跟發票不符。麻煩了。
C00020,A0103,T01984,2024-01-01,您好，交易 T01984：本來想申報陌生扣款，核對後是我在店裡刷的，但退款到現在還沒入帳。
C00021,A0300,T01066,2024-07-04,你好，交易 T01066：有人冒用我的帳號付款。家人都確認過沒用過這張卡，要求調查是誰用的。謝謝。
C00022,A0038,T01024,2024-08-11,交易 T01024：ATM 吐鈔少了一張但全額扣款，客服電話一直打不通，希望可以退還。
C00023,A0367,T01111,2024-02-25,交易 T01111：實際扣款比收據多了一些，請協助處理。已經是第二次反映了。
C00024,A0523,T00895,2024-03-01,您好，交易 T00895：退款申請送出三週了還沒有消息，客服電話一直打不通，請協助處理。已經是第二次反映了。
C00025,A0234,T01617,2024-02-04,想反映一件事：交易 T01617：ATM 吐鈔少了一張但全額扣款，App 上查不到紀錄，請盡快回覆。謝謝。
C00026,A0445,T01199,2024-07-24,急件！交易 T01199：手續費沒有事先告知，分行說要我自己處理，請協助處理。請盡快回覆。
C00027,A0272,T00561,2024-06-17,您好，交易 T00561：手續費沒有事先告知，客服電話一直打不通，希望可以退還。麻煩了。
C00028,A0474,T02200,2024-04-20,您好，交易 T02200：實際扣款比收據多了一些，已經寫信反映過一次，請重新計算。希望今天能處理。
C00029,A0027,X00068,2024-11-13,客服您好，交易 X00068：付款時一直跳錯誤卻被扣了錢，分行說要我自己處理，請重新計算。麻煩了。
C00030,A0272,T02103,2024-12-20,想反映一件事：交易 T02103：我從來沒有刷過這筆。那天我人在國外，懷疑資料外洩，請查明。請盡快回覆。
C00031,A0324,T00573,2024-11-28,您好，交易 T00573：帳單上出現一筆我完全不認得的扣款。手機沒收到任何驗證碼，請協助爭議款處理。已經是第二次反映了。
C00032,A0387,T00771,2024-04-18,您好，交易 T00771：ATM 吐鈔少了一張但全額扣款，希望可以退還。請盡快回覆。
C00033,A0253,T01236,2024-01-14,你好，交易 T01236：實際扣款比收據多了一些，分行說要我自己處理，希望可以退還。
C00034,A0001,T02410,2024-06-15,客服您好，交易 T02410：出現一筆陌生的消費。卡一直在我身上，請立刻凍結並退回款項。希望今天能處理。
C00035,A0262,T02325,2024-01-05,麻煩處理一下，交易 T02325：分期利息跟當初說的不一樣，已經寫信反映過一次，請說明原因。麻煩了。
C00036,A0041,X00188,2024-09-18,你好，交易 X00188：付款時一直跳錯誤卻被扣了錢，希望可以退還。麻煩了。
C00037,A0351,T01241,2024-01-17,您好，交易 T01241：ATM 吐鈔少了一張但全額扣款，App 上查不到紀錄，請重新計算。希望今天能處理。
C00038,A0451,T01831,2024-08-08,您好，交易 T01831：ATM 吐鈔少了一張但全額扣款，已經寫信反映過一次，希望可以退還。請盡快回覆。
C00039,A0066,X00231,2024-04-24,你好，交易 X00231：分期利息跟當初說的不一樣，分行說要我自己處理，請說明原因。已經是第二次反映了。
C00040,A0469,T02490,2024-09-22,想反映一件事：交易 T02490：這筆不是我本人操作的。我已經報警了，請盡快把錢退回來。請盡快回覆。
C00041,A0505,T00429,2024-05-05,你好，交易 T00429：一開始懷疑卡片被冒用，打電話問才知道是年費，只是想確認帳單日期。請盡快回覆。
C00042,A0135,T01828,2024-02-12,急件！交易 T01828：手續費沒有事先告知，App 上查不到紀錄，請盡快回覆。希望今天能處理。
C00043,A0021,T01437,2024-03-09,客服您好，交易 T01437：外幣匯率跟官網公告差很多，已經寫信反映過一次，請說明原因。希望今天能處理。
C00044,A0041,X00154,2024-12-21,客服您好，交易 X00154：ATM 吐鈔少了一張但全額扣款，分行說要我自己處理，請說明原因。謝謝。
C00045,A0183,T01949,2024-03-11,您好，交易 T01949：我的卡被盜刷了。那天我人在國外，要求調查是誰用的。請盡快回覆。
C00046,A0416,T00697,2024-06-28,交易 T00697：付款時一直跳錯誤卻被扣了錢，請重新計算。請盡快回覆。
C00047,A0649,T01107,2024-03-27,交易 T01107：分期利息跟當初說的不一樣，分行說要我自己處理，請盡快回覆。謝謝。
C00048,A0393,T00609,2024-03-14,您好，交易 T00609：手續費沒有事先告知，已經寫信反映過一次，希望可以退還。已經是第二次反映了。
C00049,A0031,T00521,2024-12-06,急件！交易 T00521：我原本以為被盜刷，後來想起是小孩用我手機買點數，但退款到現在還沒入帳。希望今天能處理。
C00050,A0689,T01168,2024-04-26,麻煩處理一下，交易 T01168：付款時一直跳錯誤卻被扣了錢，已經寫信反映過一次，希望可以退還。
C00051,A0772,T02342,2024-08-01,麻煩處理一下，交易 T02342：我的卡被盜刷了。我已經報警了，請當作冒用處理。謝謝。
C00052,A0269,T01860,2024-08-23,想反映一件事：交易 T01860：這筆交易未經我同意。密碼好像被別人拿走了，請立刻凍結並退回款項。謝謝。
C00053,A0793,T00415,2024-07-20,您好，交易 T00415：退款申請送出三週了還沒有消息，請重新計算。麻煩了。
C00054,A0041,X00267,2024-03-20,交易 X00267：這筆交易未經我同意。密碼好像被別人拿走了，請協助爭議款處理。已經是第二次反映了。
C00055,A0041,X00332,2024-02-25,想反映一件事：交易 X00332：同一筆消費被扣了兩次，分行說要我自己處理，希望可以退還。希望今天能處理。
C00056,A0170,T01703,2024-11-14,你好，交易 T01703：我的卡被盜刷了。密碼好像被別人拿走了，請協助爭議款處理。已經是第二次反映了。
C00057,A0123,T01402,2024-12-20,交易 T01402：同一筆消費被扣了兩次，App 上查不到紀錄，請協助處理。
C00058,A0539,T01268,2024-09-05,你好，交易 T01268：同一筆消費被扣了兩次，請重新計算。請盡快回覆。
C00059,A0261,T02170,2024-11-01,想反映一件事：交易 T02170：差點就當成盜用報案了，後來想起是小孩用我手機買點數，希望可以減免。已經是第二次反映了。
C00060,A0480,T00473,2024-10-18,急件！交易 T00473：同一筆消費被扣了兩次，App 上查不到紀錄，希望可以退還。
C00061,A0116,T02166,2024-05-25,客服您好，交易 T02166：分期利息跟當初說的不一樣，分行說要我自己處理，希望可以退還。麻煩了。
C00062,A0546,T00944,2024-05-06,交易 T00944：付款時一直跳錯誤卻被扣了錢，App 上查不到紀錄，請重新計算。麻煩了。
C00063,A0380,T01870,2024-10-10,您好，交易 T01870：同一筆消費被扣了兩次，請重新計算。已經是第二次反映了。
C00064,A0541,T02062,2024-07-18,您好，交易 T02062：這筆不是我本人操作的。手機沒收到任何驗證碼，要求調查是誰用的。麻煩了。
C00065,A0796,T02184,2024-10-15,想反映一件事：交易 T02184：實際扣款比收據多了一些，請說明原因。已經是第二次反映了。
C00066,A0243,T01309,2024-10-04,交易 T01309：ATM 吐鈔少了一張但全額扣款，已經寫信反映過一次，希望可以退還。
C00067,A0025,T01587,2024-11-27,急件！交易 T01587：優惠回饋金一直沒有入帳，App 上查不到紀錄，請協助處理。謝謝。
C00068,A0066,X00253,2024-10-23,你好，交易 X00253：ATM 吐鈔少了一張但全額扣款，希望可以退還。已經是第二次反映了。
C00069,A0377,T02068,2024-06-04,想反映一件事：交易 T02068：分期利息跟當初說的不一樣，分行說要我自己處理，希望可以退還。希望今天能處理。
C00070,A0478,T01965,2024-03-09,急件！交易 T01965：這筆交易未經我同意。那天我人在國外，請盡快把錢退回來。麻煩了。
C00071,A0585,T02021,2024-12-03,您好，交易 T02021：同一筆消費被扣了兩次，分行說要我自己處理，請協助處理。請盡快回覆。
C00072,A0257,T00186,2024-07-28,急件！交易 T00186：朋友說這種扣款可能是盜刷，打電話問才知道是年費，但退款到現在還沒入帳。
C00073,A0577,T00294,2024-04-19,想反映一件事：交易 T00294：優惠回饋金一直沒有入帳，客服電話一直打不通，請盡快回覆。已經是第二次反映了。
C00074,A0587,T00455,2024-03-24,急件！交易 T00455：退款申請送出三週了還沒有消息，已經寫信反映過一次，希望可以退還。請盡快回覆。
C00075,A0660,T02246,2024-09-28,交易 T02246：本來想申報陌生扣款，查了才知道是自己訂閱的服務續約，希望可以減免。
C00076,A0553,T00509,2024-05-06,交易 T00509：朋友說這種扣款可能是盜刷，核對後是我在店裡刷的，但店員多打了一個零。麻煩了。
C00077,A0394,T00763,2024-08-18,想反映一件事：交易 T00763：帳單上出現一筆我完全不認得的扣款。手機沒收到任何驗證碼，請當作冒用處理。謝謝。
C00078,A0619,T01738,2024-08-13,客服您好，交易 T01738：手續費沒有事先告知，客服電話一直打不通，請重新計算。謝謝。
C00079,A0139,T01220,2024-10-23,你好，交易 T01220：同一筆消費被扣了兩次，分行說要我自己處理，請重新計算。希望今天能處理。
C00080,A0271,T01908,2024-09-27,客服您好，交易 T01908：付款時一直跳錯誤卻被扣了錢，分行說要我自己處理，請說明原因。已經是第二次反映了。
C00081,A0585,T02380,2024-10-07,急件！交易 T02380：手續費沒有事先告知，已經寫信反映過一次，請說明原因。已經是第二次反映了。
C00082,A0020,T00257,2024-01-11,交易 T00257：ATM 吐鈔少了一張但全額扣款，請協助處理。謝謝。
C00083,A0462,T01008,2024-02-14,您好，交易 T01008：手續費沒有事先告知，App 上查不到紀錄，希望可以退還。麻煩了。
C00084,A0041,X00069,2024-09-11,想反映一件事：交易 X00069：外幣匯率跟官網公告差很多，分行說要我自己處理，請重新計算。已經是第二次反映了。
C00085,A0294,T00140,2024-02-09,想反映一件事：交易 T00140：優惠回饋金一直沒有入帳，App 上查不到紀錄，希望可以退還。希望今天能處理。
C00086,A0117,T01834,2024-11-20,交易 T01834：付款時一直跳錯誤卻被扣了錢，App 上查不到紀錄，請盡快回覆。請盡快回覆。
C00087,A0269,T01860,2024-08-23,您好，交易 T01860：帳單上出現一筆我完全不認得的扣款。那天我人在國外，請當作冒用處理。請盡快回覆。
C00088,A0699,T01189,2024-09-18,你好，交易 T01189：一開始懷疑卡片被冒用，後來想起是小孩用我手機買點數，想問能不能退。麻煩了。
C00089,A0016,T01923,2024-04-04,客服您好，交易 T01923：優惠回饋金一直沒有入帳，客服電話一直打不通，請重新計算。謝謝。
C00090,A0153,T02054,2024-04-18,麻煩處理一下，交易 T02054：ATM 吐鈔少了一張但全額扣款，客服電話一直打不通，請盡快回覆。
C00091,A0451,T01831,2024-08-08,想反映一件事：交易 T01831：付款時一直跳錯誤卻被扣了錢，App 上查不到紀錄，請說明原因。希望今天能處理。
C00092,A0593,T02443,2024-09-17,客服您好，交易 T02443：我原本以為被盜刷，後來發現是家人刷的，想問怎麼取消。已經是第二次反映了。
C00093,A0041,X00303,2024-11-19,急件！交易 X00303：出現一筆陌生的消費。密碼好像被別人拿走了，請盡快把錢退回來。已經是第二次反映了。
C00094,A0298,T00128,2024-06-10,麻煩處理一下，交易 T00128：ATM 吐鈔少了一張但全額扣款，App 上查不到紀錄，請說明原因。謝謝。
C00095,A0723,T00502,2024-08-15,想反映一件事：交易 T00502：帳單上出現一筆我完全不認得的扣款。密碼好像被別人拿走了，請協助爭議款處理。
C00096,A0751,T02042,2024-02-28,麻煩處理一下，交易 T02042：實際扣款比收據多了一些，分行說要我自己處理，希望可以退還。謝謝。
C00097,A0027,X00196,2024-11-10,麻煩處理一下，交易 X00196：分期利息跟當初說的不一樣，希望可以退還。麻煩了。
C00098,A0069,T02217,2024-01-15,麻煩處理一下，交易 T02217：優惠回饋金一直沒有入帳，客服電話一直打不通，請說明原因。已經是第二次反映了。
C00099,A0225,T01952,2024-10-01,交易 T01952：實際扣款比收據多了一些，分行說要我自己處理，請說明原因。請盡快回覆。
C00100,A0800,T01591,2024-01-23,想反映一件事：交易 T01591：手續費沒有事先告知，分行說要我自己處理，希望可以退還。希望今天能處理。
C00101,A0201,T01017,2024-09-15,您好，交易 T01017：我的卡被盜刷了。家人都確認過沒用過這張卡，請協助爭議款處理。謝謝。
C00102,A0417,T01639,2024-09-03,你好，交易 T01639：看到通知還以為是詐騙，核對後是我在店裡刷的，但店員多打了一個零。請盡快回覆。
C00103,A0541,T02062,2024-07-18,交易 T02062：付款時一直跳錯誤卻被扣了錢，App 上查不到紀錄，希望可以退還。已經是第二次反映了。
C00104,A0013,X00291,2024-01-12,您好，交易 X00291：我原本以為被盜刷，打電話問才知道是年費，但店員多打了一個零。
C00105,A0036,T00878,2024-10-15,想反映一件事：交易 T00878：朋友說這種扣款可能是盜刷，結果確認是我自己買的，只是金額跟發票不符。謝謝。
C00106,A0014,T00007,2024-06-08,急件！交易 T00007：差點就當成盜用報案了，後來發現是家人刷的，但店員多打了一個零。麻煩了。
C00107,A0625,T00366,2024-06-21,客服您好，交易 T00366：有人冒用我的帳號付款。我已經報警了，請立刻凍結並退回款項。謝謝。
C00108,A0554,T00243,2024-06-11,交易 T00243：ATM 吐鈔少了一張但全額扣款，分行說要我自己處理，請協助處理。謝謝。
C00109,A0752,T00646,2024-06-21,你好，交易 T00646：出現一筆陌生的消費。時間是半夜三點，我在睡覺，請協助爭議款處理。希望今天能處理。
C00110,A0276,T00720,2024-09-18,客服您好，交易 T00720：帳單上出現一筆我完全不認得的扣款。時間是半夜三點，我在睡覺，請協助爭議款處理。
C00111,A0026,T01140,2024-01-04,想反映一件事：交易 T01140：優惠回饋金一直沒有入帳，客服電話一直打不通，請重新計算。麻煩了。
C00112,A0757,T00352,2024-11-14,交易 T00352：外幣匯率跟官網公告差很多，分行說要我自己處理，請說明原因。麻煩了。
C00113,A0753,T00750,2024-10-25,客服您好，交易 T00750：同一筆消費被扣了兩次，請盡快回覆。請盡快回覆。
C00114,A0719,T01448,2024-04-26,客服您好，交易 T01448：實際扣款比收據多了一些，已經寫信反映過一次，請協助處理。請盡快回覆。
C00115,A0383,T01062,2024-02-24,交易 T01062：出現一筆陌生的消費。時間是半夜三點，我在睡覺，請盡快把錢退回來。請盡快回覆。
C00116,A0006,T02152,2024-09-24,你好，交易 T02152：分期利息跟當初說的不一樣，客服電話一直打不通，請盡快回覆。已經是第二次反映了。
C00117,A0237,T01472,2024-10-01,急件！交易 T01472：手續費沒有事先告知，已經寫信反映過一次，請盡快回覆。請盡快回覆。
C00118,A0006,T00971,2024-10-26,你好，交易 T00971：外幣匯率跟官網公告差很多，App 上查不到紀錄，請盡快回覆。請盡快回覆。
C00119,A0424,T02526,2024-08-23,你好，交易 T02526：實際扣款比收據多了一些，已經寫信反映過一次，希望可以退還。已經是第二次反映了。
C00120,A0784,T01214,2024-03-23,交易 T01214：這個商家我從沒聽過，卻扣了我的錢。手機沒收到任何驗證碼，請盡快把錢退回來。麻煩了。
C00121,A0674,T00597,2024-06-27,麻煩處理一下，交易 T00597：看到通知還以為是詐騙，打電話問才知道是年費，想問怎麼取消。
C00122,A0611,T01483,2024-11-13,麻煩處理一下，交易 T01483：分期利息跟當初說的不一樣，分行說要我自己處理，請說明原因。希望今天能處理。
C00123,A0381,T02203,2024-02-02,您好，交易 T02203：實際扣款比收據多了一些，已經寫信反映過一次，希望可以退還。請盡快回覆。
C00124,A0066,X00316,2024-11-13,想反映一件事：交易 X00316：出現一筆陌生的消費。時間是半夜三點，我在睡覺，請立刻凍結並退回款項。已經是第二次反映了。
C00125,A0715,T00151,2024-04-05,客服您好，交易 T00151：退款申請送出三週了還沒有消息，已經寫信反映過一次，請盡快回覆。希望今天能處理。
C00126,A0438,T01736,2024-12-27,想反映一件事：交易 T01736：有人冒用我的帳號付款。我已經報警了，請立刻凍結並退回款項。希望今天能處理。
C00127,A0353,T01150,2024-04-18,客服您好，交易 T01150：這筆交易未經我同意。家人都確認過沒用過這張卡，請協助爭議款處理。謝謝。
C00128,A0380,T01370,2024-11-17,您好，交易 T01370：有人冒用我的帳號付款。手機沒收到任何驗證碼，要求調查是誰用的。請盡快回覆。
C00129,A0749,T02285,2024-07-18,客服您好，交易 T02285：這筆交易未經我同意。家人都確認過沒用過這張卡，請當作冒用處理。已經是第二次反映了。
C00130,A0589,T01318,2024-08-25,急件！交易 T01318：同一筆消費被扣了兩次，客服電話一直打不通，請重新計算。
C00131,A0375,T01694,2024-11-09,想反映一件事：交易 T01694：朋友說這種扣款可能是盜刷，後來想起是小孩用我手機買點數，希望可以減免。麻煩了。
C00132,A0389,T00285,2024-05-14,急件！交易 T00285：手續費沒有事先告知，已經寫信反映過一次，希望可以退還。請盡快回覆。
C00133,A0705,T01428,2024-09-13,麻煩處理一下，交易 T01428：分期利息跟當初說的不一樣，請協助處理。
C00134,A0614,T00308,2024-06-13,想反映一件事：交易 T00308：手續費沒有事先告知，客服電話一直打不通，請盡快回覆。麻煩了。
C00135,A0042,T00860,2024-08-07,想反映一件事：交易 T00860：我從來沒有刷過這筆。家人都確認過沒用過這張卡，請立刻凍結並退回款項。請盡快回覆。
C00136,A0301,T00981,2024-10-27,您好，交易 T00981：差點就當成盜用報案了，結果確認是我自己買的，想問怎麼取消。請盡快回覆。
C00137,A0041,X00165,2024-12-10,想反映一件事：交易 X00165：優惠回饋金一直沒有入帳，客服電話一直打不通，希望可以退還。謝謝。
C00138,A0799,T02020,2024-11-11,您好，交易 T02020：出現一筆陌生的消費。我已經報警了，請盡快把錢退回來。
C00139,A0619,T00933,2024-11-10,您好，交易 T00933：優惠回饋金一直沒有入帳，已經寫信反映過一次，請說明原因。希望今天能處理。
C00140,A0147,T02127,2024-02-05,想反映一件事：交易 T02127：一開始懷疑卡片被冒用，結果確認是我自己買的，只是金額跟發票不符。
C00141,A0562,T01294,2024-08-16,麻煩處理一下，交易 T01294：分期利息跟當初說的不一樣，客服電話一直打不通，請盡快回覆。
C00142,A0015,T00644,2024-03-11,交易 T00644：這個商家我從沒聽過，卻扣了我的錢。那天我人在國外，請盡快把錢退回來。麻煩了。
C00143,A0159,T00492,2024-02-22,麻煩處理一下，交易 T00492：分期利息跟當初說的不一樣，分行說要我自己處理，請盡快回覆。
C00144,A0371,T00377,2024-04-01,交易 T00377：付款時一直跳錯誤卻被扣了錢，已經寫信反映過一次，請盡快回覆。希望今天能處理。
C00145,A0131,T02093,2024-12-08,麻煩處理一下，交易 T02093：有人冒用我的帳號付款。我已經報警了，請協助爭議款處理。希望今天能處理。
C00146,A0173,T02175,2024-02-06,客服您好，交易 T02175：手續費沒有事先告知，已經寫信反映過一次，請盡快回覆。已經是第二次反映了。
C00147,A0302,T00606,2024-06-08,你好，交易 T00606：ATM 吐鈔少了一張但全額扣款，請盡快回覆。謝謝。
C00148,A0451,T01831,2024-08-08,麻煩處理一下，交易 T01831：看到通知還以為是詐騙，查了才知道是自己訂閱的服務續約，但店員多打了一個零。麻煩了。
C00149,A0281,T01347,2024-07-17,麻煩處理一下，交易 T01347：外幣匯率跟官網公告差很多，分行說要我自己處理，請重新計算。請盡快回覆。
C00150,A0727,T01624,2024-04-24,想反映一件事：交易 T01624：差點就當成盜用報案了，查了才知道是自己訂閱的服務續約，希望可以減免。謝謝。
C00151,A0450,T01363,2024-01-27,麻煩處理一下，交易 T01363：退款申請送出三週了還沒有消息，App 上查不到紀錄，請說明原因。希望今天能處理。
C00152,A0472,T01091,2024-09-20,想反映一件事：交易 T01091：我的卡被盜刷了。我已經報警了，請當作冒用處理。請盡快回覆。
C00153,A0419,T00469,2024-03-04,想反映一件事：交易 T00469：這筆交易未經我同意。家人都確認過沒用過這張卡，要求調查是誰用的。希望今天能處理。
C00154,A0176,T01573,2024-05-14,想反映一件事：交易 T01573：ATM 吐鈔少了一張但全額扣款，App 上查不到紀錄，希望可以退還。
C00155,A0409,T01374,2024-01-14,交易 T01374：退款申請送出三週了還沒有消息，請說明原因。謝謝。
C00156,A0163,T01757,2024-01-06,你好，交易 T01757：外幣匯率跟官網公告差很多，分行說要我自己處理，請說明原因。
C00157,A0601,T02519,2024-06-18,麻煩處理一下，交易 T02519：一開始懷疑卡片被冒用，打電話問才知道是年費，只是金額跟發票不符。麻煩了。
C00158,A0013,X00161,2024-09-08,麻煩處理一下，交易 X00161：同一筆消費被扣了兩次，已經寫信反映過一次，請重新計算。請盡快回覆。
C00159,A0058,X00125,2024-04-02,急件！交易 X00125：手續費沒有事先告知，客服電話一直打不通，請協助處理。
C00160,A0079,T00535,2024-05-10,想反映一件事：交易 T00535：看到通知還以為是詐騙，後來想起是小孩用我手機買點數，只是金額跟發票不符。
C00161,A0778,T00356,2024-09-01,急件！交易 T00356：出現一筆陌生的消費。卡一直在我身上，請當作冒用處理。希望今天能處理。
C00162,A0497,T01542,2024-10-14,你好，交易 T01542：優惠回饋金一直沒有入帳，已經寫信反映過一次，請重新計算。謝謝。
C00163,A0336,T01838,2024-02-12,你好，交易 T01838：手續費沒有事先告知，App 上查不到紀錄，請盡快回覆。謝謝。
C00164,A0611,T01332,2024-11-22,麻煩處理一下，交易 T01332：出現一筆陌生的消費。那天我人在國外，請協助爭議款處理。
C00165,A0096,T01535,2024-08-21,想反映一件事：交易 T01535：手續費沒有事先告知，請重新計算。
C00166,A0336,T01871,2024-12-24,客服您好，交易 T01871：手續費沒有事先告知，分行說要我自己處理，希望可以退還。已經是第二次反映了。
C00167,A0161,T00972,2024-12-10,想反映一件事：交易 T00972：優惠回饋金一直沒有入帳，App 上查不到紀錄，希望可以退還。謝謝。
C00168,A0213,T01904,2024-06-22,想反映一件事：交易 T01904：ATM 吐鈔少了一張但全額扣款，App 上查不到紀錄，請重新計算。麻煩了。
C00169,A0463,T00945,2024-12-08,客服您好，交易 T00945：這個商家我從沒聽過，卻扣了我的錢。卡一直在我身上，懷疑資料外洩，請查明。已經是第二次反映了。
C00170,A0392,T00459,2024-01-17,想反映一件事：交易 T00459：外幣匯率跟官網公告差很多，分行說要我自己處理，希望可以退還。謝謝。
C00171,A0617,T00630,2024-04-08,交易 T00630：我從來沒有刷過這筆。手機沒收到任何驗證碼，請盡快把錢退回來。已經是第二次反映了。
C00172,A0443,T00430,2024-10-15,客服您好，交易 T00430：實際扣款比收據多了一些，請說明原因。希望今天能處理。
C00173,A0553,T02204,2024-08-28,客服您好，交易 T02204：分期利息跟當初說的不一樣，客服電話一直打不通，希望可以退還。已經是第二次反映了。
C00174,A0015,T00729,2024-03-02,您好，交易 T00729：手續費沒有事先告知，分行說要我自己處理，請協助處理。
C00175,A0228,T01306,2024-03-17,您好，交易 T01306：實際扣款比收據多了一些，App 上查不到紀錄，希望可以退還。已經是第二次反映了。
C00176,A0344,T02583,2024-12-26,交易 T02583：差點就當成盜用報案了，查了才知道是自己訂閱的服務續約，想問能不能退。
C00177,A0513,T00099,2024-01-05,客服您好，交易 T00099：本來想申報陌生扣款，查了才知道是自己訂閱的服務續約，但店員多打了一個零。希望今天能處理。
C00178,A0175,T01806,2024-07-02,麻煩處理一下，交易 T01806：出現一筆陌生的消費。那天我人在國外，請協助爭議款處理。希望今天能處理。
C00179,A0056,T00393,2024-01-28,想反映一件事：交易 T00393：這筆交易未經我同意。時間是半夜三點，我在睡覺，請協助爭議款處理。謝謝。
C00180,A0040,T00100,2024-06-23,客服您好，交易 T00100：分期利息跟當初說的不一樣，客服電話一直打不通，希望可以退還。謝謝。
C00181,A0066,X00174,2024-10-14,麻煩處理一下，交易 X00174：實際扣款比收據多了一些，App 上查不到紀錄，請說明原因。
C00182,A0334,T01979,2024-04-07,您好，交易 T01979：優惠回饋金一直沒有入帳，已經寫信反映過一次，希望可以退還。請盡快回覆。
C00183,A0112,T00234,2024-03-28,交易 T00234：這筆交易未經我同意。那天我人在國外，請盡快把錢退回來。已經是第二次反映了。
C00184,A0699,T01761,2024-02-03,交易 T01761：付款時一直跳錯誤卻被扣了錢，已經寫信反映過一次，希望可以退還。謝謝。
C00185,A0296,T02017,2024-04-12,麻煩處理一下，交易 T02017：外幣匯率跟官網公告差很多，已經寫信反映過一次，請說明原因。希望今天能處理。
C00186,A0189,T00994,2024-12-16,交易 T00994：同一筆消費被扣了兩次，已經寫信反映過一次，希望可以退還。希望今天能處理。
C00187,A0757,T00352,2024-11-14,想反映一件事：交易 T00352：同一筆消費被扣了兩次，App 上查不到紀錄，請協助處理。謝謝。
C00188,A0143,T02294,2024-03-16,想反映一件事：交易 T02294：手續費沒有事先告知，請協助處理。請盡快回覆。
C00189,A0560,T02305,2024-07-24,急件！交易 T02305：退款申請送出三週了還沒有消息，請盡快回覆。謝謝。
C00190,A0721,T01929,2024-08-16,交易 T01929：實際扣款比收據多了一些，請協助處理。請盡快回覆。
C00191,A0041,X00144,2024-11-11,你好，交易 X00144：差點就當成盜用報案了，後來發現是家人刷的，但退款到現在還沒入帳。
C00192,A0603,T02132,2024-04-27,您好，交易 T02132：手續費沒有事先告知，客服電話一直打不通，請協助處理。
C00193,A0721,T01929,2024-08-16,你好，交易 T01929：本來想申報陌生扣款，打電話問才知道是年費，但退款到現在還沒入帳。希望今天能處理。
C00194,A0558,T01511,2024-09-16,您好，交易 T01511：我從來沒有刷過這筆。手機沒收到任何驗證碼，請當作冒用處理。希望今天能處理。
C00195,A0376,T00094,2024-04-05,交易 T00094：出現一筆陌生的消費。手機沒收到任何驗證碼，懷疑資料外洩，請查明。希望今天能處理。
C00196,A0097,T01161,2024-01-27,麻煩處理一下，交易 T01161：一開始懷疑卡片被冒用，後來發現是家人刷的，只是想確認帳單日期。麻煩了。
C00197,A0041,X00033,2024-07-03,急件！交易 X00033：手續費沒有事先告知，分行說要我自己處理，請協助處理。已經是第二次反映了。
C00198,A0450,T01065,2024-07-06,你好，交易 T01065：一開始懷疑卡片被冒用，打電話問才知道是年費，希望可以減免。謝謝。
C00199,A0431,T00538,2024-02-08,客服您好，交易 T00538：外幣匯率跟官網公告差很多，App 上查不到紀錄，請說明原因。希望今天能處理。
C00200,A0167,T00731,2024-08-16,交易 T00731：本來想申報陌生扣款，結果確認是我自己買的，但店員多打了一個零。請盡快回覆。
C00201,A0380,T01370,2024-11-17,麻煩處理一下，交易 T01370：有人冒用我的帳號付款。密碼好像被別人拿走了，請盡快把錢退回來。已經是第二次反映了。
C00202,A0487,T01926,2024-07-28,你好，交易 T01926：實際扣款比收據多了一些，請盡快回覆。已經是第二次反映了。
C00203,A0368,T01807,2024-01-13,想反映一件事：交易 T01807：退款申請送出三週了還沒有消息，App 上查不到紀錄，請協助處理。已經是第二次反映了。
C00204,A0041,X00254,2024-10-06,麻煩處理一下，交易 X00254：外幣匯率跟官網公告差很多，分行說要我自己處理，請重新計算。
C00205,A0557,T02251,2024-08-28,客服您好，交易 T02251：ATM 吐鈔少了一張但全額扣款，App 上查不到紀錄，請盡快回覆。麻煩了。
C00206,A0681,T00661,2024-11-18,想反映一件事：交易 T00661：外幣匯率跟官網公告差很多，客服電話一直打不通，請盡快回覆。請盡快回覆。
C00207,A0662,T01508,2024-10-24,想反映一件事：交易 T01508：這筆不是我本人操作的。卡一直在我身上，請當作冒用處理。已經是第二次反映了。
C00208,A0046,T02320,2024-11-11,你好，交易 T02320：退款申請送出三週了還沒有消息，客服電話一直打不通，請重新計算。謝謝。
C00209,A0727,T01296,2024-07-21,客服您好，交易 T01296：我原本以為被盜刷，打電話問才知道是年費，只是金額跟發票不符。麻煩了。
C00210,A0306,T01691,2024-10-25,客服您好，交易 T01691：看到通知還以為是詐騙，查了才知道是自己訂閱的服務續約，想問怎麼取消。請盡快回覆。
C00211,A0239,T01421,2024-07-13,客服您好，交易 T01421：付款時一直跳錯誤卻被扣了錢，分行說要我自己處理，請協助處理。謝謝。
C00212,A0586,T01331,2024-04-03,急件！交易 T01331：優惠回饋金一直沒有入帳，已經寫信反映過一次，請盡快回覆。
C00213,A0585,T00618,2024-07-06,急件！交易 T00618：手續費沒有事先告知，已經寫信反映過一次，請重新計算。已經是第二次反映了。
C00214,A0288,T02316,2024-11-01,客服您好，交易 T02316：我原本以為被盜刷，後來發現是家人刷的，但店員多打了一個零。謝謝。
C00215,A0684,T01901,2024-05-13,麻煩處理一下，交易 T01901：退款申請送出三週了還沒有消息，已經寫信反映過一次，希望可以退還。已經是第二次反映了。
C00216,A0385,T01730,2024-06-11,麻煩處理一下，交易 T01730：手續費沒有事先告知，分行說要我自己處理，請盡快回覆。已經是第二次反映了。
C00217,A0592,T01708,2024-02-17,你好，交易 T01708：我原本以為被盜刷，結果確認是我自己買的，想問怎麼取消。希望今天能處理。
C00218,A0156,T02210,2024-06-24,急件！交易 T02210：同一筆消費被扣了兩次，分行說要我自己處理，希望可以退還。希望今天能處理。
C00219,A0657,T01183,2024-06-10,你好，交易 T01183：優惠回饋金一直沒有入帳，App 上查不到紀錄，請重新計算。希望今天能處理。
C00220,A0225,T01952,2024-10-01,想反映一件事：交易 T01952：ATM 吐鈔少了一張但全額扣款，分行說要我自己處理，請協助處理。請盡快回覆。
C00221,A0442,T02027,2024-08-28,您好，交易 T02027：外幣匯率跟官網公告差很多，已經寫信反映過一次，請重新計算。請盡快回覆。
C00222,A0554,T00243,2024-06-11,您好，交易 T00243：退款申請送出三週了還沒有消息，分行說要我自己處理，請協助處理。麻煩了。
C00223,A0470,T01564,2024-03-16,想反映一件事：交易 T01564：本來想申報陌生扣款，後來發現是家人刷的，但退款到現在還沒入帳。請盡快回覆。
C00224,A0004,T00676,2024-10-22,交易 T00676：我的卡被盜刷了。手機沒收到任何驗證碼，請盡快把錢退回來。
C00225,A0260,T02069,2024-06-16,你好，交易 T02069：一開始懷疑卡片被冒用，後來想起是小孩用我手機買點數，希望可以減免。請盡快回覆。
C00226,A0779,T02099,2024-02-27,麻煩處理一下，交易 T02099：優惠回饋金一直沒有入帳，希望可以退還。麻煩了。
C00227,A0136,T02011,2024-04-09,急件！交易 T02011：本來想申報陌生扣款，結果確認是我自己買的，但店員多打了一個零。麻煩了。
C00228,A0033,T00414,2024-01-19,想反映一件事：交易 T00414：有人冒用我的帳號付款。密碼好像被別人拿走了，要求調查是誰用的。已經是第二次反映了。
C00229,A0573,T00158,2024-03-12,想反映一件事：交易 T00158：我原本以為被盜刷，後來發現是家人刷的，想問怎麼取消。請盡快回覆。
C00230,A0486,T00969,2024-06-04,交易 T00969：手續費沒有事先告知，App 上查不到紀錄，請說明原因。
C00231,A0683,T00620,2024-07-16,交易 T00620：看到通知還以為是詐騙，查了才知道是自己訂閱的服務續約，但退款到現在還沒入帳。謝謝。
C00232,A0013,X00152,2024-05-13,想反映一件事：交易 X00152：外幣匯率跟官網公告差很多，希望可以退還。
C00233,A0147,T02127,2024-02-05,麻煩處理一下，交易 T02127：實際扣款比收據多了一些，App 上查不到紀錄，請協助處理。麻煩了。
C00234,A0058,X00315,2024-02-25,交易 X00315：分期利息跟當初說的不一樣，已經寫信反映過一次，請協助處理。謝謝。
C00235,A0571,T00678,2024-02-26,麻煩處理一下，交易 T00678：同一筆消費被扣了兩次，請盡快回覆。請盡快回覆。
C00236,A0592,T01323,2024-04-23,想反映一件事：交易 T01323：付款時一直跳錯誤卻被扣了錢，已經寫信反映過一次，請盡快回覆。希望今天能處理。
C00237,A0037,T01037,2024-02-23,麻煩處理一下，交易 T01037：帳單上出現一筆我完全不認得的扣款。密碼好像被別人拿走了，請立刻凍結並退回款項。謝謝。
C00238,A0296,T02017,2024-04-12,麻煩處理一下，交易 T02017：ATM 吐鈔少了一張但全額扣款，請協助處理。希望今天能處理。
C00239,A0418,T01825,2024-06-19,您好，交易 T01825：這筆交易未經我同意。家人都確認過沒用過這張卡，請立刻凍結並退回款項。希望今天能處理。
C00240,A0501,T02116,2024-04-19,你好，交易 T02116：外幣匯率跟官網公告差很多，客服電話一直打不通，請重新計算。
C00241,A0463,T00044,2024-03-13,交易 T00044：看到通知還以為是詐騙，後來想起是小孩用我手機買點數，只是金額跟發票不符。麻煩了。
C00242,A0032,T00149,2024-07-23,交易 T00149：外幣匯率跟官網公告差很多，客服電話一直打不通，請協助處理。麻煩了。
C00243,A0238,T01382,2024-03-11,急件！交易 T01382：外幣匯率跟官網公告差很多，客服電話一直打不通，請重新計算。已經是第二次反映了。
C00244,A0415,T00725,2024-08-17,您好，交易 T00725：優惠回饋金一直沒有入帳，App 上查不到紀錄，請協助處理。麻煩了。
C00245,A0172,T02556,2024-03-18,交易 T02556：帳單上出現一筆我完全不認得的扣款。家人都確認過沒用過這張卡，請盡快把錢退回來。
C00246,A0058,X00019,2024-02-10,你好，交易 X00019：我的卡被盜刷了。家人都確認過沒用過這張卡，請立刻凍結並退回款項。已經是第二次反映了。
C00247,A0040,T00100,2024-06-23,想反映一件事：交易 T00100：優惠回饋金一直沒有入帳，請協助處理。已經是第二次反映了。
C00248,A0067,T01307,2024-12-23,你好，交易 T01307：朋友說這種扣款可能是盜刷，查了才知道是自己訂閱的服務續約，只是想確認帳單日期。謝謝。
C00249,A0659,T01687,2024-06-07,麻煩處理一下，交易 T01687：手續費沒有事先告知，請重新計算。已經是第二次反映了。
C00250,A0603,T02265,2024-03-16,交易 T02265：外幣匯率跟官網公告差很多，已經寫信反映過一次，希望可以退還。
C00251,A0566,T02254,2024-12-12,急件！交易 T02254：ATM 吐鈔少了一張但全額扣款，希望可以退還。麻煩了。
C00252,A0557,T02049,2024-04-26,客服您好，交易 T02049：外幣匯率跟官網公告差很多，請協助處理。麻煩了。
C00253,A0411,T01409,2024-06-20,客服您好，交易 T01409：付款時一直跳錯誤卻被扣了錢，App 上查不到紀錄，請盡快回覆。麻煩了。
C00254,A0429,T00713,2024-07-02,客服您好，交易 T00713：這筆交易未經我同意。卡一直在我身上，請當作冒用處理。麻煩了。
C00255,A0001,T00106,2024-07-05,交易 T00106：這筆交易未經我同意。手機沒收到任何驗證碼，要求調查是誰用的。
C00256,A0340,T00036,2024-06-02,客服您好，交易 T00036：外幣匯率跟官網公告差很多，希望可以退還。
C00257,A0632,T02334,2024-03-05,急件！交易 T02334：外幣匯率跟官網公告差很多，分行說要我自己處理，希望可以退還。已經是第二次反映了。
C00258,A0199,T00163,2024-01-17,您好，交易 T00163：ATM 吐鈔少了一張但全額扣款，客服電話一直打不通，請說明原因。已經是第二次反映了。
C00259,A0006,T02169,2024-04-07,你好，交易 T02169：分期利息跟當初說的不一樣，已經寫信反映過一次，請協助處理。希望今天能處理。
C00260,A0762,T00451,2024-09-28,急件！交易 T00451：我從來沒有刷過這筆。密碼好像被別人拿走了，請盡快把錢退回來。希望今天能處理。
C00261,A0416,T00697,2024-06-28,客服您好，交易 T00697：付款時一直跳錯誤卻被扣了錢，分行說要我自己處理，請重新計算。希望今天能處理。
C00262,A0041,X00319,2024-06-11,麻煩處理一下，交易 X00319：退款申請送出三週了還沒有消息，客服電話一直打不通，請盡快回覆。麻煩了。
C00263,A0216,T02077,2024-08-18,您好，交易 T02077：我從來沒有刷過這筆。卡一直在我身上，懷疑資料外洩，請查明。請盡快回覆。
C00264,A0740,T01963,2024-12-09,客服您好，交易 T01963：付款時一直跳錯誤卻被扣了錢，客服電話一直打不通，請重新計算。謝謝。
C00265,A0322,T00063,2024-06-17,急件！交易 T00063：一開始懷疑卡片被冒用，打電話問才知道是年費，想問能不能退。希望今天能處理。
C00266,A0096,T01900,2024-06-27,交易 T01900：手續費沒有事先告知，請盡快回覆。謝謝。
C00267,A0147,T01818,2024-04-03,你好，交易 T01818：分期利息跟當初說的不一樣，請協助處理。希望今天能處理。
C00268,A0720,T02402,2024-12-25,客服您好，交易 T02402：分期利息跟當初說的不一樣，App 上查不到紀錄，請協助處理。麻煩了。
C00269,A0051,T02276,2024-06-10,麻煩處理一下，交易 T02276：差點就當成盜用報案了，核對後是我在店裡刷的，想問怎麼取消。已經是第二次反映了。
C00270,A0013,X00041,2024-06-05,你好，交易 X00041：一開始懷疑卡片被冒用，查了才知道是自己訂閱的服務續約，但退款到現在還沒入帳。麻煩了。
C00271,A0153,T02315,2024-01-16,你好，交易 T02315：同一筆消費被扣了兩次，App 上查不到紀錄，請重新計算。謝謝。
C00272,A0003,T00623,2024-09-15,想反映一件事：交易 T00623：這個商家我從沒聽過，卻扣了我的錢。我已經報警了，請協助爭議款處理。已經是第二次反映了。
C00273,A0369,T00955,2024-11-05,急件！交易 T00955：分期利息跟當初說的不一樣，App 上查不到紀錄，請說明原因。麻煩了。
C00274,A0230,T02199,2024-07-27,您好，交易 T02199：這筆不是我本人操作的。手機沒收到任何驗證碼，請協助爭議款處理。已經是第二次反映了。
C00275,A0796,T02184,2024-10-15,交易 T02184：我原本以為被盜刷，後來想起是小孩用我手機買點數，希望可以減免。希望今天能處理。
C00276,A0727,T01296,2024-07-21,急件！交易 T01296：這個商家我從沒聽過，卻扣了我的錢。時間是半夜三點，我在睡覺，懷疑資料外洩，請查明。
C00277,A0442,T02027,2024-08-28,您好，交易 T02027：付款時一直跳錯誤卻被扣了錢，客服電話一直打不通，希望可以退還。已經是第二次反映了。
C00278,A0553,T01995,2024-09-12,您好，交易 T01995：實際扣款比收據多了一些，已經寫信反映過一次，請協助處理。
C00279,A0366,T00843,2024-06-18,急件！交易 T00843：同一筆消費被扣了兩次，分行說要我自己處理，請說明原因。
C00280,A0313,T00758,2024-01-18,急件！交易 T00758：帳單上出現一筆我完全不認得的扣款。時間是半夜三點，我在睡覺，請盡快把錢退回來。
C00281,A0112,T01289,2024-09-01,您好，交易 T01289：差點就當成盜用報案了，結果確認是我自己買的，想問能不能退。已經是第二次反映了。
C00282,A0405,T00904,2024-03-24,急件！交易 T00904：退款申請送出三週了還沒有消息，App 上查不到紀錄，請盡快回覆。希望今天能處理。
C00283,A0796,T01006,2024-06-07,麻煩處理一下，交易 T01006：付款時一直跳錯誤卻被扣了錢，請盡快回覆。謝謝。
C00284,A0048,T00919,2024-07-24,客服您好，交易 T00919：退款申請送出三週了還沒有消息，App 上查不到紀錄，請說明原因。希望今天能處理。
C00285,A0409,T02187,2024-08-01,麻煩處理一下，交易 T02187：朋友說這種扣款可能是盜刷，後來發現是家人刷的，希望可以減免。已經是第二次反映了。
C00286,A0541,T01463,2024-07-16,您好，交易 T01463：ATM 吐鈔少了一張但全額扣款，請重新計算。謝謝。
C00287,A0578,T02431,2024-03-11,您好，交易 T02431：帳單上出現一筆我完全不認得的扣款。手機沒收到任何驗證碼，要求調查是誰用的。希望今天能處理。
C00288,A0463,T00945,2024-12-08,急件！交易 T00945：優惠回饋金一直沒有入帳，已經寫信反映過一次，請協助處理。希望今天能處理。
C00289,A0336,T01871,2024-12-24,您好，交易 T01871：實際扣款比收據多了一些，已經寫信反映過一次，請協助處理。謝謝。
C00290,A0109,T01823,2024-12-16,交易 T01823：付款時一直跳錯誤卻被扣了錢，客服電話一直打不通，請協助處理。希望今天能處理。
C00291,A0272,T00561,2024-06-17,客服您好，交易 T00561：這個商家我從沒聽過，卻扣了我的錢。卡一直在我身上，請盡快把錢退回來。
C00292,A0508,T01718,2024-11-21,客服您好，交易 T01718：我的卡被盜刷了。那天我人在國外，請立刻凍結並退回款項。已經是第二次反映了。
C00293,A0381,T02231,2024-02-21,交易 T02231：實際扣款比收據多了一些，App 上查不到紀錄，請說明原因。
C00294,A0071,T01288,2024-10-24,客服您好，交易 T01288：這筆交易未經我同意。密碼好像被別人拿走了，請立刻凍結並退回款項。麻煩了。
C00295,A0041,X00192,2024-08-21,客服您好，交易 X00192：我從來沒有刷過這筆。家人都確認過沒用過這張卡，懷疑資料外洩，請查明。請盡快回覆。
C00296,A0046,T02320,2024-11-11,您好，交易 T02320：分期利息跟當初說的不一樣，分行說要我自己處理，請盡快回覆。
C00297,A0105,T01196,2024-08-08,想反映一件事：交易 T01196：優惠回饋金一直沒有入帳，請重新計算。
C00298,A0256,T02057,2024-08-26,麻煩處理一下，交易 T02057：出現一筆陌生的消費。卡一直在我身上，請協助爭議款處理。已經是第二次反映了。
C00299,A0633,T01506,2024-10-27,麻煩處理一下，交易 T01506：出現一筆陌生的消費。卡一直在我身上，請立刻凍結並退回款項。
C00300,A0676,T00313,2024-02-24,交易 T00313：手續費沒有事先告知，客服電話一直打不通，請盡快回覆。請盡快回覆。
C00301,A0758,T00728,2024-02-11,您好，交易 T00728：有人冒用我的帳號付款。那天我人在國外，懷疑資料外洩，請查明。請盡快回覆。
C00302,A0650,T00047,2024-05-18,您好，交易 T00047：分期利息跟當初說的不一樣，希望可以退還。請盡快回覆。
C00303,A0419,T02178,2024-03-02,交易 T02178：同一筆消費被扣了兩次，客服電話一直打不通，請協助處理。希望今天能處理。
C00304,A0387,T00771,2024-04-18,想反映一件事：交易 T00771：退款申請送出三週了還沒有消息，客服電話一直打不通，請盡快回覆。謝謝。
C00305,A0461,T00871,2024-11-24,想反映一件事：交易 T00871：朋友說這種扣款可能是盜刷，後來發現是家人刷的，希望可以減免。麻煩了。
C00306,A0748,T02369,2024-05-09,你好，交易 T02369：ATM 吐鈔少了一張但全額扣款，客服電話一直打不通，請重新計算。已經是第二次反映了。
C00307,A0393,T01159,2024-04-04,急件！交易 T01159：這個商家我從沒聽過，卻扣了我的錢。我已經報警了，請當作冒用處理。謝謝。
C00308,A0028,T00898,2024-11-20,急件！交易 T00898：分期利息跟當初說的不一樣，分行說要我自己處理，希望可以退還。
C00309,A0374,T00988,2024-06-09,急件！交易 T00988：我從來沒有刷過這筆。那天我人在國外，請盡快把錢退回來。希望今天能處理。
C00310,A0248,T02232,2024-12-15,麻煩處理一下，交易 T02232：我原本以為被盜刷，核對後是我在店裡刷的，只是金額跟發票不符。請盡快回覆。
C00311,A0194,T01792,2024-02-23,交易 T01792：退款申請送出三週了還沒有消息，已經寫信反映過一次，請協助處理。謝謝。
C00312,A0249,T00749,2024-03-16,客服您好，交易 T00749：手續費沒有事先告知，分行說要我自己處理，請盡快回覆。希望今天能處理。
C00313,A0675,T01986,2024-11-17,麻煩處理一下，交易 T01986：手續費沒有事先告知，客服電話一直打不通，請協助處理。謝謝。
C00314,A0174,T01326,2024-12-06,想反映一件事：交易 T01326：外幣匯率跟官網公告差很多，分行說要我自己處理，希望可以退還。希望今天能處理。
C00315,A0220,T00373,2024-06-22,你好，交易 T00373：有人冒用我的帳號付款。那天我人在國外，懷疑資料外洩，請查明。
C00316,A0655,T02442,2024-10-02,您好，交易 T02442：一開始懷疑卡片被冒用，後來發現是家人刷的，但退款到現在還沒入帳。希望今天能處理。
C00317,A0477,T01320,2024-10-17,你好，交易 T01320：朋友說這種扣款可能是盜刷，查了才知道是自己訂閱的服務續約，想問怎麼取消。麻煩了。
C00318,A0541,T02062,2024-07-18,交易 T02062：這個商家我從沒聽過，卻扣了我的錢。時間是半夜三點，我在睡覺，懷疑資料外洩，請查明。已經是第二次反映了。
C00319,A0720,T01054,2024-06-11,您好，交易 T01054：同一筆消費被扣了兩次，客服電話一直打不通，請重新計算。麻煩了。
C00320,A0576,T01679,2024-07-26,交易 T01679：這筆不是我本人操作的。時間是半夜三點，我在睡覺，請協助爭議款處理。希望今天能處理。
C00321,A0032,T01619,2024-11-01,麻煩處理一下，交易 T01619：退款申請送出三週了還沒有消息，App 上查不到紀錄，希望可以退還。請盡快回覆。
C00322,A0027,X00265,2024-04-13,你好，交易 X00265：外幣匯率跟官網公告差很多，已經寫信反映過一次，希望可以退還。已經是第二次反映了。
C00323,A0553,T02204,2024-08-28,交易 T02204：我的卡被盜刷了。那天我人在國外，請立刻凍結並退回款項。已經是第二次反映了。
C00324,A0217,T02083,2024-12-22,急件！交易 T02083：同一筆消費被扣了兩次，客服電話一直打不通，請說明原因。麻煩了。
C00325,A0478,T01204,2024-01-24,交易 T01204：分期利息跟當初說的不一樣，App 上查不到紀錄，請盡快回覆。希望今天能處理。
C00326,A0798,T01116,2024-01-08,你好，交易 T01116：ATM 吐鈔少了一張但全額扣款，分行說要我自己處理，希望可以退還。
C00327,A0410,T01398,2024-01-16,麻煩處理一下，交易 T01398：付款時一直跳錯誤卻被扣了錢，客服電話一直打不通，希望可以退還。已經是第二次反映了。
C00328,A0410,T01398,2024-01-16,麻煩處理一下，交易 T01398：外幣匯率跟官網公告差很多，App 上查不到紀錄，請盡快回覆。麻煩了。
C00329,A0310,T01378,2024-11-24,麻煩處理一下，交易 T01378：同一筆消費被扣了兩次，請盡快回覆。希望今天能處理。
C00330,A0296,T02351,2024-10-01,想反映一件事：交易 T02351：退款申請送出三週了還沒有消息，已經寫信反映過一次，請說明原因。請盡快回覆。
C00331,A0439,T00102,2024-11-14,客服您好，交易 T00102：同一筆消費被扣了兩次，請說明原因。
C00332,A0693,T01231,2024-03-14,您好，交易 T01231：我的卡被盜刷了。那天我人在國外，要求調查是誰用的。麻煩了。
C00333,A0676,T02538,2024-08-12,你好，交易 T02538：這筆交易未經我同意。我已經報警了，請當作冒用處理。已經是第二次反映了。
C00334,A0442,T02027,2024-08-28,急件！交易 T02027：退款申請送出三週了還沒有消息，App 上查不到紀錄，請說明原因。請盡快回覆。
C00335,A0317,T02177,2024-12-23,交易 T02177：退款申請送出三週了還沒有消息，分行說要我自己處理，希望可以退還。
C00336,A0580,T00452,2024-07-25,交易 T00452：付款時一直跳錯誤卻被扣了錢，分行說要我自己處理，希望可以退還。
C00337,A0729,T02298,2024-11-11,你好，交易 T02298：ATM 吐鈔少了一張但全額扣款，客服電話一直打不通，希望可以退還。請盡快回覆。
C00338,A0342,T01033,2024-02-10,您好，交易 T01033：有人冒用我的帳號付款。卡一直在我身上，請協助爭議款處理。謝謝。
C00339,A0027,X00108,2024-05-16,客服您好，交易 X00108：一開始懷疑卡片被冒用，結果確認是我自己買的，想問怎麼取消。已經是第二次反映了。
C00340,A0373,T00734,2024-03-09,您好，交易 T00734：付款時一直跳錯誤卻被扣了錢，分行說要我自己處理，請重新計算。希望今天能處理。
C00341,A0230,T01894,2024-05-10,交易 T01894：優惠回饋金一直沒有入帳，已經寫信反映過一次，請盡快回覆。已經是第二次反映了。
C00342,A0117,T01465,2024-12-03,客服您好，交易 T01465：實際扣款比收據多了一些，分行說要我自己處理，請盡快回覆。謝謝。
C00343,A0578,T01855,2024-11-07,急件！交易 T01855：有人冒用我的帳號付款。我已經報警了，請協助爭議款處理。請盡快回覆。
C00344,A0424,T01641,2024-03-14,想反映一件事：交易 T01641：這筆交易未經我同意。密碼好像被別人拿走了，要求調查是誰用的。希望今天能處理。
C00345,A0085,T01230,2024-06-26,交易 T01230：這筆不是我本人操作的。密碼好像被別人拿走了，請立刻凍結並退回款項。
C00346,A0447,T01009,2024-07-08,麻煩處理一下，交易 T01009：ATM 吐鈔少了一張但全額扣款，App 上查不到紀錄，請重新計算。請盡快回覆。
C00347,A0687,T00020,2024-05-02,急件！交易 T00020：這筆不是我本人操作的。時間是半夜三點，我在睡覺，請立刻凍結並退回款項。謝謝。
C00348,A0013,X00169,2024-06-25,交易 X00169：朋友說這種扣款可能是盜刷，查了才知道是自己訂閱的服務續約，想問怎麼取消。
C00349,A0127,T01572,2024-07-22,客服您好，交易 T01572：同一筆消費被扣了兩次，分行說要我自己處理，請盡快回覆。希望今天能處理。
C00350,A0245,T00551,2024-12-12,麻煩處理一下，交易 T00551：付款時一直跳錯誤卻被扣了錢，客服電話一直打不通，請說明原因。麻煩了。
C00351,A0446,T01316,2024-02-21,麻煩處理一下，交易 T01316：差點就當成盜用報案了，後來發現是家人刷的，希望可以減免。已經是第二次反映了。
C00352,A0004,T00676,2024-10-22,您好，交易 T00676：有人冒用我的帳號付款。時間是半夜三點，我在睡覺，請立刻凍結並退回款項。麻煩了。
C00353,A0535,T00003,2024-05-03,麻煩處理一下，交易 T00003：帳單上出現一筆我完全不認得的扣款。密碼好像被別人拿走了，請當作冒用處理。麻煩了。
C00354,A0526,T02349,2024-06-24,您好，交易 T02349：本來想申報陌生扣款，後來發現是家人刷的，只是金額跟發票不符。
C00355,A0370,T02006,2024-06-15,交易 T02006：退款申請送出三週了還沒有消息，App 上查不到紀錄，希望可以退還。
C00356,A0152,T02564,2024-11-22,你好，交易 T02564：付款時一直跳錯誤卻被扣了錢，分行說要我自己處理，請重新計算。希望今天能處理。
C00357,A0286,T00914,2024-03-22,交易 T00914：ATM 吐鈔少了一張但全額扣款，希望可以退還。希望今天能處理。
C00358,A0128,T00348,2024-04-15,客服您好，交易 T00348：出現一筆陌生的消費。那天我人在國外，要求調查是誰用的。已經是第二次反映了。
C00359,A0731,T01195,2024-05-08,您好，交易 T01195：外幣匯率跟官網公告差很多，分行說要我自己處理，請說明原因。
C00360,A0776,T01013,2024-08-16,麻煩處理一下，交易 T01013：ATM 吐鈔少了一張但全額扣款，App 上查不到紀錄，請說明原因。已經是第二次反映了。
C00361,A0371,T00377,2024-04-01,你好，交易 T00377：ATM 吐鈔少了一張但全額扣款，請協助處理。
C00362,A0285,T02047,2024-04-10,客服您好，交易 T02047：同一筆消費被扣了兩次，App 上查不到紀錄，希望可以退還。已經是第二次反映了。
C00363,A0721,T02282,2024-01-05,您好，交易 T02282：分期利息跟當初說的不一樣，客服電話一直打不通，希望可以退還。麻煩了。
C00364,A0402,T00721,2024-05-09,麻煩處理一下，交易 T00721：一開始懷疑卡片被冒用，核對後是我在店裡刷的，想問怎麼取消。謝謝。
C00365,A0277,T02544,2024-03-18,您好，交易 T02544：優惠回饋金一直沒有入帳，客服電話一直打不通，請重新計算。謝謝。
C00366,A0128,T00348,2024-04-15,想反映一件事：交易 T00348：實際扣款比收據多了一些，App 上查不到紀錄，請重新計算。請盡快回覆。
C00367,A0777,T01788,2024-10-27,客服您好，交易 T01788：這筆不是我本人操作的。手機沒收到任何驗證碼，請立刻凍結並退回款項。請盡快回覆。
C00368,A0117,T01834,2024-11-20,想反映一件事：交易 T01834：外幣匯率跟官網公告差很多，分行說要我自己處理，請盡快回覆。已經是第二次反映了。
C00369,A0561,T01897,2024-09-12,想反映一件事：交易 T01897：出現一筆陌生的消費。家人都確認過沒用過這張卡，請立刻凍結並退回款項。希望今天能處理。
C00370,A0325,T00117,2024-01-12,急件！交易 T00117：付款時一直跳錯誤卻被扣了錢，請重新計算。謝謝。
C00371,A0619,T01797,2024-01-05,急件！交易 T01797：優惠回饋金一直沒有入帳，已經寫信反映過一次，請協助處理。希望今天能處理。
C00372,A0459,T01467,2024-10-15,交易 T01467：優惠回饋金一直沒有入帳，分行說要我自己處理，請重新計算。麻煩了。
C00373,A0517,T01018,2024-04-03,想反映一件事：交易 T01018：手續費沒有事先告知，App 上查不到紀錄，請說明原因。請盡快回覆。
C00374,A0478,T01204,2024-01-24,客服您好，交易 T01204：付款時一直跳錯誤卻被扣了錢，請重新計算。已經是第二次反映了。
C00375,A0053,T00078,2024-04-28,急件！交易 T00078：外幣匯率跟官網公告差很多，分行說要我自己處理，請說明原因。
C00376,A0212,T01581,2024-12-04,急件！交易 T01581：差點就當成盜用報案了，打電話問才知道是年費，希望可以減免。謝謝。
C00377,A0210,T02287,2024-11-22,急件！交易 T02287：帳單上出現一筆我完全不認得的扣款。手機沒收到任何驗證碼，請協助爭議款處理。
C00378,A0469,T02335,2024-08-05,您好，交易 T02335：同一筆消費被扣了兩次，已經寫信反映過一次，請說明原因。請盡快回覆。
C00379,A0512,T02171,2024-11-06,急件！交易 T02171：分期利息跟當初說的不一樣，App 上查不到紀錄，希望可以退還。請盡快回覆。
C00380,A0013,X00129,2024-04-25,想反映一件事：交易 X00129：退款申請送出三週了還沒有消息，客服電話一直打不通，希望可以退還。謝謝。
C00381,A0252,T01867,2024-10-05,急件！交易 T01867：優惠回饋金一直沒有入帳，客服電話一直打不通，請盡快回覆。謝謝。
C00382,A0057,T02452,2024-09-08,交易 T02452：朋友說這種扣款可能是盜刷，核對後是我在店裡刷的，但店員多打了一個零。麻煩了。
C00383,A0328,T01094,2024-06-17,你好，交易 T01094：同一筆消費被扣了兩次，客服電話一直打不通，請重新計算。已經是第二次反映了。
C00384,A0475,T00343,2024-07-28,急件！交易 T00343：實際扣款比收據多了一些，客服電話一直打不通，請重新計算。
C00385,A0316,T00889,2024-07-06,你好，交易 T00889：付款時一直跳錯誤卻被扣了錢，客服電話一直打不通，請重新計算。已經是第二次反映了。
C00386,A0581,T02191,2024-07-03,客服您好，交易 T02191：手續費沒有事先告知，客服電話一直打不通，請盡快回覆。已經是第二次反映了。
C00387,A0180,T02297,2024-07-15,你好，交易 T02297：這個商家我從沒聽過，卻扣了我的錢。手機沒收到任何驗證碼，請立刻凍結並退回款項。
C00388,A0042,T01556,2024-11-11,急件！交易 T01556：出現一筆陌生的消費。時間是半夜三點，我在睡覺，請協助爭議款處理。請盡快回覆。
C00389,A0660,T00339,2024-03-15,想反映一件事：交易 T00339：ATM 吐鈔少了一張但全額扣款，客服電話一直打不通，請協助處理。麻煩了。
C00390,A0002,T01021,2024-01-05,客服您好，交易 T01021：我從來沒有刷過這筆。密碼好像被別人拿走了，請當作冒用處理。希望今天能處理。
C00391,A0174,T01638,2024-03-22,交易 T01638：這筆交易未經我同意。我已經報警了，請協助爭議款處理。已經是第二次反映了。
C00392,A0415,T01513,2024-01-10,交易 T01513：退款申請送出三週了還沒有消息，客服電話一直打不通，請協助處理。
C00393,A0220,T01697,2024-06-11,客服您好，交易 T01697：這筆不是我本人操作的。卡一直在我身上，懷疑資料外洩，請查明。已經是第二次反映了。
C00394,A0063,T00157,2024-10-17,急件！交易 T00157：這筆不是我本人操作的。手機沒收到任何驗證碼，要求調查是誰用的。已經是第二次反映了。
C00395,A0695,T02595,2024-06-18,想反映一件事：交易 T02595：優惠回饋金一直沒有入帳，客服電話一直打不通，請協助處理。
C00396,A0205,T01285,2024-04-06,麻煩處理一下，交易 T01285：這個商家我從沒聽過，卻扣了我的錢。我已經報警了，請協助爭議款處理。
C00397,A0003,T00679,2024-07-01,交易 T00679：這筆交易未經我同意。密碼好像被別人拿走了，要求調查是誰用的。麻煩了。
C00398,A0723,T02060,2024-12-15,您好，交易 T02060：這個商家我從沒聽過，卻扣了我的錢。密碼好像被別人拿走了，請協助爭議款處理。已經是第二次反映了。
C00399,A0127,T02308,2024-04-24,你好，交易 T02308：實際扣款比收據多了一些，已經寫信反映過一次，希望可以退還。希望今天能處理。
C00400,A0185,T00271,2024-08-21,交易 T00271：同一筆消費被扣了兩次，分行說要我自己處理，請重新計算。已經是第二次反映了。
C00401,A0101,T01978,2024-03-19,您好，交易 T01978：這個商家我從沒聽過，卻扣了我的錢。我已經報警了，懷疑資料外洩，請查明。希望今天能處理。
C00402,A0657,T01183,2024-06-10,客服您好，交易 T01183：付款時一直跳錯誤卻被扣了錢，App 上查不到紀錄，請說明原因。謝謝。
C00403,A0013,X00243,2024-12-25,想反映一件事：交易 X00243：退款申請送出三週了還沒有消息，分行說要我自己處理，請盡快回覆。希望今天能處理。
C00404,A0299,T01492,2024-08-22,麻煩處理一下，交易 T01492：ATM 吐鈔少了一張但全額扣款，App 上查不到紀錄，希望可以退還。謝謝。
C00405,A0100,T02181,2024-08-27,您好，交易 T02181：差點就當成盜用報案了，後來發現是家人刷的，想問能不能退。希望今天能處理。
C00406,A0788,T00031,2024-01-19,想反映一件事：交易 T00031：看到通知還以為是詐騙，後來發現是家人刷的，但店員多打了一個零。請盡快回覆。
C00407,A0360,T01414,2024-12-01,麻煩處理一下，交易 T01414：看到通知還以為是詐騙，核對後是我在店裡刷的，只是金額跟發票不符。
C00408,A0460,T01101,2024-04-18,客服您好，交易 T01101：本來想申報陌生扣款，打電話問才知道是年費，想問怎麼取消。已經是第二次反映了。
C00409,A0132,T01495,2024-09-05,交易 T01495：實際扣款比收據多了一些，希望可以退還。已經是第二次反映了。
C00410,A0228,T00400,2024-12-03,麻煩處理一下，交易 T00400：同一筆消費被扣了兩次，已經寫信反映過一次，希望可以退還。麻煩了。
C00411,A0357,T02324,2024-07-06,你好，交易 T02324：分期利息跟當初說的不一樣，請盡快回覆。謝謝。
C00412,A0548,T01856,2024-06-15,急件！交易 T01856：出現一筆陌生的消費。密碼好像被別人拿走了，要求調查是誰用的。請盡快回覆。
C00413,A0760,T01826,2024-08-12,客服您好，交易 T01826：實際扣款比收據多了一些，客服電話一直打不通，請說明原因。麻煩了。
C00414,A0288,T02162,2024-10-26,客服您好，交易 T02162：差點就當成盜用報案了，查了才知道是自己訂閱的服務續約，只是金額跟發票不符。謝謝。
C00415,A0424,T02526,2024-08-23,想反映一件事：交易 T02526：差點就當成盜用報案了，核對後是我在店裡刷的，但店員多打了一個零。希望今天能處理。
C00416,A0520,T00753,2024-11-28,客服您好，交易 T00753：朋友說這種扣款可能是盜刷，查了才知道是自己訂閱的服務續約，但退款到現在還沒入帳。麻煩了。
C00417,A0547,T01281,2024-03-02,交易 T01281：付款時一直跳錯誤卻被扣了錢，客服電話一直打不通，請重新計算。已經是第二次反映了。
C00418,A0461,T02155,2024-04-06,您好，交易 T02155：我原本以為被盜刷，查了才知道是自己訂閱的服務續約，只是金額跟發票不符。已經是第二次反映了。
C00419,A0603,T02265,2024-03-16,客服您好，交易 T02265：ATM 吐鈔少了一張但全額扣款，分行說要我自己處理，請說明原因。麻煩了。
C00420,A0336,T02396,2024-08-27,客服您好，交易 T02396：分期利息跟當初說的不一樣，分行說要我自己處理，請重新計算。麻煩了。
C00421,A0055,T00656,2024-01-16,麻煩處理一下，交易 T00656：實際扣款比收據多了一些，分行說要我自己處理，希望可以退還。麻煩了。
C00422,A0112,T01289,2024-09-01,你好，交易 T01289：看到通知還以為是詐騙，後來發現是家人刷的，想問能不能退。請盡快回覆。
C00423,A0526,T02349,2024-06-24,交易 T02349：優惠回饋金一直沒有入帳，App 上查不到紀錄，請重新計算。希望今天能處理。
C00424,A0010,T01999,2024-06-11,想反映一件事：交易 T01999：我從來沒有刷過這筆。時間是半夜三點，我在睡覺，請當作冒用處理。已經是第二次反映了。
C00425,A0215,T02361,2024-05-16,你好，交易 T02361：ATM 吐鈔少了一張但全額扣款，分行說要我自己處理，請盡快回覆。麻煩了。
C00426,A0618,T01667,2024-05-04,想反映一件事：交易 T01667：差點就當成盜用報案了，查了才知道是自己訂閱的服務續約，想問能不能退。已經是第二次反映了。
C00427,A0229,T01516,2024-10-23,想反映一件事：交易 T01516：實際扣款比收據多了一些，客服電話一直打不通，請說明原因。麻煩了。
C00428,A0395,T01490,2024-05-12,交易 T01490：這筆不是我本人操作的。卡一直在我身上，請盡快把錢退回來。
C00429,A0013,X00059,2024-10-27,麻煩處理一下，交易 X00059：有人冒用我的帳號付款。我已經報警了，請盡快把錢退回來。
C00430,A0408,T00253,2024-03-06,麻煩處理一下，交易 T00253：我的卡被盜刷了。那天我人在國外，要求調查是誰用的。請盡快回覆。
C00431,A0060,T01238,2024-07-08,急件！交易 T01238：優惠回饋金一直沒有入帳，已經寫信反映過一次，請協助處理。已經是第二次反映了。
C00432,A0418,T01825,2024-06-19,麻煩處理一下，交易 T01825：這筆不是我本人操作的。我已經報警了，請協助爭議款處理。已經是第二次反映了。
C00433,A0552,T00237,2024-02-20,交易 T00237：分期利息跟當初說的不一樣，App 上查不到紀錄，請盡快回覆。希望今天能處理。
C00434,A0582,T02234,2024-11-19,想反映一件事：交易 T02234：ATM 吐鈔少了一張但全額扣款，App 上查不到紀錄，請盡快回覆。
C00435,A0768,T02233,2024-07-18,交易 T02233：我原本以為被盜刷，查了才知道是自己訂閱的服務續約，想問怎麼取消。謝謝。
C00436,A0774,T00629,2024-02-06,想反映一件事：交易 T00629：分期利息跟當初說的不一樣，分行說要我自己處理，請協助處理。麻煩了。
C00437,A0412,T00790,2024-02-07,麻煩處理一下，交易 T00790：付款時一直跳錯誤卻被扣了錢，請重新計算。謝謝。
C00438,A0024,T02577,2024-02-15,客服您好，交易 T02577：優惠回饋金一直沒有入帳，客服電話一直打不通，請盡快回覆。謝謝。
C00439,A0162,T00553,2024-03-11,您好，交易 T00553：看到通知還以為是詐騙，打電話問才知道是年費，想問能不能退。已經是第二次反映了。
C00440,A0492,T00046,2024-12-25,你好，交易 T00046：帳單上出現一筆我完全不認得的扣款。家人都確認過沒用過這張卡，請當作冒用處理。
C00441,A0617,T00155,2024-09-12,客服您好，交易 T00155：出現一筆陌生的消費。我已經報警了，懷疑資料外洩，請查明。希望今天能處理。
C00442,A0631,T01341,2024-02-14,想反映一件事：交易 T01341：分期利息跟當初說的不一樣，客服電話一直打不通，請重新計算。謝謝。
C00443,A0607,T02486,2024-12-12,想反映一件事：交易 T02486：實際扣款比收據多了一些，分行說要我自己處理，希望可以退還。謝謝。
C00444,A0027,X00121,2024-06-04,客服您好，交易 X00121：帳單上出現一筆我完全不認得的扣款。時間是半夜三點，我在睡覺，要求調查是誰用的。
C00445,A0458,T00601,2024-03-19,你好，交易 T00601：這筆交易未經我同意。手機沒收到任何驗證碼，請當作冒用處理。麻煩了。
C00446,A0118,T01833,2024-05-18,想反映一件事：交易 T01833：退款申請送出三週了還沒有消息，已經寫信反映過一次，希望可以退還。已經是第二次反映了。
C00447,A0058,X00282,2024-07-11,急件！交易 X00282：實際扣款比收據多了一些，客服電話一直打不通，請盡快回覆。
C00448,A0419,T00469,2024-03-04,您好，交易 T00469：這筆不是我本人操作的。那天我人在國外，請立刻凍結並退回款項。謝謝。
C00449,A0278,T00171,2024-07-01,交易 T00171：本來想申報陌生扣款，後來發現是家人刷的，但店員多打了一個零。希望今天能處理。
C00450,A0444,T00913,2024-09-05,麻煩處理一下，交易 T00913：同一筆消費被扣了兩次，請協助處理。已經是第二次反映了。
C00451,A0338,T01712,2024-12-22,麻煩處理一下，交易 T01712：出現一筆陌生的消費。家人都確認過沒用過這張卡，請當作冒用處理。已經是第二次反映了。
C00452,A0317,T02497,2024-11-06,您好，交易 T02497：一開始懷疑卡片被冒用，核對後是我在店裡刷的，想問能不能退。希望今天能處理。
C00453,A0240,T00460,2024-04-26,急件！交易 T00460：這筆交易未經我同意。家人都確認過沒用過這張卡，請協助爭議款處理。已經是第二次反映了。
C00454,A0001,T00106,2024-07-05,你好，交易 T00106：手續費沒有事先告知，請盡快回覆。麻煩了。
C00455,A0411,T01409,2024-06-20,您好，交易 T01409：優惠回饋金一直沒有入帳，分行說要我自己處理，請說明原因。麻煩了。
C00456,A0313,T00394,2024-11-03,交易 T00394：我原本以為被盜刷，查了才知道是自己訂閱的服務續約，想問怎麼取消。
C00457,A0640,T02432,2024-07-15,急件！交易 T02432：ATM 吐鈔少了一張但全額扣款，分行說要我自己處理，請協助處理。請盡快回覆。
C00458,A0071,T01166,2024-04-22,麻煩處理一下，交易 T01166：這筆交易未經我同意。密碼好像被別人拿走了，請當作冒用處理。
C00459,A0066,X00189,2024-10-19,想反映一件事：交易 X00189：付款時一直跳錯誤卻被扣了錢，客服電話一直打不通，請重新計算。謝謝。
C00460,A0044,T01147,2024-06-26,麻煩處理一下，交易 T01147：手續費沒有事先告知，App 上查不到紀錄，希望可以退還。請盡快回覆。
C00461,A0793,T01246,2024-07-16,交易 T01246：ATM 吐鈔少了一張但全額扣款，App 上查不到紀錄，請說明原因。已經是第二次反映了。
C00462,A0687,T01956,2024-10-12,想反映一件事：交易 T01956：優惠回饋金一直沒有入帳，客服電話一直打不通，請重新計算。請盡快回覆。
C00463,A0058,X00077,2024-04-08,麻煩處理一下，交易 X00077：分期利息跟當初說的不一樣，App 上查不到紀錄，請協助處理。希望今天能處理。
C00464,A0373,T00494,2024-01-04,麻煩處理一下，交易 T00494：優惠回饋金一直沒有入帳，分行說要我自己處理，請盡快回覆。謝謝。
C00465,A0409,T00164,2024-04-24,麻煩處理一下，交易 T00164：退款申請送出三週了還沒有消息，請盡快回覆。
C00466,A0787,T00402,2024-03-03,急件！交易 T00402：分期利息跟當初說的不一樣，希望可以退還。麻煩了。
C00467,A0085,T00635,2024-04-11,客服您好，交易 T00635：我的卡被盜刷了。那天我人在國外，懷疑資料外洩，請查明。請盡快回覆。
C00468,A0128,T00097,2024-07-12,急件！交易 T00097：同一筆消費被扣了兩次，客服電話一直打不通，請盡快回覆。
C00469,A0541,T01717,2024-04-15,你好，交易 T01717：我原本以為被盜刷，後來想起是小孩用我手機買點數，想問能不能退。希望今天能處理。
C00470,A0606,T00717,2024-08-25,客服您好，交易 T00717：退款申請送出三週了還沒有消息，已經寫信反映過一次，希望可以退還。請盡快回覆。
C00471,A0472,T01886,2024-02-14,交易 T01886：一開始懷疑卡片被冒用，後來想起是小孩用我手機買點數，想問怎麼取消。
C00472,A0172,T00297,2024-02-17,想反映一件事：交易 T00297：外幣匯率跟官網公告差很多，已經寫信反映過一次，請重新計算。謝謝。
C00473,A0214,T02483,2024-01-13,想反映一件事：交易 T02483：實際扣款比收據多了一些，App 上查不到紀錄，請盡快回覆。謝謝。
C00474,A0006,T00971,2024-10-26,交易 T00971：手續費沒有事先告知，已經寫信反映過一次，請重新計算。請盡快回覆。
C00475,A0041,X00062,2024-10-14,你好，交易 X00062：實際扣款比收據多了一些，已經寫信反映過一次，請說明原因。已經是第二次反映了。
C00476,A0670,T01686,2024-02-24,您好，交易 T01686：外幣匯率跟官網公告差很多，App 上查不到紀錄，請協助處理。麻煩了。
C00477,A0013,X00102,2024-06-23,你好，交易 X00102：這筆不是我本人操作的。我已經報警了，懷疑資料外洩，請查明。已經是第二次反映了。
C00478,A0302,T00606,2024-06-08,您好，交易 T00606：ATM 吐鈔少了一張但全額扣款，App 上查不到紀錄，請重新計算。麻煩了。
C00479,A0033,T00864,2024-01-07,交易 T00864：手續費沒有事先告知，已經寫信反映過一次，請重新計算。希望今天能處理。
C00480,A0027,X00258,2024-03-26,您好，交易 X00258：優惠回饋金一直沒有入帳，客服電話一直打不通，請重新計算。希望今天能處理。
C00481,A0151,T01739,2024-07-18,想反映一件事：交易 T01739：這筆不是我本人操作的。手機沒收到任何驗證碼，要求調查是誰用的。已經是第二次反映了。
C00482,A0383,T00781,2024-11-21,麻煩處理一下，交易 T00781：ATM 吐鈔少了一張但全額扣款，已經寫信反映過一次，請協助處理。謝謝。
C00483,A0088,T01213,2024-01-03,交易 T01213：同一筆消費被扣了兩次，App 上查不到紀錄，希望可以退還。麻煩了。
C00484,A0486,T00757,2024-07-06,您好，交易 T00757：我從來沒有刷過這筆。家人都確認過沒用過這張卡，請盡快把錢退回來。
C00485,A0707,T00824,2024-06-17,客服您好，交易 T00824：有人冒用我的帳號付款。那天我人在國外，要求調查是誰用的。希望今天能處理。
C00486,A0171,T00303,2024-12-20,急件！交易 T00303：看到通知還以為是詐騙，結果確認是我自己買的，只是金額跟發票不符。希望今天能處理。
C00487,A0151,T00966,2024-07-06,您好，交易 T00966：出現一筆陌生的消費。密碼好像被別人拿走了，要求調查是誰用的。謝謝。
C00488,A0422,T01269,2024-09-05,客服您好，交易 T01269：一開始懷疑卡片被冒用，後來發現是家人刷的，只是金額跟發票不符。謝謝。
C00489,A0721,T01929,2024-08-16,急件！交易 T01929：我原本以為被盜刷，結果確認是我自己買的，想問怎麼取消。麻煩了。
C00490,A0180,T00024,2024-03-25,急件！交易 T00024：ATM 吐鈔少了一張但全額扣款，分行說要我自己處理，希望可以退還。請盡快回覆。
C00491,A0349,T02262,2024-02-20,你好，交易 T02262：這筆不是我本人操作的。手機沒收到任何驗證碼，請當作冒用處理。希望今天能處理。
C00492,A0184,T00397,2024-09-11,急件！交易 T00397：出現一筆陌生的消費。密碼好像被別人拿走了，請協助爭議款處理。希望今天能處理。
C00493,A0438,T01736,2024-12-27,你好，交易 T01736：這筆不是我本人操作的。家人都確認過沒用過這張卡，請立刻凍結並退回款項。已經是第二次反映了。
C00494,A0020,T00406,2024-06-01,你好，交易 T00406：我從來沒有刷過這筆。那天我人在國外，請協助爭議款處理。
C00495,A0442,T00445,2024-05-15,麻煩處理一下，交易 T00445：優惠回饋金一直沒有入帳，請說明原因。
C00496,A0464,T02238,2024-05-08,想反映一件事：交易 T02238：看到通知還以為是詐騙，後來發現是家人刷的，想問能不能退。
C00497,A0188,T02573,2024-12-25,你好，交易 T02573：出現一筆陌生的消費。家人都確認過沒用過這張卡，懷疑資料外洩，請查明。請盡快回覆。
C00498,A0217,T00956,2024-08-25,麻煩處理一下，交易 T00956：一開始懷疑卡片被冒用，結果確認是我自己買的，希望可以減免。謝謝。
C00499,A0469,T00705,2024-02-14,麻煩處理一下，交易 T00705：實際扣款比收據多了一些，請盡快回覆。謝謝。
C00500,A0058,X00299,2024-11-27,你好，交易 X00299：我從來沒有刷過這筆。手機沒收到任何驗證碼，請協助爭議款處理。已經是第二次反映了。
C00501,A0010,T00818,2024-02-28,您好，交易 T00818：有人冒用我的帳號付款。時間是半夜三點，我在睡覺，請盡快把錢退回來。請盡快回覆。
C00502,A0066,X00103,2024-02-06,麻煩處理一下，交易 X00103：同一筆消費被扣了兩次，已經寫信反映過一次，請說明原因。麻煩了。
C00503,A0253,T02513,2024-04-27,你好，交易 T02513：外幣匯率跟官網公告差很多，請重新計算。已經是第二次反映了。
C00504,A0065,T01292,2024-03-27,您好，交易 T01292：這筆交易未經我同意。手機沒收到任何驗證碼，要求調查是誰用的。麻煩了。
C00505,A0685,T01425,2024-04-13,您好，交易 T01425：手續費沒有事先告知，客服電話一直打不通，請盡快回覆。已經是第二次反映了。
C00506,A0006,T01244,2024-09-18,交易 T01244：我從來沒有刷過這筆。家人都確認過沒用過這張卡，請當作冒用處理。
C00507,A0545,T01534,2024-06-13,想反映一件事：交易 T01534：差點就當成盜用報案了，打電話問才知道是年費，想問怎麼取消。謝謝。
C00508,A0027,X00271,2024-01-27,客服您好，交易 X00271：實際扣款比收據多了一些，App 上查不到紀錄，請協助處理。希望今天能處理。
C00509,A0272,T02360,2024-04-22,麻煩處理一下，交易 T02360：帳單上出現一筆我完全不認得的扣款。卡一直在我身上，懷疑資料外洩，請查明。
C00510,A0557,T02251,2024-08-28,想反映一件事：交易 T02251：同一筆消費被扣了兩次，希望可以退還。謝謝。
C00511,A0296,T02351,2024-10-01,想反映一件事：交易 T02351：分期利息跟當初說的不一樣，已經寫信反映過一次，請盡快回覆。希望今天能處理。
C00512,A0581,T02151,2024-06-15,急件！交易 T02151：我的卡被盜刷了。密碼好像被別人拿走了，請盡快把錢退回來。請盡快回覆。
C00513,A0196,T02598,2024-01-15,客服您好，交易 T02598：退款申請送出三週了還沒有消息，客服電話一直打不通，請盡快回覆。請盡快回覆。
C00514,A0419,T00469,2024-03-04,交易 T00469：這筆交易未經我同意。那天我人在國外，請當作冒用處理。希望今天能處理。
C00515,A0759,T02587,2024-05-09,急件！交易 T02587：手續費沒有事先告知，分行說要我自己處理，請重新計算。請盡快回覆。
C00516,A0041,X00244,2024-06-03,急件！交易 X00244：外幣匯率跟官網公告差很多，已經寫信反映過一次，請重新計算。麻煩了。
C00517,A0735,T02484,2024-11-01,想反映一件事：交易 T02484：本來想申報陌生扣款，後來想起是小孩用我手機買點數，希望可以減免。
C00518,A0706,T01265,2024-08-03,交易 T01265：這筆交易未經我同意。那天我人在國外，懷疑資料外洩，請查明。麻煩了。
C00519,A0552,T00888,2024-08-27,你好，交易 T00888：同一筆消費被扣了兩次，App 上查不到紀錄，請說明原因。已經是第二次反映了。
C00520,A0327,T01625,2024-06-27,急件！交易 T01625：外幣匯率跟官網公告差很多，客服電話一直打不通，請說明原因。請盡快回覆。
C00521,A0563,T01049,2024-04-11,交易 T01049：付款時一直跳錯誤卻被扣了錢，客服電話一直打不通，請盡快回覆。麻煩了。
C00522,A0353,T02597,2024-12-05,您好，交易 T02597：看到通知還以為是詐騙，核對後是我在店裡刷的，想問能不能退。
C00523,A0026,T00135,2024-08-10,客服您好，交易 T00135：手續費沒有事先告知，App 上查不到紀錄，請說明原因。
C00524,A0152,T02343,2024-10-06,急件！交易 T02343：優惠回饋金一直沒有入帳，客服電話一直打不通，請說明原因。已經是第二次反映了。
C00525,A0738,T01844,2024-10-05,你好，交易 T01844：外幣匯率跟官網公告差很多，分行說要我自己處理，希望可以退還。請盡快回覆。
C00526,A0026,T02113,2024-05-18,你好，交易 T02113：手續費沒有事先告知，App 上查不到紀錄，請重新計算。請盡快回覆。
C00527,A0066,X00226,2024-01-02,您好，交易 X00226：手續費沒有事先告知，已經寫信反映過一次，請重新計算。
C00528,A0418,T01575,2024-01-10,麻煩處理一下，交易 T01575：帳單上出現一筆我完全不認得的扣款。手機沒收到任何驗證碼，請盡快把錢退回來。希望今天能處理。
C00529,A0041,X00168,2024-12-18,你好，交易 X00168：我從來沒有刷過這筆。我已經報警了，請當作冒用處理。希望今天能處理。
C00530,A0173,T01235,2024-02-04,你好，交易 T01235：同一筆消費被扣了兩次，客服電話一直打不通，請盡快回覆。麻煩了。
C00531,A0022,T00311,2024-04-15,想反映一件事：交易 T00311：優惠回饋金一直沒有入帳，請重新計算。請盡快回覆。
C00532,A0611,T01332,2024-11-22,急件！交易 T01332：退款申請送出三週了還沒有消息，App 上查不到紀錄，請重新計算。
C00533,A0247,T00486,2024-07-16,你好，交易 T00486：帳單上出現一筆我完全不認得的扣款。家人都確認過沒用過這張卡，懷疑資料外洩，請查明。
C00534,A0022,T01356,2024-04-09,交易 T01356：優惠回饋金一直沒有入帳，客服電話一直打不通，請說明原因。
C00535,A0166,T00532,2024-01-08,麻煩處理一下，交易 T00532：ATM 吐鈔少了一張但全額扣款，App 上查不到紀錄，請盡快回覆。已經是第二次反映了。
C00536,A0786,T00529,2024-06-25,交易 T00529：差點就當成盜用報案了，後來發現是家人刷的，想問怎麼取消。謝謝。
C00537,A0712,T02085,2024-01-20,你好，交易 T02085：退款申請送出三週了還沒有消息，客服電話一直打不通，請說明原因。希望今天能處理。
C00538,A0112,T00591,2024-02-16,你好，交易 T00591：這個商家我從沒聽過，卻扣了我的錢。卡一直在我身上，懷疑資料外洩，請查明。謝謝。
C00539,A0599,T00023,2024-04-11,你好，交易 T00023：手續費沒有事先告知，已經寫信反映過一次，請重新計算。希望今天能處理。
C00540,A0246,T01957,2024-07-15,麻煩處理一下，交易 T01957：付款時一直跳錯誤卻被扣了錢，希望可以退還。謝謝。
C00541,A0678,T00370,2024-11-19,急件！交易 T00370：分期利息跟當初說的不一樣，App 上查不到紀錄，請說明原因。希望今天能處理。
C00542,A0300,T02259,2024-02-06,麻煩處理一下，交易 T02259：優惠回饋金一直沒有入帳，已經寫信反映過一次，請說明原因。希望今天能處理。
C00543,A0114,T00431,2024-03-04,您好，交易 T00431：外幣匯率跟官網公告差很多，希望可以退還。
C00544,A0592,T01323,2024-04-23,想反映一件事：交易 T01323：優惠回饋金一直沒有入帳，分行說要我自己處理，請協助處理。請盡快回覆。
C00545,A0723,T01456,2024-12-22,交易 T01456：退款申請送出三週了還沒有消息，App 上查不到紀錄，請重新計算。請盡快回覆。
C00546,A0041,X00151,2024-06-01,想反映一件事：交易 X00151：退款申請送出三週了還沒有消息，已經寫信反映過一次，希望可以退還。已經是第二次反映了。
C00547,A0511,T02456,2024-03-27,您好，交易 T02456：ATM 吐鈔少了一張但全額扣款，已經寫信反映過一次，希望可以退還。麻煩了。
C00548,A0037,T00014,2024-11-03,麻煩處理一下，交易 T00014：實際扣款比收據多了一些，請協助處理。
C00549,A0667,T00112,2024-02-15,麻煩處理一下，交易 T00112：差點就當成盜用報案了，後來發現是家人刷的，只是金額跟發票不符。已經是第二次反映了。
C00550,A0210,T01507,2024-03-08,你好，交易 T01507：分期利息跟當初說的不一樣，已經寫信反映過一次，請盡快回覆。謝謝。
C00551,A0058,T01644,2024-05-13,客服您好，交易 T01644：看到通知還以為是詐騙，後來想起是小孩用我手機買點數，想問能不能退。已經是第二次反映了。
C00552,A0581,T02151,2024-06-15,交易 T02151：朋友說這種扣款可能是盜刷，後來想起是小孩用我手機買點數，想問怎麼取消。麻煩了。
C00553,A0611,T01332,2024-11-22,急件！交易 T01332：優惠回饋金一直沒有入帳，分行說要我自己處理，請說明原因。希望今天能處理。
C00554,A0194,T01792,2024-02-23,您好，交易 T01792：ATM 吐鈔少了一張但全額扣款，客服電話一直打不通，希望可以退還。希望今天能處理。
C00555,A0362,T02286,2024-12-09,急件！交易 T02286：我原本以為被盜刷，後來發現是家人刷的，但店員多打了一個零。請盡快回覆。
C00556,A0358,T02357,2024-05-12,客服您好，交易 T02357：優惠回饋金一直沒有入帳，App 上查不到紀錄，請協助處理。謝謝。
C00557,A0302,T02142,2024-11-08,麻煩處理一下，交易 T02142：同一筆消費被扣了兩次，已經寫信反映過一次，請盡快回覆。麻煩了。
C00558,A0013,X00314,2024-11-14,急件！交易 X00314：退款申請送出三週了還沒有消息，客服電話一直打不通，希望可以退還。請盡快回覆。
C00559,A0697,T02392,2024-01-26,急件！交易 T02392：一開始懷疑卡片被冒用，核對後是我在店裡刷的，想問怎麼取消。謝謝。
C00560,A0058,X00212,2024-06-13,您好，交易 X00212：看到通知還以為是詐騙，後來發現是家人刷的，只是想確認帳單日期。麻煩了。
C00561,A0100,T01969,2024-07-25,麻煩處理一下，交易 T01969：退款申請送出三週了還沒有消息，客服電話一直打不通，請重新計算。請盡快回覆。
C00562,A0013,X00006,2024-10-10,你好，交易 X00006：退款申請送出三週了還沒有消息，請協助處理。
C00563,A0066,X00083,2024-01-17,麻煩處理一下，交易 X00083：差點就當成盜用報案了，結果確認是我自己買的，但退款到現在還沒入帳。請盡快回覆。
C00564,A0041,X00264,2024-01-14,急件！交易 X00264：帳單上出現一筆我完全不認得的扣款。那天我人在國外，請當作冒用處理。謝謝。
C00565,A0109,T00050,2024-12-03,您好，交易 T00050：外幣匯率跟官網公告差很多，已經寫信反映過一次，請盡快回覆。麻煩了。
C00566,A0798,T02253,2024-02-05,麻煩處理一下，交易 T02253：ATM 吐鈔少了一張但全額扣款，分行說要我自己處理，請盡快回覆。謝謝。
C00567,A0247,T01766,2024-11-02,客服您好，交易 T01766：同一筆消費被扣了兩次，客服電話一直打不通，請盡快回覆。謝謝。
C00568,A0144,T01481,2024-02-28,急件！交易 T01481：差點就當成盜用報案了，打電話問才知道是年費，但退款到現在還沒入帳。
C00569,A0063,T00157,2024-10-17,交易 T00157：同一筆消費被扣了兩次，分行說要我自己處理，請重新計算。謝謝。
C00570,A0552,T01284,2024-10-05,急件！交易 T01284：優惠回饋金一直沒有入帳，分行說要我自己處理，希望可以退還。已經是第二次反映了。
C00571,A0394,T00127,2024-01-06,你好，交易 T00127：外幣匯率跟官網公告差很多，已經寫信反映過一次，請重新計算。謝謝。
C00572,A0058,X00134,2024-05-21,你好，交易 X00134：我從來沒有刷過這筆。我已經報警了，要求調查是誰用的。麻煩了。
C00573,A0368,T01807,2024-01-13,交易 T01807：外幣匯率跟官網公告差很多，客服電話一直打不通，請重新計算。
C00574,A0606,T00717,2024-08-25,您好，交易 T00717：朋友說這種扣款可能是盜刷，核對後是我在店裡刷的，希望可以減免。希望今天能處理。
C00575,A0033,T00414,2024-01-19,您好，交易 T00414：我從來沒有刷過這筆。時間是半夜三點，我在睡覺，請盡快把錢退回來。麻煩了。
C00576,A0332,T01551,2024-08-28,您好，交易 T01551：本來想申報陌生扣款，結果確認是我自己買的，但退款到現在還沒入帳。請盡快回覆。
C00577,A0585,T00773,2024-11-05,交易 T00773：同一筆消費被扣了兩次，App 上查不到紀錄，請重新計算。已經是第二次反映了。
C00578,A0722,T01175,2024-07-25,你好，交易 T01175：外幣匯率跟官網公告差很多，已經寫信反映過一次，請協助處理。請盡快回覆。
C00579,A0739,T01972,2024-04-17,您好，交易 T01972：我從來沒有刷過這筆。我已經報警了，請盡快把錢退回來。已經是第二次反映了。
C00580,A0662,T01508,2024-10-24,急件！交易 T01508：分期利息跟當初說的不一樣，分行說要我自己處理，請說明原因。希望今天能處理。
C00581,A0033,T00054,2024-08-17,客服您好，交易 T00054：我從來沒有刷過這筆。卡一直在我身上，請盡快把錢退回來。謝謝。
C00582,A0055,T00523,2024-06-09,你好，交易 T00523：帳單上出現一筆我完全不認得的扣款。我已經報警了，請協助爭議款處理。請盡快回覆。
C00583,A0027,T02120,2024-12-06,想反映一件事：交易 T02120：付款時一直跳錯誤卻被扣了錢，請盡快回覆。請盡快回覆。
C00584,A0312,T01785,2024-05-15,麻煩處理一下，交易 T01785：優惠回饋金一直沒有入帳，希望可以退還。
C00585,A0442,T02027,2024-08-28,急件！交易 T02027：外幣匯率跟官網公告差很多，已經寫信反映過一次，請說明原因。請盡快回覆。
C00586,A0735,T00595,2024-05-10,客服您好，交易 T00595：手續費沒有事先告知，分行說要我自己處理，希望可以退還。希望今天能處理。
C00587,A0497,T02463,2024-12-06,您好，交易 T02463：付款時一直跳錯誤卻被扣了錢，已經寫信反映過一次，希望可以退還。已經是第二次反映了。
C00588,A0783,T00177,2024-09-03,客服您好，交易 T00177：分期利息跟當初說的不一樣，客服電話一直打不通，請重新計算。
C00589,A0058,X00209,2024-03-15,麻煩處理一下，交易 X00209：我從來沒有刷過這筆。卡一直在我身上，懷疑資料外洩，請查明。請盡快回覆。
C00590,A0149,T00298,2024-10-12,麻煩處理一下，交易 T00298：退款申請送出三週了還沒有消息，請說明原因。麻煩了。
C00591,A0256,T00125,2024-06-09,交易 T00125：外幣匯率跟官網公告差很多，App 上查不到紀錄，請協助處理。麻煩了。
C00592,A0419,T00310,2024-07-06,客服您好，交易 T00310：一開始懷疑卡片被冒用，核對後是我在店裡刷的，只是金額跟發票不符。請盡快回覆。
C00593,A0456,T00086,2024-10-15,想反映一件事：交易 T00086：本來想申報陌生扣款，核對後是我在店裡刷的，希望可以減免。請盡快回覆。
C00594,A0369,T00955,2024-11-05,想反映一件事：交易 T00955：優惠回饋金一直沒有入帳，請重新計算。希望今天能處理。
C00595,A0435,T02088,2024-03-03,麻煩處理一下，交易 T02088：手續費沒有事先告知，客服電話一直打不通，請重新計算。麻煩了。
C00596,A0058,X00202,2024-09-13,你好，交易 X00202：優惠回饋金一直沒有入帳，請協助處理。希望今天能處理。
C00597,A0287,T01509,2024-10-18,客服您好，交易 T01509：同一筆消費被扣了兩次，分行說要我自己處理，請盡快回覆。請盡快回覆。
C00598,A0629,T00005,2024-05-13,您好，交易 T00005：優惠回饋金一直沒有入帳，客服電話一直打不通，請協助處理。
C00599,A0036,T01681,2024-12-18,客服您好，交易 T01681：實際扣款比收據多了一些，分行說要我自己處理，請盡快回覆。麻煩了。
C00600,A0066,X00236,2024-08-17,急件！交易 X00236：出現一筆陌生的消費。那天我人在國外，請盡快把錢退回來。
C00601,A0456,T00086,2024-10-15,麻煩處理一下，交易 T00086：同一筆消費被扣了兩次，客服電話一直打不通，請重新計算。謝謝。
C00602,A0071,T02504,2024-03-25,急件！交易 T02504：有人冒用我的帳號付款。時間是半夜三點，我在睡覺，要求調查是誰用的。請盡快回覆。
C00603,A0022,T00545,2024-03-06,急件！交易 T00545：我原本以為被盜刷，後來想起是小孩用我手機買點數，只是金額跟發票不符。麻煩了。
C00604,A0751,T01266,2024-01-01,麻煩處理一下，交易 T01266：分期利息跟當初說的不一樣，請協助處理。已經是第二次反映了。
C00605,A0469,T00425,2024-09-28,你好，交易 T00425：這個商家我從沒聽過，卻扣了我的錢。我已經報警了，要求調查是誰用的。
C00606,A0096,T00244,2024-02-01,麻煩處理一下，交易 T00244：本來想申報陌生扣款，後來想起是小孩用我手機買點數，想問能不能退。謝謝。
C00607,A0563,T01049,2024-04-11,急件！交易 T01049：帳單上出現一筆我完全不認得的扣款。那天我人在國外，懷疑資料外洩，請查明。
C00608,A0242,T00519,2024-10-25,客服您好，交易 T00519：分期利息跟當初說的不一樣，已經寫信反映過一次，希望可以退還。謝謝。
C00609,A0041,X00195,2024-10-23,客服您好，交易 X00195：這筆交易未經我同意。卡一直在我身上，懷疑資料外洩，請查明。已經是第二次反映了。
C00610,A0215,T02361,2024-05-16,客服您好，交易 T02361：付款時一直跳錯誤卻被扣了錢，App 上查不到紀錄，請重新計算。麻煩了。
C00611,A0122,T00263,2024-09-07,你好，交易 T00263：我的卡被盜刷了。那天我人在國外，請協助爭議款處理。謝謝。
C00612,A0438,T01434,2024-07-15,你好，交易 T01434：同一筆消費被扣了兩次，客服電話一直打不通，請盡快回覆。請盡快回覆。
C00613,A0385,T00384,2024-08-12,想反映一件事：交易 T00384：我原本以為被盜刷，查了才知道是自己訂閱的服務續約，想問怎麼取消。希望今天能處理。
C00614,A0551,T01142,2024-04-12,急件！交易 T01142：分期利息跟當初說的不一樣，App 上查不到紀錄，請說明原因。請盡快回覆。
C00615,A0723,T01200,2024-08-15,你好，交易 T01200：我的卡被盜刷了。時間是半夜三點，我在睡覺，請當作冒用處理。已經是第二次反映了。
C00616,A0402,T00721,2024-05-09,你好，交易 T00721：外幣匯率跟官網公告差很多，App 上查不到紀錄，請說明原因。希望今天能處理。
C00617,A0461,T00871,2024-11-24,您好，交易 T00871：實際扣款比收據多了一些，已經寫信反映過一次，請說明原因。麻煩了。
C00618,A0723,T01404,2024-08-28,想反映一件事：交易 T01404：帳單上出現一筆我完全不認得的扣款。卡一直在我身上，請立刻凍結並退回款項。已經是第二次反映了。
C00619,A0076,T02108,2024-08-27,麻煩處理一下，交易 T02108：我的卡被盜刷了。我已經報警了，請盡快把錢退回來。請盡快回覆。
C00620,A0282,T00192,2024-10-12,你好，交易 T00192：付款時一直跳錯誤卻被扣了錢，App 上查不到紀錄，希望可以退還。已經是第二次反映了。
C00621,A0013,X00090,2024-05-01,想反映一件事：交易 X00090：分期利息跟當初說的不一樣，請說明原因。請盡快回覆。
C00622,A0163,T01757,2024-01-06,客服您好，交易 T01757：實際扣款比收據多了一些，希望可以退還。謝謝。
C00623,A0195,T02596,2024-07-07,急件！交易 T02596：優惠回饋金一直沒有入帳，App 上查不到紀錄，請協助處理。麻煩了。
C00624,A0780,T01438,2024-09-26,交易 T01438：看到通知還以為是詐騙，查了才知道是自己訂閱的服務續約，但店員多打了一個零。希望今天能處理。
C00625,A0360,T01414,2024-12-01,麻煩處理一下，交易 T01414：我原本以為被盜刷，核對後是我在店裡刷的，想問能不能退。
C00626,A0719,T02568,2024-05-08,急件！交易 T02568：看到通知還以為是詐騙，結果確認是我自己買的，只是想確認帳單日期。請盡快回覆。
C00627,A0138,T00446,2024-12-11,客服您好，交易 T00446：有人冒用我的帳號付款。家人都確認過沒用過這張卡，要求調查是誰用的。
C00628,A0002,T01919,2024-01-26,麻煩處理一下，交易 T01919：實際扣款比收據多了一些，已經寫信反映過一次，請說明原因。請盡快回覆。
C00629,A0727,T00802,2024-09-24,麻煩處理一下，交易 T00802：我的卡被盜刷了。手機沒收到任何驗證碼，請協助爭議款處理。
C00630,A0760,T01947,2024-05-16,客服您好，交易 T01947：本來想申報陌生扣款，核對後是我在店裡刷的，只是金額跟發票不符。
C00631,A0224,T00565,2024-09-17,麻煩處理一下，交易 T00565：外幣匯率跟官網公告差很多，請重新計算。希望今天能處理。
C00632,A0651,T01057,2024-01-13,想反映一件事：交易 T01057：有人冒用我的帳號付款。我已經報警了，要求調查是誰用的。已經是第二次反映了。
C00633,A0733,T00915,2024-03-02,您好，交易 T00915：付款時一直跳錯誤卻被扣了錢，App 上查不到紀錄，希望可以退還。
C00634,A0655,T02442,2024-10-02,您好，交易 T02442：外幣匯率跟官網公告差很多，已經寫信反映過一次，請重新計算。已經是第二次反映了。
C00635,A0728,T00496,2024-01-05,您好，交易 T00496：外幣匯率跟官網公告差很多，分行說要我自己處理，請協助處理。謝謝。
C00636,A0749,T00041,2024-04-03,急件！交易 T00041：實際扣款比收據多了一些，請說明原因。希望今天能處理。
C00637,A0227,T00686,2024-12-15,急件！交易 T00686：一開始懷疑卡片被冒用，查了才知道是自己訂閱的服務續約，想問怎麼取消。已經是第二次反映了。
C00638,A0060,T00407,2024-10-19,客服您好，交易 T00407：外幣匯率跟官網公告差很多，分行說要我自己處理，請說明原因。希望今天能處理。
C00639,A0161,T00322,2024-12-26,客服您好，交易 T00322：實際扣款比收據多了一些，客服電話一直打不通，請協助處理。希望今天能處理。
C00640,A0096,T00244,2024-02-01,客服您好，交易 T00244：外幣匯率跟官網公告差很多，客服電話一直打不通，希望可以退還。麻煩了。
C00641,A0323,T02530,2024-03-19,客服您好，交易 T02530：同一筆消費被扣了兩次，已經寫信反映過一次，請說明原因。麻煩了。
C00642,A0102,T02198,2024-03-16,你好，交易 T02198：手續費沒有事先告知，App 上查不到紀錄，請說明原因。謝謝。
C00643,A0355,T00131,2024-06-26,麻煩處理一下，交易 T00131：外幣匯率跟官網公告差很多，App 上查不到紀錄，請協助處理。已經是第二次反映了。
C00644,A0074,T00570,2024-04-06,麻煩處理一下，交易 T00570：優惠回饋金一直沒有入帳，客服電話一直打不通，請盡快回覆。希望今天能處理。
C00645,A0058,X00077,2024-04-08,想反映一件事：交易 X00077：付款時一直跳錯誤卻被扣了錢，分行說要我自己處理，請重新計算。
C00646,A0576,T00668,2024-10-08,麻煩處理一下，交易 T00668：這筆交易未經我同意。密碼好像被別人拿走了，請協助爭議款處理。請盡快回覆。
C00647,A0789,T00526,2024-01-06,麻煩處理一下，交易 T00526：同一筆消費被扣了兩次，App 上查不到紀錄，希望可以退還。希望今天能處理。
C00648,A0451,T02013,2024-10-21,您好，交易 T02013：同一筆消費被扣了兩次，App 上查不到紀錄，希望可以退還。麻煩了。
C00649,A0353,T02597,2024-12-05,麻煩處理一下，交易 T02597：優惠回饋金一直沒有入帳，已經寫信反映過一次，請盡快回覆。麻煩了。
C00650,A0013,X00059,2024-10-27,麻煩處理一下，交易 X00059：退款申請送出三週了還沒有消息，請重新計算。麻煩了。
C00651,A0157,T00514,2024-06-05,急件！交易 T00514：優惠回饋金一直沒有入帳，分行說要我自己處理，希望可以退還。請盡快回覆。
C00652,A0066,X00189,2024-10-19,想反映一件事：交易 X00189：我原本以為被盜刷，後來想起是小孩用我手機買點數，希望可以減免。謝謝。
C00653,A0412,T01814,2024-10-06,想反映一件事：交易 T01814：付款時一直跳錯誤卻被扣了錢，請重新計算。
C00654,A0058,X00201,2024-02-06,您好，交易 X00201：一開始懷疑卡片被冒用，結果確認是我自己買的，但退款到現在還沒入帳。已經是第二次反映了。
C00655,A0442,T02143,2024-05-18,客服您好，交易 T02143：手續費沒有事先告知，請重新計算。麻煩了。
C00656,A0088,T00277,2024-11-06,你好，交易 T00277：優惠回饋金一直沒有入帳，客服電話一直打不通，請說明原因。謝謝。
C00657,A0171,T00082,2024-02-27,麻煩處理一下，交易 T00082：付款時一直跳錯誤卻被扣了錢，分行說要我自己處理，請協助處理。
C00658,A0585,T02021,2024-12-03,你好，交易 T02021：ATM 吐鈔少了一張但全額扣款，已經寫信反映過一次，請重新計算。希望今天能處理。
C00659,A0042,T00739,2024-01-24,交易 T00739：優惠回饋金一直沒有入帳，希望可以退還。謝謝。
C00660,A0251,T01688,2024-06-17,麻煩處理一下，交易 T01688：優惠回饋金一直沒有入帳，已經寫信反映過一次，請協助處理。請盡快回覆。
C00661,A0202,T02378,2024-01-18,急件！交易 T02378：我原本以為被盜刷，核對後是我在店裡刷的，想問能不能退。謝謝。
C00662,A0058,X00049,2024-08-27,客服您好，交易 X00049：優惠回饋金一直沒有入帳，App 上查不到紀錄，請盡快回覆。
C00663,A0447,T01009,2024-07-08,你好，交易 T01009：我從來沒有刷過這筆。家人都確認過沒用過這張卡，懷疑資料外洩，請查明。希望今天能處理。
C00664,A0230,T02056,2024-05-17,急件！交易 T02056：實際扣款比收據多了一些，希望可以退還。
C00665,A0632,T02334,2024-03-05,麻煩處理一下，交易 T02334：同一筆消費被扣了兩次，已經寫信反映過一次，請重新計算。謝謝。
C00666,A0076,T02108,2024-08-27,客服您好，交易 T02108：退款申請送出三週了還沒有消息，分行說要我自己處理，請協助處理。謝謝。
C00667,A0325,T00117,2024-01-12,麻煩處理一下，交易 T00117：我的卡被盜刷了。家人都確認過沒用過這張卡，請盡快把錢退回來。
C00668,A0517,T01555,2024-08-14,急件！交易 T01555：手續費沒有事先告知，請說明原因。請盡快回覆。
C00669,A0020,T00257,2024-01-11,急件！交易 T00257：實際扣款比收據多了一些，分行說要我自己處理，請盡快回覆。
C00670,A0533,T01125,2024-11-01,交易 T01125：有人冒用我的帳號付款。密碼好像被別人拿走了，懷疑資料外洩，請查明。
C00671,A0455,T00520,2024-12-17,麻煩處理一下，交易 T00520：退款申請送出三週了還沒有消息，分行說要我自己處理，請協助處理。已經是第二次反映了。
C00672,A0452,T01689,2024-05-06,您好，交易 T01689：外幣匯率跟官網公告差很多，客服電話一直打不通，請盡快回覆。請盡快回覆。
C00673,A0041,X00177,2024-05-14,想反映一件事：交易 X00177：付款時一直跳錯誤卻被扣了錢，App 上查不到紀錄，希望可以退還。謝謝。
C00674,A0306,T01691,2024-10-25,你好，交易 T01691：實際扣款比收據多了一些，已經寫信反映過一次，請盡快回覆。
C00675,A0270,T00040,2024-04-23,你好，交易 T00040：有人冒用我的帳號付款。家人都確認過沒用過這張卡，懷疑資料外洩，請查明。希望今天能處理。
C00676,A0013,X00160,2024-03-01,麻煩處理一下，交易 X00160：付款時一直跳錯誤卻被扣了錢，App 上查不到紀錄，請說明原因。已經是第二次反映了。
C00677,A0081,T01273,2024-05-18,你好，交易 T01273：分期利息跟當初說的不一樣，App 上查不到紀錄，請重新計算。麻煩了。
C00678,A0275,T01898,2024-07-11,麻煩處理一下，交易 T01898：我從來沒有刷過這筆。時間是半夜三點，我在睡覺，懷疑資料外洩，請查明。請盡快回覆。
C00679,A0673,T00107,2024-07-10,您好，交易 T00107：分期利息跟當初說的不一樣，分行說要我自己處理，請說明原因。已經是第二次反映了。
C00680,A0222,T00726,2024-10-07,交易 T00726：ATM 吐鈔少了一張但全額扣款，請協助處理。
C00681,A0569,T00770,2024-09-16,想反映一件事：交易 T00770：ATM 吐鈔少了一張但全額扣款，已經寫信反映過一次，請說明原因。希望今天能處理。
C00682,A0111,T02241,2024-08-02,你好，交易 T02241：實際扣款比收據多了一些，請重新計算。請盡快回覆。
C00683,A0756,T01794,2024-07-08,交易 T01794：付款時一直跳錯誤卻被扣了錢，希望可以退還。請盡快回覆。
C00684,A0066,X00235,2024-07-15,客服您好，交易 X00235：同一筆消費被扣了兩次，已經寫信反映過一次，請重新計算。謝謝。
C00685,A0106,T00830,2024-02-21,想反映一件事：交易 T00830：我從來沒有刷過這筆。手機沒收到任何驗證碼，要求調查是誰用的。
C00686,A0172,T00297,2024-02-17,客服您好，交易 T00297：這筆交易未經我同意。那天我人在國外，請當作冒用處理。麻煩了。
C00687,A0718,T01982,2024-06-24,你好，交易 T01982：付款時一直跳錯誤卻被扣了錢，App 上查不到紀錄，請盡快回覆。希望今天能處理。
C00688,A0337,T01203,2024-12-18,你好，交易 T01203：手續費沒有事先告知，分行說要我自己處理，請說明原因。
C00689,A0006,T02152,2024-09-24,交易 T02152：手續費沒有事先告知，App 上查不到紀錄，請說明原因。已經是第二次反映了。
C00690,A0342,T01033,2024-02-10,想反映一件事：交易 T01033：帳單上出現一筆我完全不認得的扣款。那天我人在國外，請立刻凍結並退回款項。希望今天能處理。
C00691,A0699,T01598,2024-12-07,急件！交易 T01598：分期利息跟當初說的不一樣，請說明原因。希望今天能處理。
C00692,A0630,T01019,2024-05-20,麻煩處理一下，交易 T01019：有人冒用我的帳號付款。家人都確認過沒用過這張卡，請立刻凍結並退回款項。請盡快回覆。
C00693,A0206,T01317,2024-05-02,交易 T01317：有人冒用我的帳號付款。那天我人在國外，請立刻凍結並退回款項。
C00694,A0280,T01755,2024-04-15,交易 T01755：ATM 吐鈔少了一張但全額扣款，客服電話一直打不通，請協助處理。請盡快回覆。
C00695,A0357,T01981,2024-02-15,交易 T01981：有人冒用我的帳號付款。我已經報警了，要求調查是誰用的。麻煩了。
C00696,A0398,T01629,2024-09-04,急件！交易 T01629：付款時一直跳錯誤卻被扣了錢，App 上查不到紀錄，請重新計算。請盡快回覆。
C00697,A0585,T00618,2024-07-06,麻煩處理一下，交易 T00618：分期利息跟當初說的不一樣，客服電話一直打不通，請協助處理。謝謝。
C00698,A0727,T01296,2024-07-21,急件！交易 T01296：外幣匯率跟官網公告差很多，分行說要我自己處理，請盡快回覆。麻煩了。
C00699,A0377,T02421,2024-10-20,麻煩處理一下，交易 T02421：有人冒用我的帳號付款。密碼好像被別人拿走了，懷疑資料外洩，請查明。謝謝。
C00700,A0675,T01075,2024-12-17,您好，交易 T01075：帳單上出現一筆我完全不認得的扣款。密碼好像被別人拿走了，請協助爭議款處理。
C00701,A0772,T01973,2024-12-08,你好，交易 T01973：優惠回饋金一直沒有入帳，客服電話一直打不通，請說明原因。請盡快回覆。
C00702,A0041,X00155,2024-07-03,麻煩處理一下，交易 X00155：這個商家我從沒聽過，卻扣了我的錢。手機沒收到任何驗證碼，請協助爭議款處理。
C00703,A0544,T01945,2024-11-04,您好，交易 T01945：實際扣款比收據多了一些，分行說要我自己處理，請重新計算。謝謝。
C00704,A0679,T00146,2024-05-20,客服您好，交易 T00146：實際扣款比收據多了一些，客服電話一直打不通，請重新計算。
C00705,A0316,T01558,2024-05-17,你好，交易 T01558：同一筆消費被扣了兩次，希望可以退還。麻煩了。
C00706,A0625,T00212,2024-10-19,你好，交易 T00212：同一筆消費被扣了兩次，App 上查不到紀錄，請重新計算。已經是第二次反映了。
C00707,A0004,T00676,2024-10-22,你好，交易 T00676：ATM 吐鈔少了一張但全額扣款，已經寫信反映過一次，請重新計算。希望今天能處理。
C00708,A0409,T02187,2024-08-01,麻煩處理一下，交易 T02187：差點就當成盜用報案了，打電話問才知道是年費，但店員多打了一個零。
C00709,A0403,T00536,2024-08-23,想反映一件事：交易 T00536：付款時一直跳錯誤卻被扣了錢，已經寫信反映過一次，請盡快回覆。希望今天能處理。
C00710,A0417,T01097,2024-05-01,急件！交易 T01097：優惠回饋金一直沒有入帳，已經寫信反映過一次，請重新計算。已經是第二次反映了。
C00711,A0663,T01153,2024-06-07,急件！交易 T01153：付款時一直跳錯誤卻被扣了錢，App 上查不到紀錄，希望可以退還。希望今天能處理。
C00712,A0562,T02106,2024-09-18,交易 T02106：付款時一直跳錯誤卻被扣了錢，請說明原因。謝謝。
C00713,A0393,T01159,2024-04-04,急件！交易 T01159：實際扣款比收據多了一些，App 上查不到紀錄，請協助處理。
C00714,A0286,T00475,2024-09-11,想反映一件事：交易 T00475：退款申請送出三週了還沒有消息，客服電話一直打不通，請協助處理。麻煩了。
C00715,A0655,T00541,2024-07-14,您好，交易 T00541：ATM 吐鈔少了一張但全額扣款，App 上查不到紀錄，希望可以退還。
C00716,A0611,T00439,2024-03-03,急件！交易 T00439：我的卡被盜刷了。密碼好像被別人拿走了，請立刻凍結並退回款項。謝謝。
C00717,A0381,T02231,2024-02-21,急件！交易 T02231：朋友說這種扣款可能是盜刷，結果確認是我自己買的，只是想確認帳單日期。
C00718,A0041,X00155,2024-07-03,想反映一件事：交易 X00155：同一筆消費被扣了兩次，已經寫信反映過一次，希望可以退還。謝謝。
C00719,A0032,T00149,2024-07-23,想反映一件事：交易 T00149：分期利息跟當初說的不一樣，分行說要我自己處理，請盡快回覆。請盡快回覆。
C00720,A0080,T02511,2024-05-02,急件！交易 T02511：我原本以為被盜刷，核對後是我在店裡刷的，只是想確認帳單日期。已經是第二次反映了。
C00721,A0154,T00604,2024-03-05,你好，交易 T00604：朋友說這種扣款可能是盜刷，查了才知道是自己訂閱的服務續約，想問怎麼取消。
C00722,A0791,T02098,2024-11-15,交易 T02098：退款申請送出三週了還沒有消息，請協助處理。希望今天能處理。
C00723,A0027,X00241,2024-10-08,想反映一件事：交易 X00241：朋友說這種扣款可能是盜刷，結果確認是我自己買的，但退款到現在還沒入帳。麻煩了。
C00724,A0100,T01969,2024-07-25,想反映一件事：交易 T01969：手續費沒有事先告知，客服電話一直打不通，請盡快回覆。謝謝。
C00725,A0474,T02200,2024-04-20,你好，交易 T02200：外幣匯率跟官網公告差很多，客服電話一直打不通，請盡快回覆。謝謝。
C00726,A0765,T01408,2024-06-24,你好，交易 T01408：同一筆消費被扣了兩次，請協助處理。希望今天能處理。
C00727,A0138,T00775,2024-06-11,急件！交易 T00775：差點就當成盜用報案了，打電話問才知道是年費，只是想確認帳單日期。請盡快回覆。
C00728,A0185,T00271,2024-08-21,想反映一件事：交易 T00271：我從來沒有刷過這筆。卡一直在我身上，懷疑資料外洩，請查明。請盡快回覆。
C00729,A0041,X00177,2024-05-14,你好，交易 X00177：帳單上出現一筆我完全不認得的扣款。卡一直在我身上，請盡快把錢退回來。麻煩了。
C00730,A0147,T02383,2024-12-17,您好，交易 T02383：分期利息跟當初說的不一樣，請重新計算。謝謝。
C00731,A0217,T02083,2024-12-22,想反映一件事：交易 T02083：分期利息跟當初說的不一樣，希望可以退還。麻煩了。
C00732,A0434,T01752,2024-07-24,你好，交易 T01752：實際扣款比收據多了一些，App 上查不到紀錄，希望可以退還。謝謝。
C00733,A0266,T00034,2024-05-02,急件！交易 T00034：付款時一直跳錯誤卻被扣了錢，客服電話一直打不通，希望可以退還。已經是第二次反映了。
C00734,A0311,T01588,2024-02-08,客服您好，交易 T01588：本來想申報陌生扣款，結果確認是我自己買的，希望可以減免。麻煩了。
C00735,A0308,T02416,2024-07-13,急件！交易 T02416：付款時一直跳錯誤卻被扣了錢，客服電話一直打不通，請協助處理。麻煩了。
C00736,A0442,T00445,2024-05-15,你好，交易 T00445：帳單上出現一筆我完全不認得的扣款。家人都確認過沒用過這張卡，要求調查是誰用的。請盡快回覆。
C00737,A0791,T00205,2024-06-21,您好，交易 T00205：出現一筆陌生的消費。我已經報警了，要求調查是誰用的。請盡快回覆。
C00738,A0557,T02251,2024-08-28,急件！交易 T02251：外幣匯率跟官網公告差很多，分行說要我自己處理，請盡快回覆。希望今天能處理。
C00739,A0772,T01592,2024-06-02,您好，交易 T01592：外幣匯率跟官網公告差很多，客服電話一直打不通，請盡快回覆。請盡快回覆。
C00740,A0516,T00485,2024-01-02,您好，交易 T00485：手續費沒有事先告知，請盡快回覆。謝謝。
C00741,A0582,T01365,2024-09-24,想反映一件事：交易 T01365：朋友說這種扣款可能是盜刷，查了才知道是自己訂閱的服務續約，想問怎麼取消。
C00742,A0041,T00847,2024-11-13,你好，交易 T00847：實際扣款比收據多了一些，客服電話一直打不通，請重新計算。請盡快回覆。
C00743,A0428,T02319,2024-11-10,麻煩處理一下，交易 T02319：ATM 吐鈔少了一張但全額扣款，請說明原因。希望今天能處理。
C00744,A0217,T00956,2024-08-25,您好，交易 T00956：實際扣款比收據多了一些，已經寫信反映過一次，請重新計算。請盡快回覆。
C00745,A0385,T01040,2024-09-12,客服您好，交易 T01040：優惠回饋金一直沒有入帳，客服電話一直打不通，請重新計算。希望今天能處理。
C00746,A0212,T01541,2024-03-05,交易 T01541：分期利息跟當初說的不一樣，已經寫信反映過一次，希望可以退還。已經是第二次反映了。
C00747,A0498,T00139,2024-05-09,你好，交易 T00139：優惠回饋金一直沒有入帳，App 上查不到紀錄，希望可以退還。謝謝。
C00748,A0087,T01227,2024-07-16,麻煩處理一下，交易 T01227：我從來沒有刷過這筆。卡一直在我身上，請立刻凍結並退回款項。麻煩了。
C00749,A0527,T00741,2024-09-08,您好，交易 T00741：分期利息跟當初說的不一樣，分行說要我自己處理，請說明原因。謝謝。
C00750,A0380,T01370,2024-11-17,想反映一件事：交易 T01370：出現一筆陌生的消費。家人都確認過沒用過這張卡，請盡快把錢退回來。謝謝。
C00751,A0593,T00282,2024-06-07,客服您好，交易 T00282：同一筆消費被扣了兩次，App 上查不到紀錄，請說明原因。希望今天能處理。
C00752,A0220,T01697,2024-06-11,麻煩處理一下，交易 T01697：我從來沒有刷過這筆。時間是半夜三點，我在睡覺，請立刻凍結並退回款項。
C00753,A0050,T02438,2024-01-17,麻煩處理一下，交易 T02438：優惠回饋金一直沒有入帳，已經寫信反映過一次，請說明原因。謝謝。
C00754,A0058,X00274,2024-09-05,客服您好，交易 X00274：有人冒用我的帳號付款。卡一直在我身上，要求調查是誰用的。希望今天能處理。
C00755,A0785,T02213,2024-08-10,交易 T02213：付款時一直跳錯誤卻被扣了錢，App 上查不到紀錄，請盡快回覆。已經是第二次反映了。
C00756,A0059,T00435,2024-02-02,客服您好，交易 T00435：退款申請送出三週了還沒有消息，客服電話一直打不通，請盡快回覆。請盡快回覆。
C00757,A0013,X00044,2024-11-15,交易 X00044：付款時一直跳錯誤卻被扣了錢，已經寫信反映過一次，請重新計算。已經是第二次反映了。
C00758,A0458,T01005,2024-11-27,你好，交易 T01005：優惠回饋金一直沒有入帳，App 上查不到紀錄，請重新計算。麻煩了。
C00759,A0720,T00129,2024-10-20,想反映一件事：交易 T00129：同一筆消費被扣了兩次，App 上查不到紀錄，請重新計算。請盡快回覆。
C00760,A0706,T01503,2024-04-24,急件！交易 T01503：帳單上出現一筆我完全不認得的扣款。密碼好像被別人拿走了，請立刻凍結並退回款項。希望今天能處理。
C00761,A0393,T00333,2024-04-26,麻煩處理一下，交易 T00333：這筆不是我本人操作的。我已經報警了，懷疑資料外洩，請查明。請盡快回覆。
C00762,A0469,T00401,2024-02-05,交易 T00401：這筆交易未經我同意。那天我人在國外，懷疑資料外洩，請查明。
C00763,A0375,T01694,2024-11-09,想反映一件事：交易 T01694：這筆交易未經我同意。卡一直在我身上，請立刻凍結並退回款項。麻煩了。
C00764,A0050,T01176,2024-11-05,想反映一件事：交易 T01176：我原本以為被盜刷，後來想起是小孩用我手機買點數，只是金額跟發票不符。希望今天能處理。
C00765,A0721,T02302,2024-07-17,交易 T02302：分期利息跟當初說的不一樣，客服電話一直打不通，請說明原因。已經是第二次反映了。
C00766,A0315,T00887,2024-06-04,您好，交易 T00887：差點就當成盜用報案了，查了才知道是自己訂閱的服務續約，但店員多打了一個零。請盡快回覆。
C00767,A0580,T00029,2024-08-11,您好，交易 T00029：退款申請送出三週了還沒有消息，已經寫信反映過一次，請協助處理。希望今天能處理。
C00768,A0512,T02171,2024-11-06,您好，交易 T02171：同一筆消費被扣了兩次，分行說要我自己處理，請重新計算。已經是第二次反映了。
C00769,A0114,T00431,2024-03-04,您好，交易 T00431：同一筆消費被扣了兩次，請盡快回覆。已經是第二次反映了。
C00770,A0058,X00278,2024-08-04,想反映一件事：交易 X00278：有人冒用我的帳號付款。卡一直在我身上，請盡快把錢退回來。
C00771,A0723,T01078,2024-10-22,您好，交易 T01078：出現一筆陌生的消費。那天我人在國外，請當作冒用處理。已經是第二次反映了。
C00772,A0418,T01825,2024-06-19,客服您好，交易 T01825：帳單上出現一筆我完全不認得的扣款。手機沒收到任何驗證碼，請協助爭議款處理。請盡快回覆。
C00773,A0069,T00013,2024-01-27,客服您好，交易 T00013：退款申請送出三週了還沒有消息，客服電話一直打不通，請說明原因。謝謝。
C00774,A0760,T01826,2024-08-12,你好，交易 T01826：ATM 吐鈔少了一張但全額扣款，已經寫信反映過一次，請協助處理。麻煩了。
C00775,A0160,T02375,2024-04-10,麻煩處理一下，交易 T02375：外幣匯率跟官網公告差很多，已經寫信反映過一次，請重新計算。麻煩了。
C00776,A0729,T00683,2024-02-28,客服您好，交易 T00683：ATM 吐鈔少了一張但全額扣款，App 上查不到紀錄，請重新計算。已經是第二次反映了。
C00777,A0321,T00733,2024-11-11,你好，交易 T00733：差點就當成盜用報案了，核對後是我在店裡刷的，想問怎麼取消。已經是第二次反映了。
C00778,A0448,T01027,2024-03-19,急件！交易 T01027：優惠回饋金一直沒有入帳，已經寫信反映過一次，請協助處理。已經是第二次反映了。
C00779,A0602,T02228,2024-06-07,麻煩處理一下，交易 T02228：一開始懷疑卡片被冒用，後來想起是小孩用我手機買點數，希望可以減免。麻煩了。
C00780,A0601,T01998,2024-07-20,你好，交易 T01998：帳單上出現一筆我完全不認得的扣款。那天我人在國外，要求調查是誰用的。請盡快回覆。
C00781,A0195,T02596,2024-07-07,你好，交易 T02596：退款申請送出三週了還沒有消息，已經寫信反映過一次，請重新計算。麻煩了。
C00782,A0013,X00289,2024-04-27,交易 X00289：手續費沒有事先告知，請說明原因。請盡快回覆。
C00783,A0699,T01598,2024-12-07,你好，交易 T01598：我從來沒有刷過這筆。我已經報警了，要求調查是誰用的。已經是第二次反映了。
C00784,A0772,T00942,2024-12-21,您好，交易 T00942：ATM 吐鈔少了一張但全額扣款，App 上查不到紀錄，希望可以退還。已經是第二次反映了。
C00785,A0457,T01243,2024-07-22,想反映一件事：交易 T01243：手續費沒有事先告知，請協助處理。麻煩了。
C00786,A0716,T00336,2024-06-25,想反映一件事：交易 T00336：退款申請送出三週了還沒有消息，分行說要我自己處理，請協助處理。希望今天能處理。
C00787,A0031,T02032,2024-01-11,客服您好，交易 T02032：手續費沒有事先告知，已經寫信反映過一次，希望可以退還。麻煩了。
C00788,A0524,T00759,2024-10-16,您好，交易 T00759：外幣匯率跟官網公告差很多，客服電話一直打不通，請協助處理。請盡快回覆。
C00789,A0027,X00214,2024-06-04,客服您好，交易 X00214：朋友說這種扣款可能是盜刷，打電話問才知道是年費，只是金額跟發票不符。
C00790,A0028,T00898,2024-11-20,客服您好，交易 T00898：外幣匯率跟官網公告差很多，客服電話一直打不通，希望可以退還。麻煩了。
C00791,A0255,T01623,2024-06-07,你好，交易 T01623：外幣匯率跟官網公告差很多，已經寫信反映過一次，請說明原因。
C00792,A0667,T01330,2024-05-19,客服您好，交易 T01330：手續費沒有事先告知，客服電話一直打不通，請說明原因。
C00793,A0141,T00037,2024-09-11,交易 T00037：出現一筆陌生的消費。卡一直在我身上，請盡快把錢退回來。請盡快回覆。
C00794,A0041,X00233,2024-10-05,急件！交易 X00233：付款時一直跳錯誤卻被扣了錢，客服電話一直打不通，請說明原因。麻煩了。
C00795,A0235,T02590,2024-06-12,麻煩處理一下，交易 T02590：ATM 吐鈔少了一張但全額扣款，已經寫信反映過一次，請說明原因。請盡快回覆。
C00796,A0665,T02300,2024-11-19,客服您好，交易 T02300：外幣匯率跟官網公告差很多，請說明原因。謝謝。
C00797,A0247,T01766,2024-11-02,想反映一件事：交易 T01766：外幣匯率跟官網公告差很多，分行說要我自己處理，請重新計算。希望今天能處理。
C00798,A0032,T02441,2024-02-03,你好，交易 T02441：本來想申報陌生扣款，查了才知道是自己訂閱的服務續約，但店員多打了一個零。麻煩了。
C00799,A0013,X00030,2024-11-15,麻煩處理一下，交易 X00030：ATM 吐鈔少了一張但全額扣款，已經寫信反映過一次，請重新計算。已經是第二次反映了。
C00800,A0517,T01555,2024-08-14,客服您好，交易 T01555：外幣匯率跟官網公告差很多，客服電話一直打不通，請協助處理。謝謝。
C00801,A0554,T00019,2024-10-07,你好，交易 T00019：同一筆消費被扣了兩次，App 上查不到紀錄，請協助處理。希望今天能處理。
C00802,A0534,T01046,2024-12-11,麻煩處理一下，交易 T01046：優惠回饋金一直沒有入帳，請協助處理。
C00803,A0299,T01492,2024-08-22,您好，交易 T01492：分期利息跟當初說的不一樣，已經寫信反映過一次，請協助處理。謝謝。
C00804,A0071,T01166,2024-04-22,急件！交易 T01166：朋友說這種扣款可能是盜刷，後來發現是家人刷的，想問能不能退。謝謝。
C00805,A0013,X00138,2024-07-07,麻煩處理一下，交易 X00138：差點就當成盜用報案了，後來發現是家人刷的，想問怎麼取消。已經是第二次反映了。
C00806,A0772,T00942,2024-12-21,您好，交易 T00942：ATM 吐鈔少了一張但全額扣款，已經寫信反映過一次，希望可以退還。希望今天能處理。
C00807,A0296,T02173,2024-06-08,想反映一件事：交易 T02173：同一筆消費被扣了兩次，請說明原因。
C00808,A0141,T00037,2024-09-11,你好，交易 T00037：我從來沒有刷過這筆。卡一直在我身上，請協助爭議款處理。
C00809,A0566,T01362,2024-05-24,急件！交易 T01362：退款申請送出三週了還沒有消息，已經寫信反映過一次，請說明原因。
C00810,A0739,T00032,2024-03-07,您好，交易 T00032：一開始懷疑卡片被冒用，查了才知道是自己訂閱的服務續約，想問怎麼取消。麻煩了。
C00811,A0500,T02494,2024-06-17,麻煩處理一下，交易 T02494：分期利息跟當初說的不一樣，已經寫信反映過一次，請說明原因。希望今天能處理。
C00812,A0506,T01081,2024-07-21,您好，交易 T01081：分期利息跟當初說的不一樣，分行說要我自己處理，請協助處理。已經是第二次反映了。
C00813,A0643,T02379,2024-06-27,你好，交易 T02379：差點就當成盜用報案了，後來想起是小孩用我手機買點數，想問怎麼取消。麻煩了。
C00814,A0131,T02093,2024-12-08,交易 T02093：差點就當成盜用報案了，後來想起是小孩用我手機買點數，只是金額跟發票不符。謝謝。
C00815,A0684,T01429,2024-03-05,急件！交易 T01429：優惠回饋金一直沒有入帳，已經寫信反映過一次，希望可以退還。希望今天能處理。
C00816,A0071,T01288,2024-10-24,交易 T01288：這筆不是我本人操作的。時間是半夜三點，我在睡覺，要求調查是誰用的。已經是第二次反映了。
C00817,A0032,T01619,2024-11-01,麻煩處理一下，交易 T01619：我原本以為被盜刷，後來想起是小孩用我手機買點數，只是想確認帳單日期。謝謝。
C00818,A0544,T00511,2024-03-05,客服您好，交易 T00511：本來想申報陌生扣款，核對後是我在店裡刷的，但退款到現在還沒入帳。請盡快回覆。
C00819,A0269,T01860,2024-08-23,交易 T01860：我從來沒有刷過這筆。卡一直在我身上，請協助爭議款處理。謝謝。
C00820,A0582,T01321,2024-11-24,你好，交易 T01321：我的卡被盜刷了。我已經報警了，請盡快把錢退回來。已經是第二次反映了。
C00821,A0208,T01602,2024-05-07,你好，交易 T01602：實際扣款比收據多了一些，已經寫信反映過一次，請盡快回覆。謝謝。
C00822,A0162,T00169,2024-05-05,客服您好，交易 T00169：優惠回饋金一直沒有入帳，已經寫信反映過一次，希望可以退還。謝謝。
C00823,A0576,T01679,2024-07-26,想反映一件事：交易 T01679：這個商家我從沒聽過，卻扣了我的錢。那天我人在國外，請立刻凍結並退回款項。請盡快回覆。
C00824,A0487,T01539,2024-04-14,交易 T01539：付款時一直跳錯誤卻被扣了錢，已經寫信反映過一次，請重新計算。希望今天能處理。
C00825,A0340,T00605,2024-03-16,客服您好，交易 T00605：這筆交易未經我同意。手機沒收到任何驗證碼，請立刻凍結並退回款項。
C00826,A0426,T00392,2024-03-01,急件！交易 T00392：退款申請送出三週了還沒有消息，分行說要我自己處理，請重新計算。請盡快回覆。
C00827,A0136,T01082,2024-02-25,麻煩處理一下，交易 T01082：我的卡被盜刷了。那天我人在國外，請當作冒用處理。
C00828,A0480,T00473,2024-10-18,您好，交易 T00473：本來想申報陌生扣款，打電話問才知道是年費，只是想確認帳單日期。麻煩了。
C00829,A0799,T02020,2024-11-11,麻煩處理一下，交易 T02020：分期利息跟當初說的不一樣，請重新計算。希望今天能處理。
C00830,A0749,T02285,2024-07-18,客服您好，交易 T02285：我的卡被盜刷了。時間是半夜三點，我在睡覺，請當作冒用處理。希望今天能處理。
C00831,A0697,T02392,2024-01-26,交易 T02392：這筆不是我本人操作的。那天我人在國外，請協助爭議款處理。麻煩了。
C00832,A0506,T02306,2024-12-11,麻煩處理一下，交易 T02306：我的卡被盜刷了。密碼好像被別人拿走了，請盡快把錢退回來。謝謝。
C00833,A0484,T01922,2024-03-05,想反映一件事：交易 T01922：分期利息跟當初說的不一樣，分行說要我自己處理，請盡快回覆。已經是第二次反映了。
C00834,A0437,T00923,2024-12-15,您好，交易 T00923：外幣匯率跟官網公告差很多，客服電話一直打不通，請說明原因。希望今天能處理。
C00835,A0085,T01482,2024-12-20,你好，交易 T01482：出現一筆陌生的消費。時間是半夜三點，我在睡覺，懷疑資料外洩，請查明。
C00836,A0758,T00911,2024-05-02,急件！交易 T00911：手續費沒有事先告知，請說明原因。謝謝。
C00837,A0530,T02236,2024-03-26,急件！交易 T02236：這筆交易未經我同意。手機沒收到任何驗證碼，請協助爭議款處理。已經是第二次反映了。
C00838,A0013,X00308,2024-11-24,麻煩處理一下，交易 X00308：付款時一直跳錯誤卻被扣了錢，App 上查不到紀錄，請盡快回覆。謝謝。
C00839,A0196,T01584,2024-12-22,急件！交易 T01584：ATM 吐鈔少了一張但全額扣款，已經寫信反映過一次，請盡快回覆。已經是第二次反映了。
C00840,A0334,T02041,2024-08-05,你好，交易 T02041：優惠回饋金一直沒有入帳，已經寫信反映過一次，請盡快回覆。
C00841,A0290,T01714,2024-01-22,急件！交易 T01714：退款申請送出三週了還沒有消息，客服電話一直打不通，請重新計算。
C00842,A0535,T00317,2024-03-23,想反映一件事：交易 T00317：差點就當成盜用報案了，結果確認是我自己買的，希望可以減免。麻煩了。
C00843,A0356,T00816,2024-02-20,交易 T00816：這個商家我從沒聽過，卻扣了我的錢。手機沒收到任何驗證碼，要求調查是誰用的。希望今天能處理。
C00844,A0603,T00077,2024-12-09,麻煩處理一下，交易 T00077：實際扣款比收據多了一些，客服電話一直打不通，請說明原因。已經是第二次反映了。
C00845,A0660,T00980,2024-08-05,交易 T00980：出現一筆陌生的消費。卡一直在我身上，請盡快把錢退回來。請盡快回覆。
C00846,A0311,T00144,2024-04-13,急件！交易 T00144：實際扣款比收據多了一些，已經寫信反映過一次，請說明原因。請盡快回覆。
C00847,A0655,T02442,2024-10-02,交易 T02442：本來想申報陌生扣款，結果確認是我自己買的，但退款到現在還沒入帳。請盡快回覆。
C00848,A0655,T01319,2024-01-11,麻煩處理一下，交易 T01319：這筆不是我本人操作的。時間是半夜三點，我在睡覺，要求調查是誰用的。希望今天能處理。
C00849,A0222,T00563,2024-12-24,想反映一件事：交易 T00563：退款申請送出三週了還沒有消息，分行說要我自己處理，請說明原因。
C00850,A0175,T01806,2024-07-02,你好，交易 T01806：這筆交易未經我同意。那天我人在國外，請協助爭議款處理。
C00851,A0434,T01122,2024-04-24,客服您好，交易 T01122：ATM 吐鈔少了一張但全額扣款，已經寫信反映過一次，請盡快回覆。請盡快回覆。
C00852,A0087,T02584,2024-04-15,你好，交易 T02584：手續費沒有事先告知，已經寫信反映過一次，希望可以退還。希望今天能處理。
C00853,A0461,T00795,2024-10-23,麻煩處理一下，交易 T00795：本來想申報陌生扣款，後來發現是家人刷的，但退款到現在還沒入帳。希望今天能處理。
C00854,A0112,T00234,2024-03-28,客服您好，交易 T00234：這個商家我從沒聽過，卻扣了我的錢。那天我人在國外，懷疑資料外洩，請查明。麻煩了。
C00855,A0695,T02404,2024-07-26,您好，交易 T02404：同一筆消費被扣了兩次，已經寫信反映過一次，請說明原因。麻煩了。
C00856,A0541,T01188,2024-10-21,你好，交易 T01188：手續費沒有事先告知，App 上查不到紀錄，請說明原因。
C00857,A0141,T00037,2024-09-11,你好，交易 T00037：有人冒用我的帳號付款。密碼好像被別人拿走了，請當作冒用處理。謝謝。
C00858,A0644,T00798,2024-05-09,您好，交易 T00798：實際扣款比收據多了一些，App 上查不到紀錄，請重新計算。請盡快回覆。
C00859,A0772,T00642,2024-02-28,客服您好，交易 T00642：這個商家我從沒聽過，卻扣了我的錢。那天我人在國外，請盡快把錢退回來。謝謝。
C00860,A0460,T01101,2024-04-18,想反映一件事：交易 T01101：ATM 吐鈔少了一張但全額扣款，請說明原因。希望今天能處理。
C00861,A0490,T00055,2024-01-26,麻煩處理一下，交易 T00055：優惠回饋金一直沒有入帳，客服電話一直打不通，請重新計算。
C00862,A0798,T01116,2024-01-08,急件！交易 T01116：優惠回饋金一直沒有入帳，客服電話一直打不通，請重新計算。謝謝。
C00863,A0013,X00225,2024-05-26,急件！交易 X00225：外幣匯率跟官網公告差很多，已經寫信反映過一次，請重新計算。麻煩了。
C00864,A0340,T00036,2024-06-02,想反映一件事：交易 T00036：外幣匯率跟官網公告差很多，App 上查不到紀錄，希望可以退還。謝謝。
C00865,A0103,T02124,2024-05-19,你好，交易 T02124：分期利息跟當初說的不一樣，已經寫信反映過一次，請盡快回覆。謝謝。
C00866,A0581,T01948,2024-01-08,想反映一件事：交易 T01948：我從來沒有刷過這筆。那天我人在國外，請立刻凍結並退回款項。請盡快回覆。
C00867,A0484,T01922,2024-03-05,交易 T01922：朋友說這種扣款可能是盜刷，結果確認是我自己買的，但店員多打了一個零。已經是第二次反映了。
C00868,A0041,T00847,2024-11-13,客服您好，交易 T00847：手續費沒有事先告知，分行說要我自己處理，請盡快回覆。希望今天能處理。
C00869,A0655,T01319,2024-01-11,客服您好，交易 T01319：實際扣款比收據多了一些，客服電話一直打不通，希望可以退還。謝謝。
C00870,A0058,X00107,2024-05-23,你好，交易 X00107：我的卡被盜刷了。手機沒收到任何驗證碼，請立刻凍結並退回款項。請盡快回覆。
C00871,A0085,T02575,2024-09-12,想反映一件事：交易 T02575：實際扣款比收據多了一些，已經寫信反映過一次，請協助處理。
C00872,A0280,T00879,2024-03-07,想反映一件事：交易 T00879：優惠回饋金一直沒有入帳，請說明原因。請盡快回覆。
C00873,A0058,X00065,2024-04-22,你好，交易 X00065：優惠回饋金一直沒有入帳，App 上查不到紀錄，請說明原因。請盡快回覆。
C00874,A0735,T00595,2024-05-10,客服您好，交易 T00595：朋友說這種扣款可能是盜刷，查了才知道是自己訂閱的服務續約，想問怎麼取消。請盡快回覆。
C00875,A0376,T01342,2024-09-07,交易 T01342：實際扣款比收據多了一些，希望可以退還。麻煩了。
C00876,A0630,T01019,2024-05-20,您好，交易 T01019：手續費沒有事先告知，已經寫信反映過一次，請重新計算。希望今天能處理。
C00877,A0378,T00190,2024-09-25,麻煩處理一下，交易 T00190：實際扣款比收據多了一些，希望可以退還。希望今天能處理。
C00878,A0002,T01271,2024-09-02,客服您好，交易 T01271：分期利息跟當初說的不一樣，已經寫信反映過一次，請盡快回覆。謝謝。
C00879,A0701,T00383,2024-02-18,急件！交易 T00383：ATM 吐鈔少了一張但全額扣款，請重新計算。
C00880,A0044,T00774,2024-11-05,您好，交易 T00774：外幣匯率跟官網公告差很多，App 上查不到紀錄，請說明原因。已經是第二次反映了。
C00881,A0041,X00012,2024-08-22,想反映一件事：交易 X00012：這個商家我從沒聽過，卻扣了我的錢。家人都確認過沒用過這張卡，懷疑資料外洩，請查明。已經是第二次反映了。
C00882,A0523,T02243,2024-10-08,急件！交易 T02243：實際扣款比收據多了一些，App 上查不到紀錄，請說明原因。謝謝。
C00883,A0791,T01876,2024-10-03,您好，交易 T01876：同一筆消費被扣了兩次，App 上查不到紀錄，請重新計算。請盡快回覆。
C00884,A0349,T01109,2024-12-01,交易 T01109：這筆不是我本人操作的。我已經報警了，懷疑資料外洩，請查明。希望今天能處理。
C00885,A0041,X00033,2024-07-03,您好，交易 X00033：這筆不是我本人操作的。那天我人在國外，請當作冒用處理。請盡快回覆。
C00886,A0321,T00515,2024-01-26,急件！交易 T00515：手續費沒有事先告知，App 上查不到紀錄，請說明原因。請盡快回覆。
C00887,A0773,T00321,2024-08-16,交易 T00321：優惠回饋金一直沒有入帳，分行說要我自己處理，希望可以退還。已經是第二次反映了。
C00888,A0412,T01045,2024-12-11,急件！交易 T01045：一開始懷疑卡片被冒用，後來想起是小孩用我手機買點數，只是金額跟發票不符。請盡快回覆。
C00889,A0534,T00477,2024-12-14,你好，交易 T00477：我原本以為被盜刷，結果確認是我自己買的，但店員多打了一個零。已經是第二次反映了。
C00890,A0184,T02524,2024-07-03,客服您好，交易 T02524：我的卡被盜刷了。手機沒收到任何驗證碼，請立刻凍結並退回款項。
C00891,A0563,T01486,2024-06-02,交易 T01486：手續費沒有事先告知，請說明原因。請盡快回覆。
C00892,A0460,T01832,2024-01-20,你好，交易 T01832：帳單上出現一筆我完全不認得的扣款。家人都確認過沒用過這張卡，懷疑資料外洩，請查明。請盡快回覆。
C00893,A0248,T01531,2024-05-01,麻煩處理一下，交易 T01531：付款時一直跳錯誤卻被扣了錢，客服電話一直打不通，請盡快回覆。麻煩了。
C00894,A0135,T01548,2024-11-14,急件！交易 T01548：這筆不是我本人操作的。手機沒收到任何驗證碼，請協助爭議款處理。希望今天能處理。
C00895,A0671,T00970,2024-11-26,交易 T00970：朋友說這種扣款可能是盜刷，後來發現是家人刷的，但店員多打了一個零。請盡快回覆。
C00896,A0437,T00923,2024-12-15,你好，交易 T00923：付款時一直跳錯誤卻被扣了錢，App 上查不到紀錄，請協助處理。請盡快回覆。
C00897,A0045,T01665,2024-07-15,您好，交易 T01665：我從來沒有刷過這筆。我已經報警了，請盡快把錢退回來。請盡快回覆。
C00898,A0605,T00087,2024-12-02,急件！交易 T00087：實際扣款比收據多了一些，請說明原因。希望今天能處理。
C00899,A0442,T00368,2024-12-18,客服您好，交易 T00368：實際扣款比收據多了一些，已經寫信反映過一次，請說明原因。請盡快回覆。
C00900,A0025,T01313,2024-02-05,客服您好，交易 T01313：同一筆消費被扣了兩次，分行說要我自己處理，請說明原因。謝謝。
C00901,A0058,X00237,2024-10-12,您好，交易 X00237：我的卡被盜刷了。密碼好像被別人拿走了，懷疑資料外洩，請查明。請盡快回覆。
C00902,A0705,T01174,2024-12-02,急件！交易 T01174：付款時一直跳錯誤卻被扣了錢，分行說要我自己處理，請說明原因。
C00903,A0136,T00925,2024-01-19,想反映一件事：交易 T00925：我原本以為被盜刷，後來發現是家人刷的，只是想確認帳單日期。麻煩了。
C00904,A0160,T02375,2024-04-10,交易 T02375：一開始懷疑卡片被冒用，核對後是我在店裡刷的，只是想確認帳單日期。請盡快回覆。
C00905,A0643,T02468,2024-01-02,想反映一件事：交易 T02468：我的卡被盜刷了。那天我人在國外，請盡快把錢退回來。
C00906,A0512,T02171,2024-11-06,客服您好，交易 T02171：我原本以為被盜刷，後來發現是家人刷的，只是金額跟發票不符。請盡快回覆。
C00907,A0041,X00135,2024-12-10,交易 X00135：ATM 吐鈔少了一張但全額扣款，已經寫信反映過一次，希望可以退還。已經是第二次反映了。
C00908,A0013,X00097,2024-11-17,麻煩處理一下，交易 X00097：手續費沒有事先告知，請說明原因。謝謝。
C00909,A0649,T01367,2024-12-13,你好，交易 T01367：一開始懷疑卡片被冒用，查了才知道是自己訂閱的服務續約，希望可以減免。已經是第二次反映了。
C00910,A0106,T01950,2024-07-10,你好，交易 T01950：外幣匯率跟官網公告差很多，已經寫信反映過一次，請盡快回覆。謝謝。
C00911,A0755,T01594,2024-04-13,急件！交易 T01594：差點就當成盜用報案了，核對後是我在店裡刷的，想問能不能退。麻煩了。
C00912,A0151,T01590,2024-07-11,您好，交易 T01590：手續費沒有事先告知，App 上查不到紀錄，請說明原因。
C00913,A0027,X00331,2024-04-14,想反映一件事：交易 X00331：手續費沒有事先告知，已經寫信反映過一次，請重新計算。謝謝。
C00914,A0059,T01884,2024-06-23,你好，交易 T01884：外幣匯率跟官網公告差很多，分行說要我自己處理，希望可以退還。麻煩了。
C00915,A0334,T02041,2024-08-05,客服您好，交易 T02041：看到通知還以為是詐騙，查了才知道是自己訂閱的服務續約，想問能不能退。請盡快回覆。
C00916,A0213,T00704,2024-05-21,急件！交易 T00704：手續費沒有事先告知，請重新計算。謝謝。
C00917,A0629,T00005,2024-05-13,交易 T00005：分期利息跟當初說的不一樣，希望可以退還。請盡快回覆。
C00918,A0212,T01541,2024-03-05,麻煩處理一下，交易 T01541：付款時一直跳錯誤卻被扣了錢，App 上查不到紀錄，希望可以退還。
C00919,A0518,T01604,2024-07-26,交易 T01604：帳單上出現一筆我完全不認得的扣款。卡一直在我身上，懷疑資料外洩，請查明。請盡快回覆。
C00920,A0280,T01682,2024-01-04,急件！交易 T01682：有人冒用我的帳號付款。密碼好像被別人拿走了，要求調查是誰用的。已經是第二次反映了。
C00921,A0692,T01470,2024-11-03,客服您好，交易 T01470：本來想申報陌生扣款，核對後是我在店裡刷的，希望可以減免。麻煩了。
C00922,A0125,T01089,2024-09-20,想反映一件事：交易 T01089：手續費沒有事先告知，App 上查不到紀錄，請重新計算。請盡快回覆。
C00923,A0547,T01281,2024-03-02,急件！交易 T01281：這個商家我從沒聽過，卻扣了我的錢。密碼好像被別人拿走了，請立刻凍結並退回款項。麻煩了。
C00924,A0676,T00313,2024-02-24,你好，交易 T00313：退款申請送出三週了還沒有消息，請重新計算。謝謝。
C00925,A0355,T02462,2024-10-07,麻煩處理一下，交易 T02462：付款時一直跳錯誤卻被扣了錢，客服電話一直打不通，請協助處理。麻煩了。
C00926,A0101,T00375,2024-01-25,客服您好，交易 T00375：分期利息跟當初說的不一樣，客服電話一直打不通，希望可以退還。謝謝。
C00927,A0041,X00244,2024-06-03,客服您好，交易 X00244：朋友說這種扣款可能是盜刷，後來發現是家人刷的，想問能不能退。麻煩了。
C00928,A0124,T00424,2024-01-21,您好，交易 T00424：同一筆消費被扣了兩次，App 上查不到紀錄，希望可以退還。
C00929,A0006,T00971,2024-10-26,麻煩處理一下，交易 T00971：手續費沒有事先告知，分行說要我自己處理，請說明原因。請盡快回覆。
C00930,A0544,T01945,2024-11-04,麻煩處理一下，交易 T01945：同一筆消費被扣了兩次，分行說要我自己處理，請說明原因。希望今天能處理。
C00931,A0149,T01433,2024-05-09,客服您好，交易 T01433：手續費沒有事先告知，已經寫信反映過一次，希望可以退還。已經是第二次反映了。
C00932,A0723,T02060,2024-12-15,急件！交易 T02060：優惠回饋金一直沒有入帳，希望可以退還。已經是第二次反映了。
C00933,A0217,T02496,2024-11-07,急件！交易 T02496：一開始懷疑卡片被冒用，結果確認是我自己買的，希望可以減免。請盡快回覆。
C00934,A0172,T00297,2024-02-17,麻煩處理一下，交易 T00297：ATM 吐鈔少了一張但全額扣款，已經寫信反映過一次，請重新計算。麻煩了。
C00935,A0716,T00336,2024-06-25,交易 T00336：本來想申報陌生扣款，後來發現是家人刷的，但店員多打了一個零。謝謝。
C00936,A0255,T02344,2024-10-02,客服您好，交易 T02344：我的卡被盜刷了。時間是半夜三點，我在睡覺，請盡快把錢退回來。請盡快回覆。
C00937,A0237,T01745,2024-04-13,麻煩處理一下，交易 T01745：同一筆消費被扣了兩次，已經寫信反映過一次，請盡快回覆。已經是第二次反映了。
C00938,A0436,T02436,2024-03-17,急件！交易 T02436：同一筆消費被扣了兩次，已經寫信反映過一次，請說明原因。已經是第二次反映了。
C00939,A0323,T02530,2024-03-19,想反映一件事：交易 T02530：ATM 吐鈔少了一張但全額扣款，客服電話一直打不通，請說明原因。請盡快回覆。
C00940,A0017,T01460,2024-02-03,您好，交易 T01460：外幣匯率跟官網公告差很多，App 上查不到紀錄，希望可以退還。謝謝。
C00941,A0314,T00651,2024-01-21,想反映一件事：交易 T00651：退款申請送出三週了還沒有消息，客服電話一直打不通，希望可以退還。
C00942,A0681,T01498,2024-10-27,急件！交易 T01498：一開始懷疑卡片被冒用，結果確認是我自己買的，但店員多打了一個零。謝謝。
C00943,A0224,T02453,2024-07-11,客服您好，交易 T02453：有人冒用我的帳號付款。密碼好像被別人拿走了，要求調查是誰用的。請盡快回覆。
C00944,A0712,T00328,2024-09-15,你好，交易 T00328：看到通知還以為是詐騙，核對後是我在店裡刷的，想問能不能退。已經是第二次反映了。
C00945,A0765,T01408,2024-06-24,急件！交易 T01408：退款申請送出三週了還沒有消息，App 上查不到紀錄，請重新計算。麻煩了。
C00946,A0319,T00334,2024-02-20,交易 T00334：退款申請送出三週了還沒有消息，App 上查不到紀錄，請盡快回覆。希望今天能處理。
C00947,A0681,T00792,2024-09-13,想反映一件事：交易 T00792：分期利息跟當初說的不一樣，App 上查不到紀錄，請重新計算。
C00948,A0078,T02094,2024-06-01,您好，交易 T02094：同一筆消費被扣了兩次，分行說要我自己處理，請盡快回覆。
C00949,A0100,T02181,2024-08-27,急件！交易 T02181：本來想申報陌生扣款，打電話問才知道是年費，只是金額跟發票不符。麻煩了。
C00950,A0645,T02157,2024-08-23,客服您好，交易 T02157：這筆交易未經我同意。我已經報警了，請立刻凍結並退回款項。麻煩了。
C00951,A0463,T01114,2024-12-12,想反映一件事：交易 T01114：本來想申報陌生扣款，後來發現是家人刷的，但店員多打了一個零。希望今天能處理。
C00952,A0633,T00387,2024-05-03,想反映一件事：交易 T00387：同一筆消費被扣了兩次，已經寫信反映過一次，請協助處理。已經是第二次反映了。
C00953,A0249,T00749,2024-03-16,想反映一件事：交易 T00749：ATM 吐鈔少了一張但全額扣款，請協助處理。謝謝。
C00954,A0391,T02460,2024-12-13,你好，交易 T02460：同一筆消費被扣了兩次，已經寫信反映過一次，請協助處理。請盡快回覆。
C00955,A0762,T01863,2024-05-11,客服您好，交易 T01863：我原本以為被盜刷，後來發現是家人刷的，但店員多打了一個零。麻煩了。
C00956,A0367,T02292,2024-05-07,交易 T02292：出現一筆陌生的消費。密碼好像被別人拿走了，要求調查是誰用的。請盡快回覆。
C00957,A0208,T01711,2024-08-13,麻煩處理一下，交易 T01711：這筆交易未經我同意。密碼好像被別人拿走了，請盡快把錢退回來。已經是第二次反映了。
C00958,A0102,T00165,2024-10-24,您好，交易 T00165：退款申請送出三週了還沒有消息，請協助處理。謝謝。
C00959,A0353,T02597,2024-12-05,交易 T02597：一開始懷疑卡片被冒用，後來發現是家人刷的，想問怎麼取消。
C00960,A0436,T01728,2024-11-11,麻煩處理一下，交易 T01728：外幣匯率跟官網公告差很多，請協助處理。請盡快回覆。
C00961,A0289,T00465,2024-11-15,客服您好，交易 T00465：這筆交易未經我同意。家人都確認過沒用過這張卡，要求調查是誰用的。已經是第二次反映了。
C00962,A0040,T00684,2024-08-15,想反映一件事：交易 T00684：朋友說這種扣款可能是盜刷，後來想起是小孩用我手機買點數，只是想確認帳單日期。希望今天能處理。
C00963,A0073,T01103,2024-05-19,交易 T01103：本來想申報陌生扣款，打電話問才知道是年費，希望可以減免。謝謝。
C00964,A0353,T02597,2024-12-05,您好，交易 T02597：出現一筆陌生的消費。家人都確認過沒用過這張卡，請盡快把錢退回來。麻煩了。
C00965,A0419,T00310,2024-07-06,客服您好，交易 T00310：外幣匯率跟官網公告差很多，請說明原因。
C00966,A0728,T02016,2024-09-02,急件！交易 T02016：優惠回饋金一直沒有入帳，App 上查不到紀錄，請盡快回覆。希望今天能處理。
C00967,A0066,X00048,2024-04-07,麻煩處理一下，交易 X00048：ATM 吐鈔少了一張但全額扣款，App 上查不到紀錄，請協助處理。請盡快回覆。
C00968,A0368,T01807,2024-01-13,交易 T01807：實際扣款比收據多了一些，App 上查不到紀錄，請協助處理。謝謝。
C00969,A0585,T02380,2024-10-07,急件！交易 T02380：ATM 吐鈔少了一張但全額扣款，App 上查不到紀錄，請協助處理。
C00970,A0637,T00288,2024-07-23,麻煩處理一下，交易 T00288：這筆交易未經我同意。手機沒收到任何驗證碼，請立刻凍結並退回款項。麻煩了。
C00971,A0584,T02567,2024-01-02,你好，交易 T02567：外幣匯率跟官網公告差很多，App 上查不到紀錄，請盡快回覆。
C00972,A0466,T00727,2024-08-08,客服您好，交易 T00727：退款申請送出三週了還沒有消息，客服電話一直打不通，請盡快回覆。麻煩了。
C00973,A0288,T00747,2024-12-20,急件！交易 T00747：ATM 吐鈔少了一張但全額扣款，分行說要我自己處理，請說明原因。謝謝。
C00974,A0312,T01242,2024-03-19,交易 T01242：我從來沒有刷過這筆。時間是半夜三點，我在睡覺，請盡快把錢退回來。請盡快回覆。
C00975,A0477,T02549,2024-06-26,麻煩處理一下，交易 T02549：實際扣款比收據多了一些，已經寫信反映過一次，請協助處理。已經是第二次反映了。
C00976,A0342,T02557,2024-03-19,交易 T02557：手續費沒有事先告知，請盡快回覆。謝謝。
C00977,A0330,T00616,2024-08-13,急件！交易 T00616：手續費沒有事先告知，希望可以退還。已經是第二次反映了。
C00978,A0139,T02179,2024-05-03,急件！交易 T02179：優惠回饋金一直沒有入帳，請盡快回覆。謝謝。
C00979,A0013,X00302,2024-04-06,麻煩處理一下，交易 X00302：一開始懷疑卡片被冒用，後來想起是小孩用我手機買點數，但店員多打了一個零。麻煩了。
C00980,A0041,X00122,2024-06-16,您好，交易 X00122：ATM 吐鈔少了一張但全額扣款，分行說要我自己處理，請盡快回覆。
C00981,A0590,T01369,2024-11-07,您好，交易 T01369：優惠回饋金一直沒有入帳，已經寫信反映過一次，請協助處理。請盡快回覆。
C00982,A0289,T00465,2024-11-15,客服您好，交易 T00465：ATM 吐鈔少了一張但全額扣款，App 上查不到紀錄，請說明原因。已經是第二次反映了。
C00983,A0312,T01801,2024-06-21,麻煩處理一下，交易 T01801：差點就當成盜用報案了，核對後是我在店裡刷的，只是想確認帳單日期。希望今天能處理。
C00984,A0730,T00836,2024-09-23,您好，交易 T00836：退款申請送出三週了還沒有消息，App 上查不到紀錄，請重新計算。麻煩了。
C00985,A0201,T02004,2024-12-13,你好，交易 T02004：帳單上出現一筆我完全不認得的扣款。手機沒收到任何驗證碼，請當作冒用處理。請盡快回覆。
C00986,A0468,T02031,2024-09-05,交易 T02031：實際扣款比收據多了一些，App 上查不到紀錄，請重新計算。謝謝。
C00987,A0003,T00679,2024-07-01,交易 T00679：出現一筆陌生的消費。密碼好像被別人拿走了，請立刻凍結並退回款項。謝謝。
C00988,A0431,T00538,2024-02-08,客服您好，交易 T00538：實際扣款比收據多了一些，App 上查不到紀錄，請重新計算。謝謝。
C00989,A0478,T01965,2024-03-09,麻煩處理一下，交易 T01965：我原本以為被盜刷，結果確認是我自己買的，希望可以減免。希望今天能處理。
C00990,A0360,T01705,2024-04-04,客服您好，交易 T01705：看到通知還以為是詐騙，後來想起是小孩用我手機買點數，想問能不能退。請盡快回覆。
C00991,A0127,T01572,2024-07-22,想反映一件事：交易 T01572：同一筆消費被扣了兩次，已經寫信反映過一次，請協助處理。謝謝。
C00992,A0746,T00902,2024-07-01,交易 T00902：退款申請送出三週了還沒有消息，客服電話一直打不通，希望可以退還。謝謝。
C00993,A0027,X00280,2024-05-24,急件！交易 X00280：我原本以為被盜刷，核對後是我在店裡刷的，但退款到現在還沒入帳。希望今天能處理。
C00994,A0303,T00417,2024-06-06,客服您好，交易 T00417：帳單上出現一筆我完全不認得的扣款。時間是半夜三點，我在睡覺，請協助爭議款處理。已經是第二次反映了。
C00995,A0741,T00787,2024-05-11,麻煩處理一下，交易 T00787：付款時一直跳錯誤卻被扣了錢，已經寫信反映過一次，希望可以退還。麻煩了。
C00996,A0058,T01644,2024-05-13,您好，交易 T01644：ATM 吐鈔少了一張但全額扣款，客服電話一直打不通，請盡快回覆。已經是第二次反映了。
C00997,A0695,T02595,2024-06-18,交易 T02595：手續費沒有事先告知，請說明原因。謝謝。
C00998,A0122,T00091,2024-02-06,麻煩處理一下，交易 T00091：ATM 吐鈔少了一張但全額扣款，App 上查不到紀錄，請說明原因。已經是第二次反映了。
C00999,A0032,T02479,2024-07-27,交易 T02479：我原本以為被盜刷，後來想起是小孩用我手機買點數，只是想確認帳單日期。
C01000,A0415,T01567,2024-11-19,想反映一件事：交易 T01567：優惠回饋金一直沒有入帳，請重新計算。希望今天能處理。
C01001,A0445,T02252,2024-02-19,想反映一件事：交易 T02252：優惠回饋金一直沒有入帳，分行說要我自己處理，請協助處理。請盡快回覆。
C01002,A0576,T01724,2024-01-23,你好，交易 T01724：退款申請送出三週了還沒有消息，已經寫信反映過一次，請盡快回覆。已經是第二次反映了。
C01003,A0037,T01037,2024-02-23,想反映一件事：交易 T01037：我從來沒有刷過這筆。我已經報警了，請盡快把錢退回來。希望今天能處理。
C01004,A0301,T00638,2024-01-22,您好，交易 T00638：外幣匯率跟官網公告差很多，請說明原因。請盡快回覆。
C01005,A0406,T01782,2024-01-26,客服您好，交易 T01782：外幣匯率跟官網公告差很多，請盡快回覆。
C01006,A0454,T01830,2024-09-15,急件！交易 T01830：差點就當成盜用報案了，後來發現是家人刷的，希望可以減免。已經是第二次反映了。
C01007,A0798,T00525,2024-02-04,你好，交易 T00525：帳單上出現一筆我完全不認得的扣款。手機沒收到任何驗證碼，要求調查是誰用的。謝謝。
C01008,A0534,T00477,2024-12-14,急件！交易 T00477：有人冒用我的帳號付款。家人都確認過沒用過這張卡，要求調查是誰用的。謝謝。
C01009,A0091,T02495,2024-04-05,想反映一件事：交易 T02495：朋友說這種扣款可能是盜刷，結果確認是我自己買的，希望可以減免。麻煩了。
C01010,A0553,T00509,2024-05-06,客服您好，交易 T00509：同一筆消費被扣了兩次，App 上查不到紀錄，希望可以退還。希望今天能處理。
C01011,A0545,T01534,2024-06-13,急件！交易 T01534：ATM 吐鈔少了一張但全額扣款，分行說要我自己處理，請重新計算。請盡快回覆。
C01012,A0407,T00251,2024-11-21,客服您好，交易 T00251：付款時一直跳錯誤卻被扣了錢，請重新計算。麻煩了。
C01013,A0256,T00125,2024-06-09,您好，交易 T00125：差點就當成盜用報案了，後來想起是小孩用我手機買點數，想問怎麼取消。麻煩了。
C01014,A0523,T02010,2024-05-13,麻煩處理一下，交易 T02010：本來想申報陌生扣款，後來想起是小孩用我手機買點數，只是想確認帳單日期。已經是第二次反映了。
C01015,A0353,T02087,2024-08-12,交易 T02087：外幣匯率跟官網公告差很多，客服電話一直打不通，請盡快回覆。謝謝。
C01016,A0041,X00109,2024-02-15,您好，交易 X00109：退款申請送出三週了還沒有消息，已經寫信反映過一次，請盡快回覆。希望今天能處理。
C01017,A0295,T00544,2024-09-21,想反映一件事：交易 T00544：優惠回饋金一直沒有入帳，請重新計算。希望今天能處理。
C01018,A0383,T02224,2024-07-07,麻煩處理一下，交易 T02224：本來想申報陌生扣款，打電話問才知道是年費，只是想確認帳單日期。
C01019,A0191,T01578,2024-01-12,你好，交易 T01578：優惠回饋金一直沒有入帳，請說明原因。希望今天能處理。
C01020,A0037,T00014,2024-11-03,客服您好，交易 T00014：本來想申報陌生扣款，打電話問才知道是年費，想問怎麼取消。希望今天能處理。
C01021,A0240,T01630,2024-03-16,你好，交易 T01630：付款時一直跳錯誤卻被扣了錢，App 上查不到紀錄，希望可以退還。已經是第二次反映了。
C01022,A0450,T01065,2024-07-06,急件！交易 T01065：差點就當成盜用報案了，後來想起是小孩用我手機買點數，但店員多打了一個零。謝謝。
C01023,A0071,T01166,2024-04-22,客服您好，交易 T01166：付款時一直跳錯誤卻被扣了錢，分行說要我自己處理，請盡快回覆。已經是第二次反映了。
C01024,A0142,T02541,2024-03-25,急件！交易 T02541：退款申請送出三週了還沒有消息，希望可以退還。謝謝。
C01025,A0155,T00522,2024-07-22,你好，交易 T00522：同一筆消費被扣了兩次，App 上查不到紀錄，請重新計算。
C01026,A0701,T00423,2024-08-15,想反映一件事：交易 T00423：本來想申報陌生扣款，結果確認是我自己買的，想問怎麼取消。
C01027,A0601,T01079,2024-03-07,交易 T01079：帳單上出現一筆我完全不認得的扣款。時間是半夜三點，我在睡覺，請盡快把錢退回來。麻煩了。
C01028,A0607,T00659,2024-04-07,急件！交易 T00659：有人冒用我的帳號付款。卡一直在我身上，請立刻凍結並退回款項。已經是第二次反映了。
C01029,A0697,T00315,2024-07-12,你好，交易 T00315：優惠回饋金一直沒有入帳，已經寫信反映過一次，希望可以退還。希望今天能處理。
C01030,A0041,X00069,2024-09-11,客服您好，交易 X00069：出現一筆陌生的消費。那天我人在國外，請協助爭議款處理。
C01031,A0071,T02504,2024-03-25,客服您好，交易 T02504：帳單上出現一筆我完全不認得的扣款。家人都確認過沒用過這張卡，請立刻凍結並退回款項。謝謝。
C01032,A0526,T02349,2024-06-24,您好，交易 T02349：手續費沒有事先告知，客服電話一直打不通，請盡快回覆。麻煩了。
C01033,A0022,T00311,2024-04-15,客服您好，交易 T00311：我原本以為被盜刷，結果確認是我自己買的，只是金額跟發票不符。希望今天能處理。
C01034,A0224,T02453,2024-07-11,您好，交易 T02453：一開始懷疑卡片被冒用，後來發現是家人刷的，但退款到現在還沒入帳。希望今天能處理。
C01035,A0394,T01173,2024-09-14,交易 T01173：外幣匯率跟官網公告差很多，請協助處理。
C01036,A0220,T00373,2024-06-22,您好，交易 T00373：實際扣款比收據多了一些，分行說要我自己處理，請重新計算。謝謝。
C01037,A0723,T01456,2024-12-22,您好，交易 T01456：出現一筆陌生的消費。卡一直在我身上，請協助爭議款處理。請盡快回覆。
C01038,A0723,T01200,2024-08-15,麻煩處理一下，交易 T01200：手續費沒有事先告知，分行說要我自己處理，請協助處理。請盡快回覆。
C01039,A0240,T01630,2024-03-16,麻煩處理一下，交易 T01630：帳單上出現一筆我完全不認得的扣款。時間是半夜三點，我在睡覺，請當作冒用處理。謝謝。
C01040,A0636,T02110,2024-06-19,你好，交易 T02110：外幣匯率跟官網公告差很多，請說明原因。請盡快回覆。
C01041,A0707,T02309,2024-07-08,您好，交易 T02309：手續費沒有事先告知，已經寫信反映過一次，請說明原因。麻煩了。
C01042,A0783,T01557,2024-01-11,急件！交易 T01557：這筆不是我本人操作的。家人都確認過沒用過這張卡，請盡快把錢退回來。
C01043,A0385,T00764,2024-11-14,你好，交易 T00764：手續費沒有事先告知，App 上查不到紀錄，請說明原因。已經是第二次反映了。
C01044,A0734,T01160,2024-10-05,你好，交易 T01160：ATM 吐鈔少了一張但全額扣款，分行說要我自己處理，請說明原因。請盡快回覆。
C01045,A0031,T00521,2024-12-06,客服您好，交易 T00521：外幣匯率跟官網公告差很多，分行說要我自己處理，希望可以退還。麻煩了。
C01046,A0367,T02292,2024-05-07,您好，交易 T02292：帳單上出現一筆我完全不認得的扣款。手機沒收到任何驗證碼，懷疑資料外洩，請查明。已經是第二次反映了。
C01047,A0302,T01149,2024-05-07,想反映一件事：交易 T01149：同一筆消費被扣了兩次，客服電話一直打不通，請重新計算。謝謝。
C01048,A0580,T00029,2024-08-11,想反映一件事：交易 T00029：ATM 吐鈔少了一張但全額扣款，希望可以退還。已經是第二次反映了。
C01049,A0060,T00407,2024-10-19,麻煩處理一下，交易 T00407：ATM 吐鈔少了一張但全額扣款，已經寫信反映過一次，希望可以退還。希望今天能處理。
C01050,A0455,T00687,2024-06-01,急件！交易 T00687：外幣匯率跟官網公告差很多，客服電話一直打不通，請說明原因。麻煩了。
C01051,A0743,T02542,2024-09-09,你好，交易 T02542：手續費沒有事先告知，App 上查不到紀錄，請重新計算。已經是第二次反映了。
C01052,A0509,T00467,2024-07-09,麻煩處理一下，交易 T00467：優惠回饋金一直沒有入帳，分行說要我自己處理，請盡快回覆。謝謝。
C01053,A0344,T02583,2024-12-26,您好，交易 T02583：手續費沒有事先告知，已經寫信反映過一次，請協助處理。希望今天能處理。
C01054,A0524,T02382,2024-06-28,您好，交易 T02382：外幣匯率跟官網公告差很多，客服電話一直打不通，請盡快回覆。謝謝。
C01055,A0140,T02393,2024-12-27,交易 T02393：退款申請送出三週了還沒有消息，客服電話一直打不通，請說明原因。
C01056,A0091,T01824,2024-11-02,麻煩處理一下，交易 T01824：付款時一直跳錯誤卻被扣了錢，客服電話一直打不通，請協助處理。
C01057,A0617,T00880,2024-05-16,急件！交易 T00880：付款時一直跳錯誤卻被扣了錢，請協助處理。希望今天能處理。
C01058,A0041,X00070,2024-08-15,想反映一件事：交易 X00070：差點就當成盜用報案了，核對後是我在店裡刷的，只是金額跟發票不符。謝謝。
C01059,A0013,X00156,2024-03-09,想反映一件事：交易 X00156：退款申請送出三週了還沒有消息，已經寫信反映過一次，請說明原因。已經是第二次反映了。
C01060,A0601,T01998,2024-07-20,麻煩處理一下，交易 T01998：同一筆消費被扣了兩次，已經寫信反映過一次，請重新計算。麻煩了。
C01061,A0222,T00563,2024-12-24,想反映一件事：交易 T00563：實際扣款比收據多了一些，App 上查不到紀錄，請盡快回覆。麻煩了。
C01062,A0415,T01915,2024-08-04,麻煩處理一下，交易 T01915：實際扣款比收據多了一些，分行說要我自己處理，請盡快回覆。謝謝。
C01063,A0408,T02493,2024-07-23,麻煩處理一下，交易 T02493：看到通知還以為是詐騙，後來發現是家人刷的，想問能不能退。麻煩了。
C01064,A0312,T01785,2024-05-15,急件！交易 T01785：朋友說這種扣款可能是盜刷，核對後是我在店裡刷的，只是想確認帳單日期。謝謝。
C01065,A0380,T01370,2024-11-17,急件！交易 T01370：手續費沒有事先告知，App 上查不到紀錄，請重新計算。謝謝。
C01066,A0015,T00644,2024-03-11,想反映一件事：交易 T00644：我從來沒有刷過這筆。卡一直在我身上，請盡快把錢退回來。
C01067,A0032,T02441,2024-02-03,您好，交易 T02441：付款時一直跳錯誤卻被扣了錢，已經寫信反映過一次，請盡快回覆。謝謝。
C01068,A0058,T01239,2024-01-10,客服您好，交易 T01239：付款時一直跳錯誤卻被扣了錢，已經寫信反映過一次，希望可以退還。麻煩了。
C01069,A0066,X00236,2024-08-17,交易 X00236：這個商家我從沒聽過，卻扣了我的錢。那天我人在國外，請當作冒用處理。已經是第二次反映了。
C01070,A0353,T01150,2024-04-18,想反映一件事：交易 T01150：出現一筆陌生的消費。卡一直在我身上，請協助爭議款處理。
C01071,A0066,X00080,2024-10-09,交易 X00080：我的卡被盜刷了。手機沒收到任何驗證碼，請當作冒用處理。麻煩了。
C01072,A0058,X00130,2024-05-07,你好，交易 X00130：優惠回饋金一直沒有入帳，分行說要我自己處理，請盡快回覆。希望今天能處理。
C01073,A0559,T01355,2024-01-21,您好，交易 T01355：分期利息跟當初說的不一樣，已經寫信反映過一次，請說明原因。希望今天能處理。
C01074,A0717,T02517,2024-08-07,您好，交易 T02517：本來想申報陌生扣款，查了才知道是自己訂閱的服務續約，希望可以減免。謝謝。
C01075,A0567,T01554,2024-01-26,您好，交易 T01554：一開始懷疑卡片被冒用，核對後是我在店裡刷的，但退款到現在還沒入帳。
C01076,A0295,T00544,2024-09-21,交易 T00544：優惠回饋金一直沒有入帳，已經寫信反映過一次，請重新計算。謝謝。
C01077,A0730,T01734,2024-02-26,您好，交易 T01734：退款申請送出三週了還沒有消息，已經寫信反映過一次，請協助處理。謝謝。
C01078,A0058,X00123,2024-07-23,客服您好，交易 X00123：付款時一直跳錯誤卻被扣了錢，分行說要我自己處理，請盡快回覆。請盡快回覆。
C01079,A0233,T01767,2024-09-04,想反映一件事：交易 T01767：這筆不是我本人操作的。我已經報警了，請盡快把錢退回來。請盡快回覆。
C01080,A0041,X00273,2024-11-25,交易 X00273：這個商家我從沒聽過，卻扣了我的錢。卡一直在我身上，要求調查是誰用的。
C01081,A0220,T02244,2024-11-12,你好，交易 T02244：出現一筆陌生的消費。家人都確認過沒用過這張卡，請盡快把錢退回來。已經是第二次反映了。
C01082,A0601,T00677,2024-10-12,客服您好，交易 T00677：實際扣款比收據多了一些，App 上查不到紀錄，請盡快回覆。謝謝。
C01083,A0617,T00404,2024-11-12,急件！交易 T00404：本來想申報陌生扣款，結果確認是我自己買的，想問怎麼取消。謝謝。
C01084,A0660,T00339,2024-03-15,您好，交易 T00339：付款時一直跳錯誤卻被扣了錢，分行說要我自己處理，請重新計算。
C01085,A0716,T00336,2024-06-25,您好，交易 T00336：這個商家我從沒聽過，卻扣了我的錢。手機沒收到任何驗證碼，懷疑資料外洩，請查明。請盡快回覆。
C01086,A0537,T02107,2024-07-09,麻煩處理一下，交易 T02107：外幣匯率跟官網公告差很多，希望可以退還。請盡快回覆。
C01087,A0236,T01906,2024-03-25,您好，交易 T01906：付款時一直跳錯誤卻被扣了錢，請盡快回覆。請盡快回覆。
C01088,A0748,T00964,2024-09-04,急件！交易 T00964：我原本以為被盜刷，打電話問才知道是年費，但退款到現在還沒入帳。希望今天能處理。
C01089,A0561,T01897,2024-09-12,您好，交易 T01897：分期利息跟當初說的不一樣，已經寫信反映過一次，希望可以退還。希望今天能處理。
C01090,A0178,T01862,2024-02-22,急件！交易 T01862：付款時一直跳錯誤卻被扣了錢，分行說要我自己處理，請協助處理。希望今天能處理。
C01091,A0319,T00822,2024-02-05,交易 T00822：分期利息跟當初說的不一樣，請盡快回覆。
C01092,A0231,T00069,2024-07-16,急件！交易 T00069：這個商家我從沒聽過，卻扣了我的錢。手機沒收到任何驗證碼，請立刻凍結並退回款項。麻煩了。
C01093,A0530,T01645,2024-11-22,想反映一件事：交易 T01645：出現一筆陌生的消費。密碼好像被別人拿走了，請協助爭議款處理。
C01094,A0683,T00620,2024-07-16,客服您好，交易 T00620：手續費沒有事先告知，App 上查不到紀錄，請說明原因。希望今天能處理。
C01095,A0794,T00354,2024-03-12,麻煩處理一下，交易 T00354：朋友說這種扣款可能是盜刷，查了才知道是自己訂閱的服務續約，但店員多打了一個零。謝謝。
C01096,A0462,T01008,2024-02-14,你好，交易 T01008：手續費沒有事先告知，App 上查不到紀錄，希望可以退還。麻煩了。
C01097,A0541,T01463,2024-07-16,客服您好，交易 T01463：外幣匯率跟官網公告差很多，App 上查不到紀錄，請盡快回覆。謝謝。
C01098,A0765,T00489,2024-07-22,想反映一件事：交易 T00489：優惠回饋金一直沒有入帳，分行說要我自己處理，希望可以退還。麻煩了。
C01099,A0426,T00392,2024-03-01,急件！交易 T00392：付款時一直跳錯誤卻被扣了錢，分行說要我自己處理，請重新計算。
C01100,A0250,T02131,2024-11-10,想反映一件事：交易 T02131：實際扣款比收據多了一些，已經寫信反映過一次，請重新計算。麻煩了。
C01101,A0581,T00663,2024-12-12,想反映一件事：交易 T00663：外幣匯率跟官網公告差很多，App 上查不到紀錄，請盡快回覆。希望今天能處理。
C01102,A0041,X00273,2024-11-25,麻煩處理一下，交易 X00273：帳單上出現一筆我完全不認得的扣款。那天我人在國外，要求調查是誰用的。
C01103,A0138,T00446,2024-12-11,您好，交易 T00446：手續費沒有事先告知，希望可以退還。
C01104,A0151,T01590,2024-07-11,急件！交易 T01590：出現一筆陌生的消費。家人都確認過沒用過這張卡，請立刻凍結並退回款項。請盡快回覆。
C01105,A0023,T00863,2024-11-16,想反映一件事：交易 T00863：一開始懷疑卡片被冒用，查了才知道是自己訂閱的服務續約，想問怎麼取消。希望今天能處理。
C01106,A0066,X00008,2024-06-18,交易 X00008：付款時一直跳錯誤卻被扣了錢，分行說要我自己處理，請重新計算。請盡快回覆。
C01107,A0189,T01450,2024-01-28,想反映一件事：交易 T01450：一開始懷疑卡片被冒用，核對後是我在店裡刷的，但店員多打了一個零。已經是第二次反映了。
C01108,A0741,T00787,2024-05-11,交易 T00787：分期利息跟當初說的不一樣，希望可以退還。希望今天能處理。
C01109,A0183,T01749,2024-06-03,交易 T01749：ATM 吐鈔少了一張但全額扣款，已經寫信反映過一次，希望可以退還。麻煩了。
C01110,A0041,X00119,2024-09-03,麻煩處理一下，交易 X00119：分期利息跟當初說的不一樣，請說明原因。請盡快回覆。
C01111,A0738,T00283,2024-06-22,交易 T00283：朋友說這種扣款可能是盜刷，後來想起是小孩用我手機買點數，只是金額跟發票不符。麻煩了。
C01112,A0013,X00200,2024-08-08,您好，交易 X00200：我原本以為被盜刷，結果確認是我自己買的，希望可以減免。請盡快回覆。
C01113,A0601,T01799,2024-03-20,想反映一件事：交易 T01799：優惠回饋金一直沒有入帳，已經寫信反映過一次，請說明原因。麻煩了。
C01114,A0230,T02056,2024-05-17,您好，交易 T02056：看到通知還以為是詐騙，後來發現是家人刷的，但退款到現在還沒入帳。已經是第二次反映了。
C01115,A0065,T00873,2024-05-28,想反映一件事：交易 T00873：ATM 吐鈔少了一張但全額扣款，請重新計算。謝謝。
C01116,A0175,T01806,2024-07-02,麻煩處理一下，交易 T01806：優惠回饋金一直沒有入帳，App 上查不到紀錄，請協助處理。謝謝。
C01117,A0066,X00080,2024-10-09,急件！交易 X00080：實際扣款比收據多了一些，請重新計算。謝謝。
C01118,A0230,T00929,2024-03-04,交易 T00929：我原本以為被盜刷，打電話問才知道是年費，但退款到現在還沒入帳。
C01119,A0501,T01185,2024-07-22,您好，交易 T01185：帳單上出現一筆我完全不認得的扣款。卡一直在我身上，懷疑資料外洩，請查明。請盡快回覆。
C01120,A0290,T01672,2024-09-12,你好，交易 T01672：實際扣款比收據多了一些，已經寫信反映過一次，請盡快回覆。
C01121,A0293,T01333,2024-01-12,急件！交易 T01333：我原本以為被盜刷，核對後是我在店裡刷的，只是金額跟發票不符。請盡快回覆。
C01122,A0541,T00327,2024-01-05,你好，交易 T00327：我原本以為被盜刷，結果確認是我自己買的，但退款到現在還沒入帳。
C01123,A0032,T02441,2024-02-03,交易 T02441：付款時一直跳錯誤卻被扣了錢，分行說要我自己處理，請盡快回覆。已經是第二次反映了。
C01124,A0280,T00879,2024-03-07,您好，交易 T00879：退款申請送出三週了還沒有消息，分行說要我自己處理，請說明原因。已經是第二次反映了。
C01125,A0675,T02278,2024-06-03,客服您好，交易 T02278：ATM 吐鈔少了一張但全額扣款，請盡快回覆。已經是第二次反映了。
C01126,A0058,X00282,2024-07-11,急件！交易 X00282：我原本以為被盜刷，打電話問才知道是年費，只是想確認帳單日期。希望今天能處理。
C01127,A0207,T00499,2024-01-03,急件！交易 T00499：手續費沒有事先告知，客服電話一直打不通，請盡快回覆。請盡快回覆。
C01128,A0426,T00028,2024-06-10,客服您好，交易 T00028：付款時一直跳錯誤卻被扣了錢，已經寫信反映過一次，請協助處理。麻煩了。
C01129,A0027,X00017,2024-09-17,客服您好，交易 X00017：我原本以為被盜刷，結果確認是我自己買的，希望可以減免。麻煩了。
C01130,A0739,T02058,2024-07-04,急件！交易 T02058：本來想申報陌生扣款，核對後是我在店裡刷的，希望可以減免。已經是第二次反映了。
C01131,A0527,T01813,2024-09-26,麻煩處理一下，交易 T01813：優惠回饋金一直沒有入帳，App 上查不到紀錄，請重新計算。請盡快回覆。
C01132,A0670,T00633,2024-11-22,麻煩處理一下，交易 T00633：帳單上出現一筆我完全不認得的扣款。密碼好像被別人拿走了，請當作冒用處理。
C01133,A0146,T02235,2024-07-06,急件！交易 T02235：這個商家我從沒聽過，卻扣了我的錢。時間是半夜三點，我在睡覺，請盡快把錢退回來。謝謝。
C01134,A0183,T02144,2024-07-11,您好，交易 T02144：外幣匯率跟官網公告差很多，客服電話一直打不通，請說明原因。希望今天能處理。
C01135,A0195,T00908,2024-07-16,麻煩處理一下，交易 T00908：付款時一直跳錯誤卻被扣了錢，分行說要我自己處理，請盡快回覆。
C01136,A0144,T01340,2024-10-07,急件！交易 T01340：手續費沒有事先告知，客服電話一直打不通，希望可以退還。希望今天能處理。
C01137,A0619,T00748,2024-10-06,你好，交易 T00748：ATM 吐鈔少了一張但全額扣款，客服電話一直打不通，請重新計算。謝謝。
C01138,A0501,T01185,2024-07-22,你好，交易 T01185：有人冒用我的帳號付款。密碼好像被別人拿走了，請立刻凍結並退回款項。請盡快回覆。
C01139,A0513,T01262,2024-07-08,想反映一件事：交易 T01262：有人冒用我的帳號付款。家人都確認過沒用過這張卡，請當作冒用處理。請盡快回覆。
C01140,A0680,T00977,2024-01-07,交易 T00977：付款時一直跳錯誤卻被扣了錢，請盡快回覆。已經是第二次反映了。
C01141,A0349,T01109,2024-12-01,急件！交易 T01109：手續費沒有事先告知，App 上查不到紀錄，請說明原因。已經是第二次反映了。
C01142,A0344,T00999,2024-10-17,想反映一件事：交易 T00999：帳單上出現一筆我完全不認得的扣款。卡一直在我身上，請協助爭議款處理。請盡快回覆。
C01143,A0311,T00669,2024-04-20,你好，交易 T00669：ATM 吐鈔少了一張但全額扣款，請說明原因。請盡快回覆。
C01144,A0597,T00796,2024-07-04,麻煩處理一下，交易 T00796：同一筆消費被扣了兩次，已經寫信反映過一次，請重新計算。請盡快回覆。
C01145,A0750,T01072,2024-01-23,交易 T01072：外幣匯率跟官網公告差很多，App 上查不到紀錄，希望可以退還。麻煩了。
C01146,A0013,X00335,2024-09-20,麻煩處理一下，交易 X00335：退款申請送出三週了還沒有消息，希望可以退還。請盡快回覆。
C01147,A0083,T02457,2024-10-13,您好，交易 T02457：外幣匯率跟官網公告差很多，請重新計算。請盡快回覆。
C01148,A0067,T02000,2024-09-28,急件！交易 T02000：看到通知還以為是詐騙，結果確認是我自己買的，想問能不能退。請盡快回覆。
C01149,A0466,T00727,2024-08-08,想反映一件事：交易 T00727：分期利息跟當初說的不一樣，客服電話一直打不通，請協助處理。已經是第二次反映了。
C01150,A0025,T00825,2024-07-17,你好，交易 T00825：實際扣款比收據多了一些，已經寫信反映過一次，請重新計算。謝謝。
C01151,A0506,T01532,2024-01-15,您好，交易 T01532：這筆不是我本人操作的。時間是半夜三點，我在睡覺，請盡快把錢退回來。希望今天能處理。
C01152,A0138,T00446,2024-12-11,麻煩處理一下，交易 T00446：差點就當成盜用報案了，結果確認是我自己買的，但店員多打了一個零。希望今天能處理。
C01153,A0175,T00568,2024-06-05,急件！交易 T00568：我從來沒有刷過這筆。時間是半夜三點，我在睡覺，請立刻凍結並退回款項。謝謝。
C01154,A0271,T01468,2024-04-14,您好，交易 T01468：ATM 吐鈔少了一張但全額扣款，請說明原因。
C01155,A0553,T01540,2024-02-18,你好，交易 T01540：付款時一直跳錯誤卻被扣了錢，App 上查不到紀錄，請盡快回覆。希望今天能處理。
C01156,A0353,T01150,2024-04-18,想反映一件事：交易 T01150：帳單上出現一筆我完全不認得的扣款。我已經報警了，要求調查是誰用的。希望今天能處理。
C01157,A0362,T02030,2024-07-03,急件！交易 T02030：付款時一直跳錯誤卻被扣了錢，App 上查不到紀錄，請協助處理。
C01158,A0778,T01224,2024-07-04,你好，交易 T01224：外幣匯率跟官網公告差很多，客服電話一直打不通，請協助處理。麻煩了。
C01159,A0721,T01795,2024-06-15,你好，交易 T01795：我的卡被盜刷了。卡一直在我身上，要求調查是誰用的。麻煩了。
C01160,A0058,X00065,2024-04-22,想反映一件事：交易 X00065：這筆交易未經我同意。卡一直在我身上，請盡快把錢退回來。希望今天能處理。
C01161,A0547,T01254,2024-08-22,想反映一件事：交易 T01254：手續費沒有事先告知，客服電話一直打不通，請盡快回覆。麻煩了。
C01162,A0602,T02522,2024-10-22,客服您好，交易 T02522：實際扣款比收據多了一些，分行說要我自己處理，請說明原因。請盡快回覆。
C01163,A0119,T02566,2024-10-28,急件！交易 T02566：ATM 吐鈔少了一張但全額扣款，請重新計算。希望今天能處理。
C01164,A0389,T00285,2024-05-14,交易 T00285：一開始懷疑卡片被冒用，結果確認是我自己買的，只是想確認帳單日期。已經是第二次反映了。
C01165,A0547,T01280,2024-04-10,客服您好，交易 T01280：ATM 吐鈔少了一張但全額扣款，已經寫信反映過一次，請重新計算。
C01166,A0586,T00993,2024-07-12,麻煩處理一下，交易 T00993：付款時一直跳錯誤卻被扣了錢，客服電話一直打不通，請重新計算。
C01167,A0026,T00982,2024-05-12,急件！交易 T00982：優惠回饋金一直沒有入帳，請盡快回覆。
C01168,A0511,T00261,2024-09-28,您好，交易 T00261：退款申請送出三週了還沒有消息，App 上查不到紀錄，請協助處理。已經是第二次反映了。
C01169,A0477,T01320,2024-10-17,麻煩處理一下，交易 T01320：ATM 吐鈔少了一張但全額扣款，App 上查不到紀錄，請盡快回覆。已經是第二次反映了。
C01170,A0577,T02168,2024-07-25,麻煩處理一下，交易 T02168：我的卡被盜刷了。手機沒收到任何驗證碼，懷疑資料外洩，請查明。請盡快回覆。
C01171,A0625,T00323,2024-04-24,您好，交易 T00323：這筆交易未經我同意。時間是半夜三點，我在睡覺，請盡快把錢退回來。謝謝。
C01172,A0135,T02428,2024-07-25,交易 T02428：付款時一直跳錯誤卻被扣了錢，已經寫信反映過一次，請說明原因。
C01173,A0541,T00075,2024-08-27,您好，交易 T00075：ATM 吐鈔少了一張但全額扣款，分行說要我自己處理，請重新計算。謝謝。
C01174,A0726,T00574,2024-02-20,交易 T00574：優惠回饋金一直沒有入帳，已經寫信反映過一次，請重新計算。謝謝。
C01175,A0400,T01699,2024-07-12,你好，交易 T01699：付款時一直跳錯誤卻被扣了錢，請重新計算。
C01176,A0369,T00955,2024-11-05,您好，交易 T00955：外幣匯率跟官網公告差很多，已經寫信反映過一次，請說明原因。謝謝。
C01177,A0385,T01040,2024-09-12,麻煩處理一下，交易 T01040：差點就當成盜用報案了，打電話問才知道是年費，想問能不能退。謝謝。
C01178,A0066,X00255,2024-03-09,急件！交易 X00255：我從來沒有刷過這筆。家人都確認過沒用過這張卡，請當作冒用處理。希望今天能處理。
C01179,A0735,T02484,2024-11-01,您好，交易 T02484：我原本以為被盜刷，結果確認是我自己買的，想問能不能退。請盡快回覆。
C01180,A0559,T02455,2024-11-15,想反映一件事：交易 T02455：差點就當成盜用報案了，結果確認是我自己買的，只是金額跟發票不符。希望今天能處理。
C01181,A0052,T01775,2024-06-05,急件！交易 T01775：本來想申報陌生扣款，核對後是我在店裡刷的，只是金額跟發票不符。麻煩了。
C01182,A0582,T01365,2024-09-24,麻煩處理一下，交易 T01365：我從來沒有刷過這筆。密碼好像被別人拿走了，懷疑資料外洩，請查明。麻煩了。
C01183,A0544,T01432,2024-02-09,急件！交易 T01432：手續費沒有事先告知，客服電話一直打不通，請盡快回覆。謝謝。
C01184,A0556,T01726,2024-06-01,您好，交易 T01726：實際扣款比收據多了一些，已經寫信反映過一次，請協助處理。請盡快回覆。
C01185,A0794,T00354,2024-03-12,您好，交易 T00354：ATM 吐鈔少了一張但全額扣款，客服電話一直打不通，希望可以退還。
C01186,A0340,T00036,2024-06-02,您好，交易 T00036：優惠回饋金一直沒有入帳，已經寫信反映過一次，請協助處理。請盡快回覆。
C01187,A0288,T00747,2024-12-20,想反映一件事：交易 T00747：出現一筆陌生的消費。我已經報警了，請協助爭議款處理。
C01188,A0426,T01154,2024-04-25,交易 T01154：優惠回饋金一直沒有入帳，客服電話一直打不通，請協助處理。已經是第二次反映了。
C01189,A0108,T01778,2024-05-06,急件！交易 T01778：同一筆消費被扣了兩次，App 上查不到紀錄，請說明原因。請盡快回覆。
C01190,A0172,T00297,2024-02-17,客服您好，交易 T00297：我從來沒有刷過這筆。我已經報警了，請協助爭議款處理。謝謝。
C01191,A0339,T02389,2024-12-26,急件！交易 T02389：分期利息跟當初說的不一樣，App 上查不到紀錄，請說明原因。希望今天能處理。
C01192,A0013,X00160,2024-03-01,客服您好，交易 X00160：出現一筆陌生的消費。我已經報警了，請當作冒用處理。希望今天能處理。
C01193,A0637,T01779,2024-10-05,急件！交易 T01779：這個商家我從沒聽過，卻扣了我的錢。時間是半夜三點，我在睡覺，請盡快把錢退回來。謝謝。
C01194,A0041,X00170,2024-05-10,想反映一件事：交易 X00170：我的卡被盜刷了。時間是半夜三點，我在睡覺，請協助爭議款處理。謝謝。
C01195,A0640,T02432,2024-07-15,麻煩處理一下，交易 T02432：出現一筆陌生的消費。家人都確認過沒用過這張卡，懷疑資料外洩，請查明。已經是第二次反映了。
C01196,A0053,T00078,2024-04-28,急件！交易 T00078：手續費沒有事先告知，App 上查不到紀錄，請重新計算。麻煩了。
C01197,A0138,T00446,2024-12-11,想反映一件事：交易 T00446：ATM 吐鈔少了一張但全額扣款，已經寫信反映過一次，請盡快回覆。謝謝。
C01198,A0625,T02311,2024-05-04,想反映一件事：交易 T02311：優惠回饋金一直沒有入帳，請說明原因。已經是第二次反映了。
C01199,A0075,T00070,2024-10-11,您好，交易 T00070：手續費沒有事先告知，App 上查不到紀錄，希望可以退還。請盡快回覆。
C01200,A0223,T01261,2024-05-24,客服您好，交易 T01261：朋友說這種扣款可能是盜刷，結果確認是我自己買的，想問能不能退。已經是第二次反映了。
C01201,A0027,T00730,2024-06-20,您好，交易 T00730：優惠回饋金一直沒有入帳，分行說要我自己處理，請協助處理。麻煩了。
C01202,A0138,T02063,2024-12-18,您好，交易 T02063：有人冒用我的帳號付款。那天我人在國外，請盡快把錢退回來。麻煩了。
C01203,A0364,T00438,2024-09-23,想反映一件事：交易 T00438：朋友說這種扣款可能是盜刷，後來想起是小孩用我手機買點數，只是想確認帳單日期。麻煩了。
C01204,A0415,T01567,2024-11-19,交易 T01567：付款時一直跳錯誤卻被扣了錢，分行說要我自己處理，請重新計算。麻煩了。
C01205,A0064,T02111,2024-07-26,麻煩處理一下，交易 T02111：外幣匯率跟官網公告差很多，分行說要我自己處理，請盡快回覆。麻煩了。
C01206,A0006,T01244,2024-09-18,麻煩處理一下，交易 T01244：差點就當成盜用報案了，後來發現是家人刷的，希望可以減免。謝謝。
C01207,A0571,T02301,2024-05-19,你好，交易 T02301：分期利息跟當初說的不一樣，已經寫信反映過一次，請說明原因。請盡快回覆。
C01208,A0342,T01033,2024-02-10,麻煩處理一下，交易 T01033：優惠回饋金一直沒有入帳，已經寫信反映過一次，請盡快回覆。
C01209,A0386,T01845,2024-12-03,客服您好，交易 T01845：付款時一直跳錯誤卻被扣了錢，已經寫信反映過一次，請盡快回覆。已經是第二次反映了。
C01210,A0180,T02297,2024-07-15,你好，交易 T02297：同一筆消費被扣了兩次，已經寫信反映過一次，請重新計算。請盡快回覆。
C01211,A0376,T00094,2024-04-05,交易 T00094：我的卡被盜刷了。那天我人在國外，要求調查是誰用的。麻煩了。
C01212,A0137,T01165,2024-01-13,想反映一件事：交易 T01165：優惠回饋金一直沒有入帳，App 上查不到紀錄，請重新計算。謝謝。
C01213,A0124,T01562,2024-11-28,急件！交易 T01562：同一筆消費被扣了兩次，已經寫信反映過一次，請重新計算。希望今天能處理。
C01214,A0597,T01016,2024-10-01,您好，交易 T01016：這個商家我從沒聽過，卻扣了我的錢。時間是半夜三點，我在睡覺，請協助爭議款處理。謝謝。
C01215,A0580,T02092,2024-05-03,想反映一件事：交易 T02092：朋友說這種扣款可能是盜刷，打電話問才知道是年費，只是想確認帳單日期。麻煩了。
C01216,A0274,T00577,2024-09-14,想反映一件事：交易 T00577：優惠回饋金一直沒有入帳，分行說要我自己處理，請盡快回覆。謝謝。
C01217,A0085,T00238,2024-05-04,麻煩處理一下，交易 T00238：付款時一直跳錯誤卻被扣了錢，分行說要我自己處理，請協助處理。謝謝。
C01218,A0615,T01545,2024-03-01,您好，交易 T01545：退款申請送出三週了還沒有消息，客服電話一直打不通，請重新計算。麻煩了。
C01219,A0284,T02161,2024-03-10,急件！交易 T02161：我原本以為被盜刷，核對後是我在店裡刷的，想問怎麼取消。
C01220,A0478,T01965,2024-03-09,交易 T01965：這個商家我從沒聽過，卻扣了我的錢。我已經報警了，請當作冒用處理。請盡快回覆。
C01221,A0525,T01589,2024-02-04,您好，交易 T01589：同一筆消費被扣了兩次，App 上查不到紀錄，請協助處理。已經是第二次反映了。
C01222,A0723,T02563,2024-10-06,你好，交易 T02563：ATM 吐鈔少了一張但全額扣款，客服電話一直打不通，請重新計算。請盡快回覆。
C01223,A0676,T02585,2024-04-09,客服您好，交易 T02585：朋友說這種扣款可能是盜刷，打電話問才知道是年費，只是想確認帳單日期。謝謝。
C01224,A0027,X00258,2024-03-26,想反映一件事：交易 X00258：退款申請送出三週了還沒有消息，請說明原因。請盡快回覆。
C01225,A0438,T01736,2024-12-27,客服您好，交易 T01736：優惠回饋金一直沒有入帳，已經寫信反映過一次，請說明原因。希望今天能處理。
C01226,A0619,T01192,2024-07-01,急件！交易 T01192：分期利息跟當初說的不一樣，App 上查不到紀錄，請協助處理。麻煩了。
C01227,A0213,T00637,2024-07-05,想反映一件事：交易 T00637：帳單上出現一筆我完全不認得的扣款。手機沒收到任何驗證碼，請盡快把錢退回來。請盡快回覆。
C01228,A0664,T01786,2024-07-18,您好，交易 T01786：分期利息跟當初說的不一樣，希望可以退還。請盡快回覆。
C01229,A0656,T01547,2024-09-08,麻煩處理一下，交易 T01547：分期利息跟當初說的不一樣，分行說要我自己處理，請盡快回覆。謝謝。
C01230,A0736,T00688,2024-01-27,你好，交易 T00688：看到通知還以為是詐騙，結果確認是我自己買的，但店員多打了一個零。請盡快回覆。
C01231,A0445,T00951,2024-05-24,交易 T00951：付款時一直跳錯誤卻被扣了錢，App 上查不到紀錄，請盡快回覆。
C01232,A0408,T02340,2024-10-17,您好，交易 T02340：實際扣款比收據多了一些，請協助處理。麻煩了。
C01233,A0231,T01397,2024-02-14,想反映一件事：交易 T01397：手續費沒有事先告知，請說明原因。
C01234,A0041,X00062,2024-10-14,急件！交易 X00062：朋友說這種扣款可能是盜刷，查了才知道是自己訂閱的服務續約，想問能不能退。希望今天能處理。
C01235,A0062,T02101,2024-02-11,想反映一件事：交易 T02101：一開始懷疑卡片被冒用，核對後是我在店裡刷的，但退款到現在還沒入帳。
C01236,A0511,T00495,2024-07-14,想反映一件事：交易 T00495：同一筆消費被扣了兩次，請說明原因。
C01237,A0013,X00023,2024-06-13,您好，交易 X00023：優惠回饋金一直沒有入帳，請協助處理。請盡快回覆。
C01238,A0380,T01603,2024-02-10,你好，交易 T01603：這筆不是我本人操作的。我已經報警了，請協助爭議款處理。
C01239,A0056,T00641,2024-08-08,想反映一件事：交易 T00641：外幣匯率跟官網公告差很多，分行說要我自己處理，請協助處理。謝謝。
C01240,A0138,T00775,2024-06-11,交易 T00775：分期利息跟當初說的不一樣，希望可以退還。麻煩了。
C01241,A0040,T01514,2024-01-25,你好，交易 T01514：付款時一直跳錯誤卻被扣了錢，請協助處理。已經是第二次反映了。
C01242,A0245,T00886,2024-07-01,麻煩處理一下，交易 T00886：外幣匯率跟官網公告差很多，客服電話一直打不通，請說明原因。
C01243,A0630,T01941,2024-01-12,麻煩處理一下，交易 T01941：這筆不是我本人操作的。我已經報警了，請立刻凍結並退回款項。請盡快回覆。
C01244,A0237,T02135,2024-04-09,你好，交易 T02135：帳單上出現一筆我完全不認得的扣款。家人都確認過沒用過這張卡，請協助爭議款處理。謝謝。
C01245,A0600,T02065,2024-04-17,客服您好，交易 T02065：ATM 吐鈔少了一張但全額扣款，客服電話一直打不通，請說明原因。希望今天能處理。
C01246,A0575,T00892,2024-11-18,想反映一件事：交易 T00892：朋友說這種扣款可能是盜刷，後來想起是小孩用我手機買點數，但退款到現在還沒入帳。謝謝。
C01247,A0066,X00022,2024-10-16,急件！交易 X00022：我原本以為被盜刷，查了才知道是自己訂閱的服務續約，希望可以減免。謝謝。
C01248,A0094,T00894,2024-01-06,想反映一件事：交易 T00894：我的卡被盜刷了。時間是半夜三點，我在睡覺，要求調查是誰用的。請盡快回覆。
C01249,A0614,T01966,2024-01-06,麻煩處理一下，交易 T01966：實際扣款比收據多了一些，客服電話一直打不通，請重新計算。希望今天能處理。
C01250,A0231,T00590,2024-01-17,想反映一件事：交易 T00590：付款時一直跳錯誤卻被扣了錢，希望可以退還。已經是第二次反映了。
C01251,A0728,T00496,2024-01-05,想反映一件事：交易 T00496：實際扣款比收據多了一些，請說明原因。麻煩了。
C01252,A0479,T00906,2024-10-04,麻煩處理一下，交易 T00906：外幣匯率跟官網公告差很多，App 上查不到紀錄，請說明原因。請盡快回覆。
C01253,A0290,T01672,2024-09-12,麻煩處理一下，交易 T01672：外幣匯率跟官網公告差很多，請重新計算。
C01254,A0465,T01337,2024-08-22,您好，交易 T01337：實際扣款比收據多了一些，App 上查不到紀錄，請協助處理。麻煩了。
C01255,A0100,T02112,2024-05-10,麻煩處理一下，交易 T02112：實際扣款比收據多了一些，App 上查不到紀錄，請協助處理。已經是第二次反映了。
C01256,A0041,X00143,2024-07-10,想反映一件事：交易 X00143：分期利息跟當初說的不一樣，請說明原因。麻煩了。
C01257,A0288,T02409,2024-04-13,您好，交易 T02409：我從來沒有刷過這筆。我已經報警了，懷疑資料外洩，請查明。
C01258,A0217,T01843,2024-12-09,客服您好，交易 T01843：手續費沒有事先告知，分行說要我自己處理，請盡快回覆。希望今天能處理。
C01259,A0593,T01212,2024-06-24,交易 T01212：退款申請送出三週了還沒有消息，客服電話一直打不通，請盡快回覆。謝謝。
C01260,A0609,T02038,2024-04-09,您好，交易 T02038：分期利息跟當初說的不一樣，分行說要我自己處理，請協助處理。已經是第二次反映了。
C01261,A0356,T00816,2024-02-20,麻煩處理一下，交易 T00816：實際扣款比收據多了一些，客服電話一直打不通，請協助處理。麻煩了。
C01262,A0494,T01004,2024-09-02,想反映一件事：交易 T01004：一開始懷疑卡片被冒用，結果確認是我自己買的，只是金額跟發票不符。麻煩了。
C01263,A0403,T00536,2024-08-23,客服您好，交易 T00536：分期利息跟當初說的不一樣，App 上查不到紀錄，希望可以退還。希望今天能處理。
C01264,A0067,T02239,2024-09-19,你好，交易 T02239：有人冒用我的帳號付款。時間是半夜三點，我在睡覺，請協助爭議款處理。謝謝。
C01265,A0752,T00646,2024-06-21,客服您好，交易 T00646：這筆不是我本人操作的。卡一直在我身上，請盡快把錢退回來。謝謝。
C01266,A0650,T01677,2024-03-04,想反映一件事：交易 T01677：出現一筆陌生的消費。卡一直在我身上，請立刻凍結並退回款項。謝謝。
C01267,A0307,T01479,2024-10-21,想反映一件事：交易 T01479：ATM 吐鈔少了一張但全額扣款，客服電話一直打不通，希望可以退還。麻煩了。
C01268,A0139,T02366,2024-04-20,急件！交易 T02366：分期利息跟當初說的不一樣，已經寫信反映過一次，請重新計算。麻煩了。
C01269,A0117,T02384,2024-08-03,麻煩處理一下，交易 T02384：有人冒用我的帳號付款。手機沒收到任何驗證碼，懷疑資料外洩，請查明。麻煩了。
C01270,A0565,T02362,2024-04-17,你好，交易 T02362：同一筆消費被扣了兩次，希望可以退還。希望今天能處理。
C01271,A0625,T02311,2024-05-04,想反映一件事：交易 T02311：手續費沒有事先告知，希望可以退還。請盡快回覆。
C01272,A0796,T02184,2024-10-15,交易 T02184：優惠回饋金一直沒有入帳，請重新計算。請盡快回覆。
C01273,A0116,T02166,2024-05-25,急件！交易 T02166：我從來沒有刷過這筆。家人都確認過沒用過這張卡，懷疑資料外洩，請查明。已經是第二次反映了。
C01274,A0255,T02344,2024-10-02,想反映一件事：交易 T02344：出現一筆陌生的消費。那天我人在國外，請當作冒用處理。謝謝。
C01275,A0380,T00281,2024-02-27,您好，交易 T00281：有人冒用我的帳號付款。我已經報警了，請協助爭議款處理。
C01276,A0132,T01495,2024-09-05,麻煩處理一下，交易 T01495：付款時一直跳錯誤卻被扣了錢，客服電話一直打不通，請說明原因。麻煩了。
C01277,A0605,T02128,2024-06-10,您好，交易 T02128：退款申請送出三週了還沒有消息，已經寫信反映過一次，希望可以退還。請盡快回覆。
C01278,A0779,T01130,2024-05-04,想反映一件事：交易 T01130：ATM 吐鈔少了一張但全額扣款，已經寫信反映過一次，希望可以退還。謝謝。
C01279,A0667,T02491,2024-01-05,你好，交易 T02491：同一筆消費被扣了兩次，客服電話一直打不通，請協助處理。麻煩了。
C01280,A0058,X00086,2024-12-05,急件！交易 X00086：退款申請送出三週了還沒有消息，分行說要我自己處理，希望可以退還。希望今天能處理。
C01281,A0630,T01019,2024-05-20,急件！交易 T01019：一開始懷疑卡片被冒用，查了才知道是自己訂閱的服務續約，想問能不能退。希望今天能處理。
C01282,A0365,T01931,2024-07-25,想反映一件事：交易 T01931：我的卡被盜刷了。時間是半夜三點，我在睡覺，請當作冒用處理。麻煩了。
C01283,A0300,T02259,2024-02-06,急件！交易 T02259：我從來沒有刷過這筆。卡一直在我身上，請盡快把錢退回來。請盡快回覆。
C01284,A0027,X00167,2024-07-05,想反映一件事：交易 X00167：手續費沒有事先告知，App 上查不到紀錄，請重新計算。謝謝。
C01285,A0058,X00141,2024-06-04,急件！交易 X00141：我的卡被盜刷了。時間是半夜三點，我在睡覺，請盡快把錢退回來。謝謝。
C01286,A0013,X00111,2024-02-05,您好，交易 X00111：差點就當成盜用報案了，核對後是我在店裡刷的，但退款到現在還沒入帳。
C01287,A0685,T02022,2024-03-11,你好，交易 T02022：這筆不是我本人操作的。家人都確認過沒用過這張卡，懷疑資料外洩，請查明。已經是第二次反映了。
C01288,A0786,T01543,2024-10-02,你好，交易 T01543：ATM 吐鈔少了一張但全額扣款，App 上查不到紀錄，請盡快回覆。
C01289,A0465,T01337,2024-08-22,客服您好，交易 T01337：實際扣款比收據多了一些，客服電話一直打不通，請盡快回覆。
C01290,A0105,T00995,2024-09-17,麻煩處理一下，交易 T00995：本來想申報陌生扣款，查了才知道是自己訂閱的服務續約，只是金額跟發票不符。謝謝。
C01291,A0027,X00204,2024-01-15,客服您好，交易 X00204：看到通知還以為是詐騙，打電話問才知道是年費，想問怎麼取消。請盡快回覆。
C01292,A0041,X00070,2024-08-15,麻煩處理一下，交易 X00070：外幣匯率跟官網公告差很多，請協助處理。希望今天能處理。
C01293,A0025,T01607,2024-10-25,您好，交易 T01607：手續費沒有事先告知，客服電話一直打不通，請重新計算。麻煩了。
C01294,A0272,T02103,2024-12-20,麻煩處理一下，交易 T02103：ATM 吐鈔少了一張但全額扣款，分行說要我自己處理，請重新計算。謝謝。
C01295,A0625,T00212,2024-10-19,客服您好，交易 T00212：我原本以為被盜刷，查了才知道是自己訂閱的服務續約，只是想確認帳單日期。已經是第二次反映了。
C01296,A0190,T01698,2024-01-24,客服您好，交易 T01698：付款時一直跳錯誤卻被扣了錢，客服電話一直打不通，希望可以退還。
C01297,A0099,T02024,2024-05-12,您好，交易 T02024：看到通知還以為是詐騙，查了才知道是自己訂閱的服務續約，希望可以減免。請盡快回覆。
C01298,A0027,X00176,2024-05-08,想反映一件事：交易 X00176：看到通知還以為是詐騙，查了才知道是自己訂閱的服務續約，希望可以減免。謝謝。
C01299,A0406,T01491,2024-01-18,急件！交易 T01491：優惠回饋金一直沒有入帳，分行說要我自己處理，請協助處理。已經是第二次反映了。
C01300,A0597,T01016,2024-10-01,客服您好，交易 T01016：這筆不是我本人操作的。密碼好像被別人拿走了，請盡快把錢退回來。請盡快回覆。
C01301,A0331,T00910,2024-04-12,您好，交易 T00910：朋友說這種扣款可能是盜刷，查了才知道是自己訂閱的服務續約，想問能不能退。謝謝。
C01302,A0663,T01115,2024-11-27,你好，交易 T01115：外幣匯率跟官網公告差很多，分行說要我自己處理，請盡快回覆。請盡快回覆。
C01303,A0562,T01510,2024-07-01,交易 T01510：退款申請送出三週了還沒有消息，App 上查不到紀錄，希望可以退還。
C01304,A0251,T00045,2024-02-19,麻煩處理一下，交易 T00045：優惠回饋金一直沒有入帳，請協助處理。請盡快回覆。
C01305,A0032,T01329,2024-02-09,交易 T01329：同一筆消費被扣了兩次，已經寫信反映過一次，希望可以退還。已經是第二次反映了。
C01306,A0272,T01883,2024-08-14,想反映一件事：交易 T01883：ATM 吐鈔少了一張但全額扣款，客服電話一直打不通，請重新計算。
C01307,A0582,T00877,2024-07-07,急件！交易 T00877：退款申請送出三週了還沒有消息，分行說要我自己處理，請重新計算。
C01308,A0472,T01886,2024-02-14,急件！交易 T01886：ATM 吐鈔少了一張但全額扣款，App 上查不到紀錄，請說明原因。已經是第二次反映了。
C01309,A0570,T01473,2024-01-04,客服您好，交易 T01473：同一筆消費被扣了兩次，請盡快回覆。麻煩了。
C01310,A0288,T02316,2024-11-01,交易 T02316：我原本以為被盜刷，後來想起是小孩用我手機買點數，只是金額跟發票不符。謝謝。
C01311,A0058,X00086,2024-12-05,客服您好，交易 X00086：出現一筆陌生的消費。家人都確認過沒用過這張卡，請當作冒用處理。麻煩了。
C01312,A0358,T02357,2024-05-12,客服您好，交易 T02357：差點就當成盜用報案了，結果確認是我自己買的，只是想確認帳單日期。麻煩了。
C01313,A0138,T00291,2024-07-08,急件！交易 T00291：同一筆消費被扣了兩次，請重新計算。希望今天能處理。
C01314,A0080,T00580,2024-03-03,想反映一件事：交易 T00580：外幣匯率跟官網公告差很多，App 上查不到紀錄，請協助處理。
C01315,A0479,T00906,2024-10-04,交易 T00906：實際扣款比收據多了一些，客服電話一直打不通，希望可以退還。希望今天能處理。
C01316,A0349,T02262,2024-02-20,客服您好，交易 T02262：實際扣款比收據多了一些，客服電話一直打不通，請協助處理。希望今天能處理。
C01317,A0759,T01664,2024-03-01,客服您好，交易 T01664：外幣匯率跟官網公告差很多，App 上查不到紀錄，請重新計算。謝謝。
C01318,A0675,T01396,2024-02-07,想反映一件事：交易 T01396：ATM 吐鈔少了一張但全額扣款，希望可以退還。希望今天能處理。
C01319,A0028,T00242,2024-07-21,麻煩處理一下，交易 T00242：ATM 吐鈔少了一張但全額扣款，客服電話一直打不通，請盡快回覆。請盡快回覆。
C01320,A0723,T01404,2024-08-28,想反映一件事：交易 T01404：同一筆消費被扣了兩次，App 上查不到紀錄，請協助處理。已經是第二次反映了。
C01321,A0212,T00978,2024-05-15,交易 T00978：這筆交易未經我同意。那天我人在國外，請協助爭議款處理。已經是第二次反映了。
C01322,A0292,T02487,2024-02-14,你好，交易 T02487：我從來沒有刷過這筆。那天我人在國外，請立刻凍結並退回款項。希望今天能處理。
C01323,A0129,T01092,2024-04-20,麻煩處理一下，交易 T01092：優惠回饋金一直沒有入帳，已經寫信反映過一次，請重新計算。已經是第二次反映了。
C01324,A0393,T02211,2024-12-20,想反映一件事：交易 T02211：同一筆消費被扣了兩次，分行說要我自己處理，請說明原因。已經是第二次反映了。
C01325,A0072,T00732,2024-09-24,你好，交易 T00732：優惠回饋金一直沒有入帳，分行說要我自己處理，希望可以退還。希望今天能處理。
C01326,A0058,X00217,2024-02-13,客服您好，交易 X00217：出現一筆陌生的消費。卡一直在我身上，請當作冒用處理。麻煩了。
C01327,A0015,T00729,2024-03-02,急件！交易 T00729：看到通知還以為是詐騙，結果確認是我自己買的，只是金額跟發票不符。已經是第二次反映了。
C01328,A0166,T01633,2024-11-05,想反映一件事：交易 T01633：退款申請送出三週了還沒有消息，客服電話一直打不通，請重新計算。麻煩了。
C01329,A0015,T01344,2024-04-16,你好，交易 T01344：差點就當成盜用報案了，後來想起是小孩用我手機買點數，但店員多打了一個零。希望今天能處理。
C01330,A0553,T02226,2024-08-09,您好，交易 T02226：付款時一直跳錯誤卻被扣了錢，已經寫信反映過一次，請協助處理。麻煩了。
C01331,A0391,T02460,2024-12-13,您好，交易 T02460：有人冒用我的帳號付款。卡一直在我身上，懷疑資料外洩，請查明。希望今天能處理。
C01332,A0033,T00864,2024-01-07,想反映一件事：交易 T00864：這個商家我從沒聽過，卻扣了我的錢。時間是半夜三點，我在睡覺，懷疑資料外洩，請查明。麻煩了。
C01333,A0150,T01754,2024-10-01,麻煩處理一下，交易 T01754：這筆不是我本人操作的。密碼好像被別人拿走了，請協助爭議款處理。謝謝。
C01334,A0198,T01138,2024-05-19,麻煩處理一下，交易 T01138：退款申請送出三週了還沒有消息，分行說要我自己處理，請盡快回覆。已經是第二次反映了。
C01335,A0729,T02499,2024-01-04,交易 T02499：手續費沒有事先告知，分行說要我自己處理，請盡快回覆。謝謝。
C01336,A0455,T00520,2024-12-17,您好，交易 T00520：手續費沒有事先告知，App 上查不到紀錄，請重新計算。
C01337,A0360,T01414,2024-12-01,麻煩處理一下，交易 T01414：我原本以為被盜刷，打電話問才知道是年費，想問怎麼取消。麻煩了。
C01338,A0242,T00578,2024-05-09,客服您好，交易 T00578：退款申請送出三週了還沒有消息，分行說要我自己處理，請說明原因。麻煩了。
C01339,A0678,T01252,2024-02-17,急件！交易 T01252：這個商家我從沒聽過，卻扣了我的錢。那天我人在國外，請盡快把錢退回來。謝謝。
C01340,A0058,X00270,2024-04-17,您好，交易 X00270：優惠回饋金一直沒有入帳，希望可以退還。
C01341,A0230,T01894,2024-05-10,麻煩處理一下，交易 T01894：本來想申報陌生扣款，結果確認是我自己買的，想問能不能退。
C01342,A0304,T00840,2024-01-26,想反映一件事：交易 T00840：這筆交易未經我同意。家人都確認過沒用過這張卡，懷疑資料外洩，請查明。希望今天能處理。
C01343,A0224,T02453,2024-07-11,交易 T02453：外幣匯率跟官網公告差很多，已經寫信反映過一次，請協助處理。已經是第二次反映了。
C01344,A0633,T01506,2024-10-27,客服您好，交易 T01506：付款時一直跳錯誤卻被扣了錢，客服電話一直打不通，請協助處理。
C01345,A0127,T02308,2024-04-24,想反映一件事：交易 T02308：同一筆消費被扣了兩次，請協助處理。已經是第二次反映了。
C01346,A0237,T01023,2024-11-22,您好，交易 T01023：退款申請送出三週了還沒有消息，App 上查不到紀錄，希望可以退還。希望今天能處理。
C01347,A0340,T00931,2024-03-23,麻煩處理一下，交易 T00931：退款申請送出三週了還沒有消息，客服電話一直打不通，請說明原因。已經是第二次反映了。
C01348,A0017,T01460,2024-02-03,客服您好，交易 T01460：付款時一直跳錯誤卻被扣了錢，App 上查不到紀錄，請重新計算。請盡快回覆。
C01349,A0025,T01313,2024-02-05,客服您好，交易 T01313：手續費沒有事先告知，請盡快回覆。謝謝。
C01350,A0060,T01238,2024-07-08,想反映一件事：交易 T01238：優惠回饋金一直沒有入帳，App 上查不到紀錄，請說明原因。已經是第二次反映了。
C01351,A0027,X00221,2024-01-27,麻煩處理一下，交易 X00221：看到通知還以為是詐騙，結果確認是我自己買的，只是金額跟發票不符。已經是第二次反映了。
C01352,A0782,T02189,2024-11-20,客服您好，交易 T02189：差點就當成盜用報案了，查了才知道是自己訂閱的服務續約，希望可以減免。請盡快回覆。
C01353,A0624,T00174,2024-11-13,您好，交易 T00174：手續費沒有事先告知，客服電話一直打不通，請盡快回覆。請盡快回覆。
C01354,A0058,X00278,2024-08-04,麻煩處理一下，交易 X00278：我從來沒有刷過這筆。家人都確認過沒用過這張卡，請當作冒用處理。希望今天能處理。
C01355,A0711,T00198,2024-02-25,急件！交易 T00198：我的卡被盜刷了。卡一直在我身上，懷疑資料外洩，請查明。麻煩了。
C01356,A0670,T00347,2024-07-19,急件！交易 T00347：本來想申報陌生扣款，後來想起是小孩用我手機買點數，想問怎麼取消。謝謝。
C01357,A0041,X00177,2024-05-14,您好，交易 X00177：優惠回饋金一直沒有入帳，請重新計算。麻煩了。
C01358,A0579,T00249,2024-04-18,急件！交易 T00249：退款申請送出三週了還沒有消息，客服電話一直打不通，請協助處理。希望今天能處理。
C01359,A0066,X00290,2024-08-27,交易 X00290：我的卡被盜刷了。家人都確認過沒用過這張卡，請盡快把錢退回來。麻煩了。
C01360,A0530,T01645,2024-11-22,您好，交易 T01645：這筆交易未經我同意。密碼好像被別人拿走了，請立刻凍結並退回款項。
C01361,A0247,T00882,2024-11-16,急件！交易 T00882：一開始懷疑卡片被冒用，結果確認是我自己買的，但退款到現在還沒入帳。麻煩了。
C01362,A0087,T01227,2024-07-16,想反映一件事：交易 T01227：同一筆消費被扣了兩次，客服電話一直打不通，請說明原因。已經是第二次反映了。
C01363,A0422,T00547,2024-03-19,想反映一件事：交易 T00547：同一筆消費被扣了兩次，已經寫信反映過一次，請協助處理。已經是第二次反映了。
C01364,A0467,T02073,2024-09-17,麻煩處理一下，交易 T02073：ATM 吐鈔少了一張但全額扣款，客服電話一直打不通，請重新計算。希望今天能處理。
C01365,A0101,T00372,2024-12-26,客服您好，交易 T00372：ATM 吐鈔少了一張但全額扣款，已經寫信反映過一次，希望可以退還。
C01366,A0748,T02369,2024-05-09,客服您好，交易 T02369：優惠回饋金一直沒有入帳，分行說要我自己處理，請協助處理。希望今天能處理。
C01367,A0425,T01210,2024-07-07,急件！交易 T01210：外幣匯率跟官網公告差很多，已經寫信反映過一次，請協助處理。希望今天能處理。
C01368,A0041,X00116,2024-11-28,想反映一件事：交易 X00116：同一筆消費被扣了兩次，客服電話一直打不通，請重新計算。
C01369,A0236,T00737,2024-03-13,交易 T00737：ATM 吐鈔少了一張但全額扣款，分行說要我自己處理，請盡快回覆。
C01370,A0793,T01246,2024-07-16,急件！交易 T01246：同一筆消費被扣了兩次，希望可以退還。希望今天能處理。
C01371,A0785,T01552,2024-12-08,您好，交易 T01552：付款時一直跳錯誤卻被扣了錢，請說明原因。請盡快回覆。
C01372,A0417,T01097,2024-05-01,想反映一件事：交易 T01097：實際扣款比收據多了一些，分行說要我自己處理，請協助處理。
C01373,A0043,T00698,2024-08-23,你好，交易 T00698：ATM 吐鈔少了一張但全額扣款，客服電話一直打不通，請盡快回覆。已經是第二次反映了。
C01374,A0346,T00839,2024-11-14,麻煩處理一下，交易 T00839：外幣匯率跟官網公告差很多，已經寫信反映過一次，希望可以退還。請盡快回覆。
C01375,A0290,T00264,2024-01-05,你好，交易 T00264：付款時一直跳錯誤卻被扣了錢，分行說要我自己處理，希望可以退還。謝謝。
C01376,A0651,T02059,2024-01-14,麻煩處理一下，交易 T02059：朋友說這種扣款可能是盜刷，查了才知道是自己訂閱的服務續約，但退款到現在還沒入帳。已經是第二次反映了。
C01377,A0194,T01151,2024-11-02,您好，交易 T01151：分期利息跟當初說的不一樣，分行說要我自己處理，請說明原因。已經是第二次反映了。
C01378,A0403,T00536,2024-08-23,交易 T00536：同一筆消費被扣了兩次，請盡快回覆。
C01379,A0031,T01067,2024-11-11,您好，交易 T01067：同一筆消費被扣了兩次，分行說要我自己處理，請盡快回覆。麻煩了。
C01380,A0175,T02395,2024-05-23,交易 T02395：這個商家我從沒聽過，卻扣了我的錢。我已經報警了，懷疑資料外洩，請查明。希望今天能處理。
C01381,A0036,T00938,2024-07-06,急件！交易 T00938：分期利息跟當初說的不一樣，客服電話一直打不通，請盡快回覆。
C01382,A0342,T01544,2024-07-17,麻煩處理一下，交易 T01544：外幣匯率跟官網公告差很多，App 上查不到紀錄，請說明原因。謝謝。
C01383,A0515,T00059,2024-02-17,客服您好，交易 T00059：我原本以為被盜刷，後來發現是家人刷的，想問怎麼取消。
C01384,A0547,T01254,2024-08-22,交易 T01254：ATM 吐鈔少了一張但全額扣款，請盡快回覆。
C01385,A0644,T01596,2024-02-14,客服您好，交易 T01596：朋友說這種扣款可能是盜刷，查了才知道是自己訂閱的服務續約，但退款到現在還沒入帳。
C01386,A0013,X00314,2024-11-14,客服您好，交易 X00314：本來想申報陌生扣款，後來想起是小孩用我手機買點數，但店員多打了一個零。謝謝。
C01387,A0041,X00087,2024-02-11,你好，交易 X00087：付款時一直跳錯誤卻被扣了錢，App 上查不到紀錄，請重新計算。麻煩了。
C01388,A0094,T01371,2024-07-28,您好，交易 T01371：手續費沒有事先告知，分行說要我自己處理，請重新計算。謝謝。
C01389,A0719,T01891,2024-07-14,想反映一件事：交易 T01891：ATM 吐鈔少了一張但全額扣款，客服電話一直打不通，希望可以退還。
C01390,A0071,T02504,2024-03-25,急件！交易 T02504：這筆不是我本人操作的。家人都確認過沒用過這張卡，請協助爭議款處理。已經是第二次反映了。
C01391,A0336,T01007,2024-07-09,你好，交易 T01007：優惠回饋金一直沒有入帳，客服電話一直打不通，請協助處理。已經是第二次反映了。
C01392,A0400,T01699,2024-07-12,交易 T01699：外幣匯率跟官網公告差很多，已經寫信反映過一次，請重新計算。
C01393,A0601,T01885,2024-04-21,想反映一件事：交易 T01885：出現一筆陌生的消費。時間是半夜三點，我在睡覺，要求調查是誰用的。
C01394,A0355,T00187,2024-04-07,客服您好，交易 T00187：分期利息跟當初說的不一樣，客服電話一直打不通，希望可以退還。
C01395,A0233,T01887,2024-12-07,麻煩處理一下，交易 T01887：這個商家我從沒聽過，卻扣了我的錢。家人都確認過沒用過這張卡，請當作冒用處理。
C01396,A0736,T01976,2024-07-06,麻煩處理一下，交易 T01976：優惠回饋金一直沒有入帳，App 上查不到紀錄，請盡快回覆。謝謝。
C01397,A0466,T00727,2024-08-08,急件！交易 T00727：這個商家我從沒聽過，卻扣了我的錢。密碼好像被別人拿走了，請協助爭議款處理。希望今天能處理。
C01398,A0164,T00634,2024-11-02,麻煩處理一下，交易 T00634：同一筆消費被扣了兩次，請盡快回覆。已經是第二次反映了。
C01399,A0415,T01530,2024-09-01,急件！交易 T01530：優惠回饋金一直沒有入帳，請盡快回覆。謝謝。
C01400,A0282,T01488,2024-11-12,你好，交易 T01488：ATM 吐鈔少了一張但全額扣款，已經寫信反映過一次，請重新計算。麻煩了。
C01401,A0240,T02424,2024-11-15,想反映一件事：交易 T02424：手續費沒有事先告知，分行說要我自己處理，請說明原因。已經是第二次反映了。
C01402,A0166,T00532,2024-01-08,麻煩處理一下，交易 T00532：有人冒用我的帳號付款。密碼好像被別人拿走了，懷疑資料外洩，請查明。
C01403,A0255,T01623,2024-06-07,急件！交易 T01623：退款申請送出三週了還沒有消息，分行說要我自己處理，請協助處理。希望今天能處理。
C01404,A0213,T00637,2024-07-05,交易 T00637：我原本以為被盜刷，後來想起是小孩用我手機買點數，希望可以減免。
C01405,A0066,X00105,2024-04-26,想反映一件事：交易 X00105：這筆交易未經我同意。卡一直在我身上，請盡快把錢退回來。請盡快回覆。
C01406,A0309,T00247,2024-05-12,想反映一件事：交易 T00247：手續費沒有事先告知，分行說要我自己處理，請說明原因。請盡快回覆。
C01407,A0443,T00430,2024-10-15,麻煩處理一下，交易 T00430：實際扣款比收據多了一些，客服電話一直打不通，請協助處理。已經是第二次反映了。
C01408,A0028,T00224,2024-05-05,麻煩處理一下，交易 T00224：付款時一直跳錯誤卻被扣了錢，請協助處理。
C01409,A0013,X00161,2024-09-08,想反映一件事：交易 X00161：優惠回饋金一直沒有入帳，已經寫信反映過一次，請說明原因。請盡快回覆。
C01410,A0045,T01665,2024-07-15,急件！交易 T01665：出現一筆陌生的消費。那天我人在國外，懷疑資料外洩，請查明。
C01411,A0633,T01506,2024-10-27,你好，交易 T01506：這筆交易未經我同意。卡一直在我身上，要求調查是誰用的。麻煩了。
C01412,A0763,T01657,2024-02-20,交易 T01657：優惠回饋金一直沒有入帳，分行說要我自己處理，請重新計算。請盡快回覆。
C01413,A0640,T02432,2024-07-15,麻煩處理一下，交易 T02432：實際扣款比收據多了一些，App 上查不到紀錄，請說明原因。希望今天能處理。
C01414,A0013,X00173,2024-06-20,你好，交易 X00173：優惠回饋金一直沒有入帳，請重新計算。謝謝。
C01415,A0422,T00547,2024-03-19,你好，交易 T00547：實際扣款比收據多了一些，App 上查不到紀錄，希望可以退還。麻煩了。
C01416,A0398,T01798,2024-10-18,交易 T01798：優惠回饋金一直沒有入帳，請盡快回覆。
C01417,A0727,T00802,2024-09-24,客服您好，交易 T00802：我的卡被盜刷了。時間是半夜三點，我在睡覺，懷疑資料外洩，請查明。請盡快回覆。
C01418,A0013,X00203,2024-05-03,想反映一件事：交易 X00203：同一筆消費被扣了兩次，客服電話一直打不通，請盡快回覆。希望今天能處理。
C01419,A0361,T00096,2024-06-04,您好，交易 T00096：我原本以為被盜刷，查了才知道是自己訂閱的服務續約，但退款到現在還沒入帳。希望今天能處理。
C01420,A0349,T02262,2024-02-20,你好，交易 T02262：朋友說這種扣款可能是盜刷，打電話問才知道是年費，想問能不能退。已經是第二次反映了。
C01421,A0220,T02244,2024-11-12,您好，交易 T02244：分期利息跟當初說的不一樣，客服電話一直打不通，請說明原因。謝謝。
C01422,A0141,T00037,2024-09-11,你好，交易 T00037：出現一筆陌生的消費。家人都確認過沒用過這張卡，請當作冒用處理。
C01423,A0774,T00629,2024-02-06,您好，交易 T00629：退款申請送出三週了還沒有消息，客服電話一直打不通，希望可以退還。請盡快回覆。
C01424,A0463,T00945,2024-12-08,交易 T00945：付款時一直跳錯誤卻被扣了錢，App 上查不到紀錄，希望可以退還。
C01425,A0062,T00454,2024-07-02,您好，交易 T00454：同一筆消費被扣了兩次，App 上查不到紀錄，請說明原因。已經是第二次反映了。
C01426,A0222,T01515,2024-12-07,急件！交易 T01515：同一筆消費被扣了兩次，客服電話一直打不通，請重新計算。麻煩了。
C01427,A0544,T01191,2024-12-01,客服您好，交易 T01191：實際扣款比收據多了一些，請盡快回覆。謝謝。
C01428,A0578,T01855,2024-11-07,客服您好，交易 T01855：本來想申報陌生扣款，後來想起是小孩用我手機買點數，想問能不能退。希望今天能處理。
C01429,A0282,T02473,2024-07-14,您好，交易 T02473：付款時一直跳錯誤卻被扣了錢，App 上查不到紀錄，請盡快回覆。
C01430,A0174,T00540,2024-04-24,你好，交易 T00540：出現一筆陌生的消費。家人都確認過沒用過這張卡，請協助爭議款處理。請盡快回覆。
C01431,A0014,T00007,2024-06-08,你好，交易 T00007：退款申請送出三週了還沒有消息，請說明原因。希望今天能處理。
C01432,A0738,T00179,2024-01-28,急件！交易 T00179：ATM 吐鈔少了一張但全額扣款，App 上查不到紀錄，請協助處理。麻煩了。
C01433,A0043,T00528,2024-02-06,客服您好，交易 T00528：手續費沒有事先告知，App 上查不到紀錄，希望可以退還。希望今天能處理。
C01434,A0466,T00727,2024-08-08,客服您好，交易 T00727：ATM 吐鈔少了一張但全額扣款，App 上查不到紀錄，請說明原因。
C01435,A0772,T00353,2024-11-23,您好，交易 T00353：外幣匯率跟官網公告差很多，已經寫信反映過一次，請重新計算。請盡快回覆。
C01436,A0592,T01323,2024-04-23,麻煩處理一下，交易 T01323：外幣匯率跟官網公告差很多，App 上查不到紀錄，請說明原因。希望今天能處理。
C01437,A0590,T01369,2024-11-07,客服您好，交易 T01369：分期利息跟當初說的不一樣，已經寫信反映過一次，請盡快回覆。謝謝。
C01438,A0734,T01160,2024-10-05,您好，交易 T01160：ATM 吐鈔少了一張但全額扣款，客服電話一直打不通，請說明原因。已經是第二次反映了。
C01439,A0215,T02361,2024-05-16,麻煩處理一下，交易 T02361：同一筆消費被扣了兩次，客服電話一直打不通，請協助處理。已經是第二次反映了。
C01440,A0013,X00306,2024-11-26,交易 X00306：這筆不是我本人操作的。那天我人在國外，請盡快把錢退回來。麻煩了。
C01441,A0730,T00836,2024-09-23,想反映一件事：交易 T00836：差點就當成盜用報案了，結果確認是我自己買的，只是金額跟發票不符。已經是第二次反映了。
C01442,A0154,T00185,2024-01-26,交易 T00185：這筆交易未經我同意。密碼好像被別人拿走了，請盡快把錢退回來。請盡快回覆。
C01443,A0042,T00739,2024-01-24,你好，交易 T00739：本來想申報陌生扣款，查了才知道是自己訂閱的服務續約，想問能不能退。希望今天能處理。
C01444,A0615,T01030,2024-04-02,想反映一件事：交易 T01030：ATM 吐鈔少了一張但全額扣款，客服電話一直打不通，請重新計算。謝謝。
C01445,A0017,T00290,2024-09-03,想反映一件事：交易 T00290：退款申請送出三週了還沒有消息，分行說要我自己處理，請協助處理。已經是第二次反映了。
C01446,A0726,T00574,2024-02-20,你好，交易 T00574：ATM 吐鈔少了一張但全額扣款，請協助處理。請盡快回覆。
C01447,A0529,T00379,2024-08-16,想反映一件事：交易 T00379：一開始懷疑卡片被冒用，核對後是我在店裡刷的，只是想確認帳單日期。
C01448,A0727,T01624,2024-04-24,麻煩處理一下，交易 T01624：同一筆消費被扣了兩次，分行說要我自己處理，請盡快回覆。希望今天能處理。
C01449,A0389,T01393,2024-07-07,客服您好，交易 T01393：外幣匯率跟官網公告差很多，請協助處理。希望今天能處理。
C01450,A0233,T01731,2024-04-15,急件！交易 T01731：ATM 吐鈔少了一張但全額扣款，分行說要我自己處理，希望可以退還。請盡快回覆。
C01451,A0655,T00541,2024-07-14,急件！交易 T00541：優惠回饋金一直沒有入帳，分行說要我自己處理，請說明原因。已經是第二次反映了。
C01452,A0619,T01797,2024-01-05,你好，交易 T01797：看到通知還以為是詐騙，後來想起是小孩用我手機買點數，但退款到現在還沒入帳。麻煩了。
C01453,A0160,T02375,2024-04-10,你好，交易 T02375：我從來沒有刷過這筆。密碼好像被別人拿走了，懷疑資料外洩，請查明。希望今天能處理。
C01454,A0305,T02105,2024-12-10,客服您好，交易 T02105：這筆不是我本人操作的。密碼好像被別人拿走了，請當作冒用處理。麻煩了。
C01455,A0247,T01766,2024-11-02,交易 T01766：實際扣款比收據多了一些，已經寫信反映過一次，請重新計算。已經是第二次反映了。
C01456,A0039,T02589,2024-09-14,您好，交易 T02589：實際扣款比收據多了一些，客服電話一直打不通，請重新計算。麻煩了。
C01457,A0557,T00682,2024-12-17,急件！交易 T00682：優惠回饋金一直沒有入帳，分行說要我自己處理，請說明原因。已經是第二次反映了。
C01458,A0058,X00311,2024-07-04,交易 X00311：退款申請送出三週了還沒有消息，App 上查不到紀錄，希望可以退還。麻煩了。
C01459,A0351,T00837,2024-09-05,麻煩處理一下，交易 T00837：ATM 吐鈔少了一張但全額扣款，已經寫信反映過一次，請盡快回覆。希望今天能處理。
C01460,A0119,T00118,2024-07-12,你好，交易 T00118：這個商家我從沒聽過，卻扣了我的錢。我已經報警了，請協助爭議款處理。麻煩了。
C01461,A0697,T02392,2024-01-26,急件！交易 T02392：看到通知還以為是詐騙，打電話問才知道是年費，但店員多打了一個零。已經是第二次反映了。
C01462,A0630,T00168,2024-11-18,您好，交易 T00168：同一筆消費被扣了兩次，已經寫信反映過一次，請說明原因。
C01463,A0217,T02083,2024-12-22,急件！交易 T02083：ATM 吐鈔少了一張但全額扣款，分行說要我自己處理，請重新計算。麻煩了。
C01464,A0184,T00692,2024-06-24,您好，交易 T00692：有人冒用我的帳號付款。那天我人在國外，請立刻凍結並退回款項。麻煩了。
C01465,A0145,T00173,2024-03-12,麻煩處理一下，交易 T00173：付款時一直跳錯誤卻被扣了錢，請重新計算。
C01466,A0058,X00212,2024-06-13,急件！交易 X00212：這個商家我從沒聽過，卻扣了我的錢。卡一直在我身上，請當作冒用處理。謝謝。
C01467,A0353,T01150,2024-04-18,麻煩處理一下，交易 T01150：我的卡被盜刷了。那天我人在國外，請當作冒用處理。麻煩了。
C01468,A0680,T00952,2024-04-03,急件！交易 T00952：外幣匯率跟官網公告差很多，客服電話一直打不通，請重新計算。希望今天能處理。
C01469,A0027,X00258,2024-03-26,你好，交易 X00258：ATM 吐鈔少了一張但全額扣款，請盡快回覆。請盡快回覆。
C01470,A0434,T01032,2024-06-22,麻煩處理一下，交易 T01032：手續費沒有事先告知，分行說要我自己處理，請盡快回覆。希望今天能處理。
C01471,A0633,T00387,2024-05-03,你好，交易 T00387：差點就當成盜用報案了，後來想起是小孩用我手機買點數，希望可以減免。請盡快回覆。
C01472,A0597,T00202,2024-08-06,客服您好，交易 T00202：ATM 吐鈔少了一張但全額扣款，請協助處理。謝謝。
C01473,A0500,T02091,2024-12-02,您好，交易 T02091：本來想申報陌生扣款，結果確認是我自己買的，但店員多打了一個零。請盡快回覆。
C01474,A0157,T01392,2024-11-04,麻煩處理一下，交易 T01392：出現一筆陌生的消費。我已經報警了，要求調查是誰用的。謝謝。
C01475,A0562,T02418,2024-05-02,急件！交易 T02418：退款申請送出三週了還沒有消息，希望可以退還。謝謝。
C01476,A0208,T01715,2024-10-15,急件！交易 T01715：手續費沒有事先告知，分行說要我自己處理，希望可以退還。希望今天能處理。
C01477,A0176,T01034,2024-10-24,想反映一件事：交易 T01034：出現一筆陌生的消費。家人都確認過沒用過這張卡，請立刻凍結並退回款項。已經是第二次反映了。
C01478,A0175,T00568,2024-06-05,你好，交易 T00568：付款時一直跳錯誤卻被扣了錢，希望可以退還。麻煩了。
C01479,A0765,T00489,2024-07-22,客服您好，交易 T00489：分期利息跟當初說的不一樣，已經寫信反映過一次，請協助處理。
C01480,A0139,T02179,2024-05-03,您好，交易 T02179：優惠回饋金一直沒有入帳，請協助處理。已經是第二次反映了。
C01481,A0509,T02079,2024-02-19,想反映一件事：交易 T02079：實際扣款比收據多了一些，已經寫信反映過一次，請盡快回覆。請盡快回覆。
C01482,A0313,T01247,2024-01-28,你好，交易 T01247：差點就當成盜用報案了，查了才知道是自己訂閱的服務續約，但店員多打了一個零。麻煩了。
C01483,A0540,T01128,2024-08-27,交易 T01128：優惠回饋金一直沒有入帳，請說明原因。希望今天能處理。
C01484,A0028,T00224,2024-05-05,麻煩處理一下，交易 T00224：出現一筆陌生的消費。家人都確認過沒用過這張卡，請立刻凍結並退回款項。
C01485,A0079,T00535,2024-05-10,你好，交易 T00535：實際扣款比收據多了一些，請說明原因。
C01486,A0457,T01585,2024-01-18,麻煩處理一下，交易 T01585：退款申請送出三週了還沒有消息，客服電話一直打不通，請協助處理。麻煩了。
C01487,A0268,T00027,2024-08-08,想反映一件事：交易 T00027：外幣匯率跟官網公告差很多，已經寫信反映過一次，請重新計算。請盡快回覆。
C01488,A0380,T00284,2024-04-28,交易 T00284：退款申請送出三週了還沒有消息，客服電話一直打不通，請說明原因。謝謝。
C01489,A0150,T01754,2024-10-01,急件！交易 T01754：我從來沒有刷過這筆。那天我人在國外，請當作冒用處理。謝謝。
C01490,A0233,T01251,2024-07-10,您好，交易 T01251：手續費沒有事先告知，客服電話一直打不通，請重新計算。希望今天能處理。
C01491,A0695,T01764,2024-07-13,你好，交易 T01764：同一筆消費被扣了兩次，已經寫信反映過一次，請協助處理。請盡快回覆。
C01492,A0619,T01738,2024-08-13,你好，交易 T01738：優惠回饋金一直沒有入帳，希望可以退還。希望今天能處理。
C01493,A0660,T02246,2024-09-28,您好，交易 T02246：差點就當成盜用報案了，查了才知道是自己訂閱的服務續約，只是金額跟發票不符。謝謝。
C01494,A0352,T00166,2024-11-27,急件！交易 T00166：我從來沒有刷過這筆。那天我人在國外，懷疑資料外洩，請查明。請盡快回覆。
C01495,A0645,T01102,2024-11-12,客服您好，交易 T01102：付款時一直跳錯誤卻被扣了錢，客服電話一直打不通，請協助處理。麻煩了。
C01496,A0635,T02372,2024-08-02,想反映一件事：交易 T02372：付款時一直跳錯誤卻被扣了錢，分行說要我自己處理，請盡快回覆。希望今天能處理。
C01497,A0237,T02445,2024-11-14,您好，交易 T02445：退款申請送出三週了還沒有消息，分行說要我自己處理，請盡快回覆。
C01498,A0330,T02053,2024-10-14,客服您好，交易 T02053：手續費沒有事先告知，客服電話一直打不通，請說明原因。希望今天能處理。
C01499,A0658,T01874,2024-02-27,交易 T01874：同一筆消費被扣了兩次，請協助處理。希望今天能處理。
C01500,A0460,T01101,2024-04-18,急件！交易 T01101：實際扣款比收據多了一些，希望可以退還。謝謝。
C01501,A0338,T01712,2024-12-22,想反映一件事：交易 T01712：分期利息跟當初說的不一樣，希望可以退還。請盡快回覆。
C01502,A0487,T01926,2024-07-28,客服您好，交易 T01926：實際扣款比收據多了一些，分行說要我自己處理，請盡快回覆。
C01503,A0446,T01608,2024-10-15,客服您好，交易 T01608：我從來沒有刷過這筆。手機沒收到任何驗證碼，請協助爭議款處理。希望今天能處理。
C01504,A0237,T00788,2024-04-07,急件！交易 T00788：優惠回饋金一直沒有入帳，請協助處理。希望今天能處理。
C01505,A0625,T02145,2024-03-06,急件！交易 T02145：差點就當成盜用報案了，打電話問才知道是年費，只是金額跟發票不符。麻煩了。
C01506,A0041,X00122,2024-06-16,急件！交易 X00122：一開始懷疑卡片被冒用，打電話問才知道是年費，但退款到現在還沒入帳。麻煩了。
C01507,A0013,X00314,2024-11-14,交易 X00314：外幣匯率跟官網公告差很多，分行說要我自己處理，希望可以退還。請盡快回覆。
C01508,A0034,T01980,2024-03-13,客服您好，交易 T01980：本來想申報陌生扣款，打電話問才知道是年費，但退款到現在還沒入帳。請盡快回覆。
C01509,A0670,T00633,2024-11-22,麻煩處理一下，交易 T00633：我的卡被盜刷了。我已經報警了，請協助爭議款處理。謝謝。
C01510,A0041,X00151,2024-06-01,客服您好，交易 X00151：優惠回饋金一直沒有入帳，請盡快回覆。謝謝。
C01511,A0676,T01453,2024-10-02,客服您好，交易 T01453：手續費沒有事先告知，客服電話一直打不通，請協助處理。麻煩了。
C01512,A0232,T00405,2024-09-17,您好，交易 T00405：我的卡被盜刷了。那天我人在國外，請協助爭議款處理。謝謝。
C01513,A0361,T00510,2024-07-21,您好，交易 T00510：同一筆消費被扣了兩次，分行說要我自己處理，請說明原因。謝謝。
C01514,A0773,T02240,2024-03-17,急件！交易 T02240：退款申請送出三週了還沒有消息，客服電話一直打不通，請協助處理。麻煩了。
C01515,A0475,T00533,2024-06-02,麻煩處理一下，交易 T00533：帳單上出現一筆我完全不認得的扣款。卡一直在我身上，請立刻凍結並退回款項。麻煩了。
C01516,A0312,T02374,2024-02-01,你好，交易 T02374：這筆交易未經我同意。我已經報警了，請協助爭議款處理。希望今天能處理。
C01517,A0752,T01635,2024-07-04,想反映一件事：交易 T01635：實際扣款比收據多了一些，請說明原因。請盡快回覆。
C01518,A0187,T00670,2024-07-18,想反映一件事：交易 T00670：差點就當成盜用報案了，查了才知道是自己訂閱的服務續約，但店員多打了一個零。
C01519,A0655,T00541,2024-07-14,想反映一件事：交易 T00541：這筆交易未經我同意。家人都確認過沒用過這張卡，要求調查是誰用的。已經是第二次反映了。
C01520,A0396,T00378,2024-05-04,想反映一件事：交易 T00378：這筆不是我本人操作的。密碼好像被別人拿走了，請協助爭議款處理。
C01521,A0422,T01269,2024-09-05,想反映一件事：交易 T01269：實際扣款比收據多了一些，請說明原因。麻煩了。
C01522,A0635,T01620,2024-03-09,您好，交易 T01620：外幣匯率跟官網公告差很多，客服電話一直打不通，請協助處理。謝謝。
C01523,A0012,T00740,2024-11-25,你好，交易 T00740：我從來沒有刷過這筆。時間是半夜三點，我在睡覺，要求調查是誰用的。
C01524,A0359,T00089,2024-09-17,想反映一件事：交易 T00089：ATM 吐鈔少了一張但全額扣款，客服電話一直打不通，請盡快回覆。希望今天能處理。
C01525,A0579,T01909,2024-01-26,你好，交易 T01909：ATM 吐鈔少了一張但全額扣款，已經寫信反映過一次，請盡快回覆。謝謝。
C01526,A0149,T00039,2024-09-06,交易 T00039：手續費沒有事先告知，分行說要我自己處理，希望可以退還。已經是第二次反映了。
C01527,A0484,T01922,2024-03-05,急件！交易 T01922：實際扣款比收據多了一些，客服電話一直打不通，請協助處理。謝謝。
C01528,A0654,T01601,2024-04-05,你好，交易 T01601：付款時一直跳錯誤卻被扣了錢，分行說要我自己處理，請說明原因。麻煩了。
C01529,A0511,T00261,2024-09-28,想反映一件事：交易 T00261：退款申請送出三週了還沒有消息，分行說要我自己處理，請盡快回覆。謝謝。
C01530,A0066,X00290,2024-08-27,急件！交易 X00290：優惠回饋金一直沒有入帳，客服電話一直打不通，請說明原因。請盡快回覆。
C01531,A0481,T01395,2024-09-27,您好，交易 T01395：實際扣款比收據多了一些，App 上查不到紀錄，請盡快回覆。麻煩了。
C01532,A0031,T02290,2024-06-18,您好，交易 T02290：優惠回饋金一直沒有入帳，分行說要我自己處理，請說明原因。麻煩了。
C01533,A0628,T02329,2024-07-12,麻煩處理一下，交易 T02329：一開始懷疑卡片被冒用，打電話問才知道是年費，只是金額跟發票不符。謝謝。
C01534,A0214,T00664,2024-07-12,客服您好，交易 T00664：實際扣款比收據多了一些，客服電話一直打不通，請盡快回覆。麻煩了。
C01535,A0704,T01164,2024-01-21,客服您好，交易 T01164：我的卡被盜刷了。那天我人在國外，懷疑資料外洩，請查明。請盡快回覆。
C01536,A0438,T01736,2024-12-27,交易 T01736：本來想申報陌生扣款，查了才知道是自己訂閱的服務續約，只是想確認帳單日期。請盡快回覆。
C01537,A0575,T00892,2024-11-18,急件！交易 T00892：出現一筆陌生的消費。時間是半夜三點，我在睡覺，請當作冒用處理。請盡快回覆。
C01538,A0644,T01287,2024-07-21,客服您好，交易 T01287：付款時一直跳錯誤卻被扣了錢，客服電話一直打不通，請說明原因。謝謝。
C01539,A0660,T00184,2024-01-26,你好，交易 T00184：朋友說這種扣款可能是盜刷，後來想起是小孩用我手機買點數，只是金額跟發票不符。麻煩了。
C01540,A0182,T00893,2024-06-27,你好，交易 T00893：同一筆消費被扣了兩次，客服電話一直打不通，請重新計算。請盡快回覆。
C01541,A0510,T00464,2024-09-25,你好，交易 T00464：同一筆消費被扣了兩次，請說明原因。謝謝。
C01542,A0027,X00148,2024-10-11,想反映一件事：交易 X00148：實際扣款比收據多了一些，分行說要我自己處理，請協助處理。謝謝。
C01543,A0625,T01758,2024-05-09,客服您好，交易 T01758：本來想申報陌生扣款，後來發現是家人刷的，但店員多打了一個零。已經是第二次反映了。
C01544,A0483,T02076,2024-01-22,急件！交易 T02076：差點就當成盜用報案了，後來發現是家人刷的，想問能不能退。已經是第二次反映了。
C01545,A0478,T01600,2024-01-09,想反映一件事：交易 T01600：手續費沒有事先告知，分行說要我自己處理，希望可以退還。請盡快回覆。
C01546,A0581,T02191,2024-07-03,急件！交易 T02191：付款時一直跳錯誤卻被扣了錢，分行說要我自己處理，請盡快回覆。請盡快回覆。
C01547,A0785,T01137,2024-02-22,客服您好，交易 T01137：優惠回饋金一直沒有入帳，App 上查不到紀錄，請協助處理。謝謝。
C01548,A0177,T01683,2024-07-05,想反映一件事：交易 T01683：優惠回饋金一直沒有入帳，客服電話一直打不通，請重新計算。謝謝。
C01549,A0415,T00447,2024-09-04,急件！交易 T00447：我從來沒有刷過這筆。密碼好像被別人拿走了，要求調查是誰用的。
C01550,A0445,T02252,2024-02-19,交易 T02252：看到通知還以為是詐騙，後來發現是家人刷的，只是想確認帳單日期。
C01551,A0796,T02037,2024-02-10,急件！交易 T02037：手續費沒有事先告知，已經寫信反映過一次，請盡快回覆。請盡快回覆。
C01552,A0550,T01384,2024-03-26,交易 T01384：退款申請送出三週了還沒有消息，分行說要我自己處理，請盡快回覆。請盡快回覆。
C01553,A0673,T00107,2024-07-10,您好，交易 T00107：分期利息跟當初說的不一樣，請重新計算。
C01554,A0027,X00088,2024-05-25,你好，交易 X00088：朋友說這種扣款可能是盜刷，核對後是我在店裡刷的，想問怎麼取消。
C01555,A0066,X00022,2024-10-16,交易 X00022：實際扣款比收據多了一些，請說明原因。謝謝。
C01556,A0226,T01707,2024-05-14,麻煩處理一下，交易 T01707：同一筆消費被扣了兩次，客服電話一直打不通，請盡快回覆。希望今天能處理。
C01557,A0630,T00724,2024-03-13,你好，交易 T00724：實際扣款比收據多了一些，分行說要我自己處理，請協助處理。已經是第二次反映了。
C01558,A0280,T01682,2024-01-04,交易 T01682：同一筆消費被扣了兩次，分行說要我自己處理，請說明原因。謝謝。
C01559,A0772,T00642,2024-02-28,交易 T00642：出現一筆陌生的消費。那天我人在國外，要求調查是誰用的。謝謝。
C01560,A0406,T01234,2024-03-08,客服您好，交易 T01234：退款申請送出三週了還沒有消息，分行說要我自己處理，請盡快回覆。已經是第二次反映了。
C01561,A0659,T01687,2024-06-07,急件！交易 T01687：分期利息跟當初說的不一樣，App 上查不到紀錄，請重新計算。
C01562,A0469,T01659,2024-10-28,急件！交易 T01659：實際扣款比收據多了一些，客服電話一直打不通，請重新計算。謝謝。
C01563,A0442,T01359,2024-07-12,你好，交易 T01359：實際扣款比收據多了一些，App 上查不到紀錄，請說明原因。麻煩了。
C01564,A0332,T01551,2024-08-28,你好，交易 T01551：一開始懷疑卡片被冒用，後來想起是小孩用我手機買點數，但店員多打了一個零。已經是第二次反映了。
C01565,A0085,T01230,2024-06-26,客服您好，交易 T01230：優惠回饋金一直沒有入帳，請重新計算。請盡快回覆。
C01566,A0768,T00357,2024-10-26,你好，交易 T00357：優惠回饋金一直沒有入帳，App 上查不到紀錄，請協助處理。
C01567,A0461,T00006,2024-09-25,急件！交易 T00006：這個商家我從沒聽過，卻扣了我的錢。那天我人在國外，懷疑資料外洩，請查明。
C01568,A0470,T01776,2024-03-10,想反映一件事：交易 T01776：退款申請送出三週了還沒有消息，App 上查不到紀錄，請盡快回覆。請盡快回覆。
C01569,A0305,T02105,2024-12-10,急件！交易 T02105：帳單上出現一筆我完全不認得的扣款。我已經報警了，請協助爭議款處理。希望今天能處理。
C01570,A0141,T00037,2024-09-11,您好，交易 T00037：出現一筆陌生的消費。我已經報警了，請協助爭議款處理。謝謝。
C01571,A0422,T01269,2024-09-05,客服您好，交易 T01269：差點就當成盜用報案了，核對後是我在店裡刷的，希望可以減免。希望今天能處理。
C01572,A0478,T00507,2024-12-15,客服您好，交易 T00507：ATM 吐鈔少了一張但全額扣款，已經寫信反映過一次，請說明原因。已經是第二次反映了。
C01573,A0161,T00972,2024-12-10,急件！交易 T00972：付款時一直跳錯誤卻被扣了錢，請協助處理。
C01574,A0041,X00286,2024-02-28,客服您好，交易 X00286：我的卡被盜刷了。手機沒收到任何驗證碼，要求調查是誰用的。請盡快回覆。
C01575,A0346,T02141,2024-08-26,急件！交易 T02141：我從來沒有刷過這筆。家人都確認過沒用過這張卡，懷疑資料外洩，請查明。謝謝。
C01576,A0712,T01327,2024-10-24,客服您好，交易 T01327：這筆不是我本人操作的。那天我人在國外，請當作冒用處理。希望今天能處理。
C01577,A0587,T00058,2024-10-18,想反映一件事：交易 T00058：我從來沒有刷過這筆。時間是半夜三點，我在睡覺，要求調查是誰用的。謝謝。
C01578,A0142,T02117,2024-06-25,你好，交易 T02117：手續費沒有事先告知，客服電話一直打不通，請說明原因。請盡快回覆。
C01579,A0054,T01925,2024-03-10,麻煩處理一下，交易 T01925：手續費沒有事先告知，分行說要我自己處理，請重新計算。謝謝。
C01580,A0013,X00222,2024-03-08,你好，交易 X00222：本來想申報陌生扣款，後來想起是小孩用我手機買點數，希望可以減免。希望今天能處理。
C01581,A0178,T01862,2024-02-22,麻煩處理一下，交易 T01862：外幣匯率跟官網公告差很多，分行說要我自己處理，請重新計算。
C01582,A0191,T02268,2024-04-15,交易 T02268：外幣匯率跟官網公告差很多，請盡快回覆。
C01583,A0749,T02285,2024-07-18,想反映一件事：交易 T02285：付款時一直跳錯誤卻被扣了錢，已經寫信反映過一次，希望可以退還。謝謝。
C01584,A0066,X00039,2024-03-26,麻煩處理一下，交易 X00039：外幣匯率跟官網公告差很多，請協助處理。謝謝。
C01585,A0127,T02308,2024-04-24,交易 T02308：付款時一直跳錯誤卻被扣了錢，客服電話一直打不通，請說明原因。希望今天能處理。
C01586,A0540,T02399,2024-05-26,麻煩處理一下，交易 T02399：同一筆消費被扣了兩次，客服電話一直打不通，希望可以退還。希望今天能處理。
C01587,A0191,T02268,2024-04-15,你好，交易 T02268：有人冒用我的帳號付款。我已經報警了，懷疑資料外洩，請查明。謝謝。
C01588,A0521,T00673,2024-12-27,急件！交易 T00673：付款時一直跳錯誤卻被扣了錢，客服電話一直打不通，請說明原因。
C01589,A0377,T02421,2024-10-20,急件！交易 T02421：分期利息跟當初說的不一樣，分行說要我自己處理，請重新計算。請盡快回覆。
C01590,A0595,T02356,2024-04-08,麻煩處理一下，交易 T02356：ATM 吐鈔少了一張但全額扣款，App 上查不到紀錄，請重新計算。請盡快回覆。
C01591,A0033,T02516,2024-05-07,交易 T02516：我的卡被盜刷了。時間是半夜三點，我在睡覺，要求調查是誰用的。請盡快回覆。
C01592,A0564,T00388,2024-02-12,想反映一件事：交易 T00388：本來想申報陌生扣款，核對後是我在店裡刷的，想問怎麼取消。
C01593,A0211,T00811,2024-12-01,交易 T00811：實際扣款比收據多了一些，App 上查不到紀錄，請說明原因。謝謝。
C01594,A0050,T01770,2024-02-19,麻煩處理一下，交易 T01770：這筆不是我本人操作的。手機沒收到任何驗證碼，懷疑資料外洩，請查明。已經是第二次反映了。
C01595,A0788,T00031,2024-01-19,想反映一件事：交易 T00031：ATM 吐鈔少了一張但全額扣款，分行說要我自己處理，希望可以退還。請盡快回覆。
C01596,A0058,X00134,2024-05-21,想反映一件事：交易 X00134：我從來沒有刷過這筆。家人都確認過沒用過這張卡，請立刻凍結並退回款項。
C01597,A0443,T01597,2024-09-24,您好，交易 T01597：手續費沒有事先告知，分行說要我自己處理，請說明原因。謝謝。
C01598,A0688,T02537,2024-07-23,客服您好，交易 T02537：同一筆消費被扣了兩次，分行說要我自己處理，請盡快回覆。希望今天能處理。
C01599,A0424,T01028,2024-07-02,交易 T01028：外幣匯率跟官網公告差很多，客服電話一直打不通，請盡快回覆。請盡快回覆。
C01600,A0207,T02277,2024-07-18,你好，交易 T02277：退款申請送出三週了還沒有消息，請盡快回覆。請盡快回覆。
C01601,A0284,T02161,2024-03-10,急件！交易 T02161：外幣匯率跟官網公告差很多，請協助處理。希望今天能處理。
C01602,A0756,T01794,2024-07-08,麻煩處理一下，交易 T01794：我的卡被盜刷了。那天我人在國外，請當作冒用處理。麻煩了。
C01603,A0097,T01161,2024-01-27,交易 T01161：本來想申報陌生扣款，後來想起是小孩用我手機買點數，但退款到現在還沒入帳。請盡快回覆。
C01604,A0716,T00336,2024-06-25,客服您好，交易 T00336：同一筆消費被扣了兩次，App 上查不到紀錄，請協助處理。已經是第二次反映了。
C01605,A0329,T00550,2024-10-16,急件！交易 T00550：付款時一直跳錯誤卻被扣了錢，App 上查不到紀錄，希望可以退還。
C01606,A0041,X00213,2024-10-12,你好，交易 X00213：退款申請送出三週了還沒有消息，客服電話一直打不通，請重新計算。希望今天能處理。
C01607,A0036,T00132,2024-04-13,您好，交易 T00132：這筆不是我本人操作的。家人都確認過沒用過這張卡，要求調查是誰用的。請盡快回覆。
C01608,A0357,T00953,2024-02-19,您好，交易 T00953：分期利息跟當初說的不一樣，已經寫信反映過一次，請說明原因。麻煩了。
C01609,A0765,T00489,2024-07-22,客服您好，交易 T00489：實際扣款比收據多了一些，希望可以退還。希望今天能處理。
C01610,A0581,T01948,2024-01-08,你好，交易 T01948：退款申請送出三週了還沒有消息，分行說要我自己處理，希望可以退還。
C01611,A0484,T01922,2024-03-05,交易 T01922：ATM 吐鈔少了一張但全額扣款，App 上查不到紀錄，請重新計算。已經是第二次反映了。
C01612,A0678,T01252,2024-02-17,您好，交易 T01252：退款申請送出三週了還沒有消息，已經寫信反映過一次，請盡快回覆。希望今天能處理。
C01613,A0429,T00531,2024-11-02,想反映一件事：交易 T00531：分期利息跟當初說的不一樣，客服電話一直打不通，請說明原因。麻煩了。
C01614,A0073,T01103,2024-05-19,麻煩處理一下，交易 T01103：本來想申報陌生扣款，後來想起是小孩用我手機買點數，只是金額跟發票不符。
C01615,A0364,T00438,2024-09-23,想反映一件事：交易 T00438：我原本以為被盜刷，查了才知道是自己訂閱的服務續約，但店員多打了一個零。
C01616,A0027,T00730,2024-06-20,麻煩處理一下，交易 T00730：優惠回饋金一直沒有入帳，分行說要我自己處理，請重新計算。希望今天能處理。
C01617,A0510,T00464,2024-09-25,客服您好，交易 T00464：我從來沒有刷過這筆。卡一直在我身上，請協助爭議款處理。麻煩了。
C01618,A0169,T01873,2024-08-17,客服您好，交易 T01873：優惠回饋金一直沒有入帳，分行說要我自己處理，請說明原因。
C01619,A0027,X00276,2024-10-08,急件！交易 X00276：朋友說這種扣款可能是盜刷，核對後是我在店裡刷的，希望可以減免。希望今天能處理。
C01620,A0664,T00026,2024-12-20,交易 T00026：這筆交易未經我同意。手機沒收到任何驗證碼，要求調查是誰用的。已經是第二次反映了。
C01621,A0794,T00699,2024-05-01,你好，交易 T00699：這筆不是我本人操作的。家人都確認過沒用過這張卡，請立刻凍結並退回款項。已經是第二次反映了。
C01622,A0711,T00198,2024-02-25,想反映一件事：交易 T00198：這筆交易未經我同意。時間是半夜三點，我在睡覺，懷疑資料外洩，請查明。謝謝。
C01623,A0288,T02229,2024-04-17,您好，交易 T02229：退款申請送出三週了還沒有消息，已經寫信反映過一次，請說明原因。已經是第二次反映了。
C01624,A0586,T00600,2024-02-07,想反映一件事：交易 T00600：手續費沒有事先告知，已經寫信反映過一次，請盡快回覆。請盡快回覆。
C01625,A0288,T02409,2024-04-13,急件！交易 T02409：朋友說這種扣款可能是盜刷，核對後是我在店裡刷的，想問能不能退。麻煩了。
C01626,A0125,T01391,2024-12-07,麻煩處理一下，交易 T01391：外幣匯率跟官網公告差很多，請說明原因。希望今天能處理。
C01627,A0775,T02520,2024-09-18,你好，交易 T02520：朋友說這種扣款可能是盜刷，後來想起是小孩用我手機買點數，想問怎麼取消。希望今天能處理。
C01628,A0268,T01336,2024-04-21,你好，交易 T01336：出現一筆陌生的消費。那天我人在國外，請當作冒用處理。謝謝。
C01629,A0556,T01726,2024-06-01,您好，交易 T01726：實際扣款比收據多了一些，App 上查不到紀錄，請說明原因。已經是第二次反映了。
C01630,A0529,T00379,2024-08-16,交易 T00379：出現一筆陌生的消費。卡一直在我身上，請協助爭議款處理。請盡快回覆。
C01631,A0434,T01752,2024-07-24,客服您好，交易 T01752：這筆交易未經我同意。家人都確認過沒用過這張卡，請當作冒用處理。麻煩了。
C01632,A0498,T00462,2024-12-05,交易 T00462：外幣匯率跟官網公告差很多，已經寫信反映過一次，請說明原因。希望今天能處理。
C01633,A0107,T01829,2024-06-13,麻煩處理一下，交易 T01829：外幣匯率跟官網公告差很多，客服電話一直打不通，請盡快回覆。
C01634,A0015,T01344,2024-04-16,您好，交易 T01344：ATM 吐鈔少了一張但全額扣款，App 上查不到紀錄，請說明原因。麻煩了。
C01635,A0576,T01679,2024-07-26,交易 T01679：這筆不是我本人操作的。密碼好像被別人拿走了，請當作冒用處理。麻煩了。
C01636,A0800,T01888,2024-06-23,客服您好，交易 T01888：我原本以為被盜刷，後來想起是小孩用我手機買點數，但退款到現在還沒入帳。
C01637,A0321,T00733,2024-11-11,急件！交易 T00733：分期利息跟當初說的不一樣，App 上查不到紀錄，請盡快回覆。已經是第二次反映了。
C01638,A0680,T00952,2024-04-03,想反映一件事：交易 T00952：手續費沒有事先告知，客服電話一直打不通，希望可以退還。謝謝。
C01639,A0386,T01126,2024-12-02,想反映一件事：交易 T01126：帳單上出現一筆我完全不認得的扣款。卡一直在我身上，請立刻凍結並退回款項。希望今天能處理。
C01640,A0229,T01412,2024-12-16,你好，交易 T01412：同一筆消費被扣了兩次，分行說要我自己處理，請盡快回覆。希望今天能處理。
C01641,A0501,T01953,2024-04-12,急件！交易 T01953：這筆交易未經我同意。卡一直在我身上，請立刻凍結並退回款項。麻煩了。
C01642,A0581,T02191,2024-07-03,急件！交易 T02191：朋友說這種扣款可能是盜刷，打電話問才知道是年費，希望可以減免。請盡快回覆。
C01643,A0020,T00783,2024-11-14,您好，交易 T00783：實際扣款比收據多了一些，分行說要我自己處理，請重新計算。請盡快回覆。
C01644,A0066,X00255,2024-03-09,急件！交易 X00255：我從來沒有刷過這筆。手機沒收到任何驗證碼，請當作冒用處理。希望今天能處理。
C01645,A0248,T01531,2024-05-01,你好，交易 T01531：手續費沒有事先告知，已經寫信反映過一次，希望可以退還。謝謝。
C01646,A0357,T01981,2024-02-15,客服您好，交易 T01981：手續費沒有事先告知，分行說要我自己處理，請說明原因。希望今天能處理。
C01647,A0041,X00106,2024-05-04,你好，交易 X00106：ATM 吐鈔少了一張但全額扣款，分行說要我自己處理，請盡快回覆。希望今天能處理。
C01648,A0675,T02172,2024-03-22,急件！交易 T02172：退款申請送出三週了還沒有消息，已經寫信反映過一次，請協助處理。希望今天能處理。
C01649,A0143,T02294,2024-03-16,你好，交易 T02294：帳單上出現一筆我完全不認得的扣款。我已經報警了，請當作冒用處理。
C01650,A0167,T00731,2024-08-16,想反映一件事：交易 T00731：退款申請送出三週了還沒有消息，請重新計算。已經是第二次反映了。
C01651,A0187,T02331,2024-03-03,想反映一件事：交易 T02331：手續費沒有事先告知，希望可以退還。希望今天能處理。
C01652,A0415,T01567,2024-11-19,急件！交易 T01567：ATM 吐鈔少了一張但全額扣款，App 上查不到紀錄，請協助處理。已經是第二次反映了。
C01653,A0041,X00109,2024-02-15,急件！交易 X00109：這個商家我從沒聽過，卻扣了我的錢。家人都確認過沒用過這張卡，請協助爭議款處理。
C01654,A0013,X00163,2024-12-03,想反映一件事：交易 X00163：本來想申報陌生扣款，打電話問才知道是年費，希望可以減免。麻煩了。
C01655,A0726,T00574,2024-02-20,客服您好，交易 T00574：我原本以為被盜刷，查了才知道是自己訂閱的服務續約，只是金額跟發票不符。謝謝。
C01656,A0406,T01234,2024-03-08,急件！交易 T01234：優惠回饋金一直沒有入帳，客服電話一直打不通，請協助處理。已經是第二次反映了。
C01657,A0634,T01574,2024-02-14,急件！交易 T01574：分期利息跟當初說的不一樣，App 上查不到紀錄，請說明原因。謝謝。
C01658,A0765,T00074,2024-09-13,交易 T00074：帳單上出現一筆我完全不認得的扣款。手機沒收到任何驗證碼，請當作冒用處理。已經是第二次反映了。
C01659,A0013,X00021,2024-10-05,你好，交易 X00021：分期利息跟當初說的不一樣，客服電話一直打不通，請協助處理。
C01660,A0511,T02456,2024-03-27,您好，交易 T02456：同一筆消費被扣了兩次，App 上查不到紀錄，請說明原因。謝謝。
C01661,A0741,T01701,2024-05-01,想反映一件事：交易 T01701：同一筆消費被扣了兩次，App 上查不到紀錄，請盡快回覆。已經是第二次反映了。
C01662,A0013,X00228,2024-03-17,麻煩處理一下，交易 X00228：實際扣款比收據多了一些，已經寫信反映過一次，請盡快回覆。謝謝。
C01663,A0163,T01757,2024-01-06,想反映一件事：交易 T01757：退款申請送出三週了還沒有消息，已經寫信反映過一次，請說明原因。謝謝。
C01664,A0439,T00102,2024-11-14,你好，交易 T00102：付款時一直跳錯誤卻被扣了錢，請協助處理。謝謝。
C01665,A0015,T01344,2024-04-16,客服您好，交易 T01344：分期利息跟當初說的不一樣，請盡快回覆。希望今天能處理。
C01666,A0150,T01586,2024-10-21,交易 T01586：實際扣款比收據多了一些，客服電話一直打不通，請協助處理。麻煩了。
C01667,A0013,X00101,2024-04-18,您好，交易 X00101：ATM 吐鈔少了一張但全額扣款，App 上查不到紀錄，請盡快回覆。
C01668,A0211,T01042,2024-09-16,您好，交易 T01042：付款時一直跳錯誤卻被扣了錢，分行說要我自己處理，請協助處理。希望今天能處理。
C01669,A0478,T02580,2024-11-25,交易 T02580：退款申請送出三週了還沒有消息，客服電話一直打不通，請協助處理。請盡快回覆。
C01670,A0723,T01078,2024-10-22,想反映一件事：交易 T01078：我的卡被盜刷了。卡一直在我身上，要求調查是誰用的。請盡快回覆。
C01671,A0448,T00856,2024-09-28,你好，交易 T00856：手續費沒有事先告知，App 上查不到紀錄，請盡快回覆。希望今天能處理。
C01672,A0135,T01828,2024-02-12,想反映一件事：交易 T01828：手續費沒有事先告知，分行說要我自己處理，請協助處理。已經是第二次反映了。
C01673,A0251,T01688,2024-06-17,你好，交易 T01688：這筆交易未經我同意。時間是半夜三點，我在睡覺，請協助爭議款處理。麻煩了。
C01674,A0689,T01172,2024-04-23,麻煩處理一下，交易 T01172：手續費沒有事先告知，分行說要我自己處理，請說明原因。希望今天能處理。
C01675,A0514,T00665,2024-01-16,你好，交易 T00665：分期利息跟當初說的不一樣，希望可以退還。麻煩了。
C01676,A0271,T01468,2024-04-14,想反映一件事：交易 T01468：同一筆消費被扣了兩次，客服電話一直打不通，希望可以退還。謝謝。
C01677,A0212,T00410,2024-03-10,麻煩處理一下，交易 T00410：朋友說這種扣款可能是盜刷，查了才知道是自己訂閱的服務續約，只是金額跟發票不符。希望今天能處理。
C01678,A0071,T02546,2024-06-28,麻煩處理一下，交易 T02546：有人冒用我的帳號付款。時間是半夜三點，我在睡覺，懷疑資料外洩，請查明。已經是第二次反映了。
C01679,A0430,T00612,2024-07-01,你好，交易 T00612：優惠回饋金一直沒有入帳，請協助處理。希望今天能處理。
C01680,A0240,T00460,2024-04-26,想反映一件事：交易 T00460：這筆不是我本人操作的。時間是半夜三點，我在睡覺，懷疑資料外洩，請查明。請盡快回覆。
C01681,A0136,T00925,2024-01-19,客服您好，交易 T00925：朋友說這種扣款可能是盜刷，打電話問才知道是年費，只是想確認帳單日期。已經是第二次反映了。
C01682,A0058,X00049,2024-08-27,你好，交易 X00049：優惠回饋金一直沒有入帳，分行說要我自己處理，請重新計算。麻煩了。
C01683,A0566,T02208,2024-11-18,您好，交易 T02208：優惠回饋金一直沒有入帳，分行說要我自己處理，請說明原因。已經是第二次反映了。
C01684,A0252,T00341,2024-05-13,想反映一件事：交易 T00341：手續費沒有事先告知，App 上查不到紀錄，希望可以退還。希望今天能處理。
C01685,A0788,T01721,2024-05-18,想反映一件事：交易 T01721：實際扣款比收據多了一些，App 上查不到紀錄，請協助處理。麻煩了。
C01686,A0695,T02404,2024-07-26,客服您好，交易 T02404：ATM 吐鈔少了一張但全額扣款，App 上查不到紀錄，希望可以退還。
C01687,A0013,X00225,2024-05-26,客服您好，交易 X00225：手續費沒有事先告知，請說明原因。希望今天能處理。
C01688,A0489,T01364,2024-07-01,你好，交易 T01364：同一筆消費被扣了兩次，請盡快回覆。
C01689,A0188,T02573,2024-12-25,你好，交易 T02573：外幣匯率跟官網公告差很多，客服電話一直打不通，請協助處理。麻煩了。
C01690,A0013,X00161,2024-09-08,交易 X00161：這筆不是我本人操作的。我已經報警了，請立刻凍結並退回款項。已經是第二次反映了。
C01691,A0620,T00667,2024-05-07,麻煩處理一下，交易 T00667：優惠回饋金一直沒有入帳，客服電話一直打不通，請說明原因。已經是第二次反映了。
C01692,A0723,T01078,2024-10-22,麻煩處理一下，交易 T01078：我的卡被盜刷了。手機沒收到任何驗證碼，請當作冒用處理。
C01693,A0576,T00468,2024-01-13,急件！交易 T00468：我的卡被盜刷了。家人都確認過沒用過這張卡，請立刻凍結並退回款項。已經是第二次反映了。
C01694,A0063,T00213,2024-03-26,急件！交易 T00213：分期利息跟當初說的不一樣，分行說要我自己處理，請協助處理。謝謝。
C01695,A0501,T01680,2024-01-24,想反映一件事：交易 T01680：外幣匯率跟官網公告差很多，請說明原因。
C01696,A0772,T02342,2024-08-01,麻煩處理一下，交易 T02342：這個商家我從沒聽過，卻扣了我的錢。那天我人在國外，懷疑資料外洩，請查明。
C01697,A0148,T01060,2024-12-28,急件！交易 T01060：分期利息跟當初說的不一樣，客服電話一直打不通，希望可以退還。請盡快回覆。
C01698,A0770,T02196,2024-03-05,交易 T02196：分期利息跟當初說的不一樣，App 上查不到紀錄，希望可以退還。希望今天能處理。
C01699,A0084,T00196,2024-08-23,交易 T00196：實際扣款比收據多了一些，已經寫信反映過一次，希望可以退還。謝謝。
C01700,A0027,X00092,2024-01-06,急件！交易 X00092：有人冒用我的帳號付款。我已經報警了，請立刻凍結並退回款項。
C01701,A0299,T02220,2024-02-21,想反映一件事：交易 T02220：分期利息跟當初說的不一樣，已經寫信反映過一次，請協助處理。希望今天能處理。
C01702,A0019,T00645,2024-09-22,急件！交易 T00645：優惠回饋金一直沒有入帳，請重新計算。
C01703,A0643,T00256,2024-01-12,客服您好，交易 T00256：有人冒用我的帳號付款。我已經報警了，請盡快把錢退回來。希望今天能處理。
C01704,A0563,T01049,2024-04-11,客服您好，交易 T01049：實際扣款比收據多了一些，請協助處理。
C01705,A0033,T00414,2024-01-19,你好，交易 T00414：這筆交易未經我同意。卡一直在我身上，請立刻凍結並退回款項。已經是第二次反映了。
C01706,A0172,T00297,2024-02-17,交易 T00297：我從來沒有刷過這筆。手機沒收到任何驗證碼，要求調查是誰用的。謝謝。
C01707,A0228,T00181,2024-02-26,想反映一件事：交易 T00181：帳單上出現一筆我完全不認得的扣款。那天我人在國外，請協助爭議款處理。已經是第二次反映了。
C01708,A0778,T01618,2024-11-14,客服您好，交易 T01618：一開始懷疑卡片被冒用，查了才知道是自己訂閱的服務續約，但店員多打了一個零。謝謝。
C01709,A0354,T00331,2024-11-07,想反映一件事：交易 T00331：退款申請送出三週了還沒有消息，已經寫信反映過一次，希望可以退還。請盡快回覆。
C01710,A0270,T00040,2024-04-23,您好，交易 T00040：帳單上出現一筆我完全不認得的扣款。密碼好像被別人拿走了，請協助爭議款處理。請盡快回覆。
C01711,A0562,T02106,2024-09-18,麻煩處理一下，交易 T02106：一開始懷疑卡片被冒用，查了才知道是自己訂閱的服務續約，但退款到現在還沒入帳。希望今天能處理。
C01712,A0522,T01390,2024-04-16,您好，交易 T01390：同一筆消費被扣了兩次，客服電話一直打不通，請重新計算。請盡快回覆。
C01713,A0286,T00487,2024-09-17,急件！交易 T00487：看到通知還以為是詐騙，核對後是我在店裡刷的，想問能不能退。麻煩了。
C01714,A0015,T00236,2024-02-22,你好，交易 T00236：這個商家我從沒聽過，卻扣了我的錢。那天我人在國外，懷疑資料外洩，請查明。謝謝。
C01715,A0076,T02134,2024-03-10,急件！交易 T02134：退款申請送出三週了還沒有消息，分行說要我自己處理，請盡快回覆。謝謝。
C01716,A0356,T01461,2024-01-09,麻煩處理一下，交易 T01461：手續費沒有事先告知，客服電話一直打不通，請說明原因。希望今天能處理。
C01717,A0371,T00035,2024-10-05,急件！交易 T00035：這個商家我從沒聽過，卻扣了我的錢。密碼好像被別人拿走了，請立刻凍結並退回款項。請盡快回覆。
C01718,A0222,T01011,2024-07-03,您好，交易 T01011：看到通知還以為是詐騙，後來想起是小孩用我手機買點數，只是想確認帳單日期。
C01719,A0446,T01466,2024-10-28,客服您好，交易 T01466：這筆不是我本人操作的。我已經報警了，懷疑資料外洩，請查明。已經是第二次反映了。
C01720,A0058,X00153,2024-02-24,你好，交易 X00153：看到通知還以為是詐騙，後來想起是小孩用我手機買點數，希望可以減免。麻煩了。
C01721,A0021,T00503,2024-02-23,您好，交易 T00503：我的卡被盜刷了。那天我人在國外，懷疑資料外洩，請查明。希望今天能處理。
C01722,A0553,T01540,2024-02-18,交易 T01540：差點就當成盜用報案了，打電話問才知道是年費，只是想確認帳單日期。謝謝。
C01723,A0357,T02324,2024-07-06,客服您好，交易 T02324：朋友說這種扣款可能是盜刷，結果確認是我自己買的，只是想確認帳單日期。已經是第二次反映了。
C01724,A0394,T00222,2024-07-25,急件！交易 T00222：我的卡被盜刷了。手機沒收到任何驗證碼，請立刻凍結並退回款項。
C01725,A0169,T01655,2024-11-14,你好，交易 T01655：實際扣款比收據多了一些，已經寫信反映過一次，希望可以退還。希望今天能處理。
C01726,A0136,T01082,2024-02-25,交易 T01082：退款申請送出三週了還沒有消息，App 上查不到紀錄，請盡快回覆。已經是第二次反映了。
C01727,A0346,T01812,2024-07-13,急件！交易 T01812：同一筆消費被扣了兩次，分行說要我自己處理，請盡快回覆。
C01728,A0262,T02430,2024-10-15,交易 T02430：退款申請送出三週了還沒有消息，客服電話一直打不通，請盡快回覆。
C01729,A0535,T00317,2024-03-23,你好，交易 T00317：這筆交易未經我同意。那天我人在國外，請協助爭議款處理。謝謝。
C01730,A0027,X00088,2024-05-25,麻煩處理一下，交易 X00088：退款申請送出三週了還沒有消息，希望可以退還。
C01731,A0027,X00207,2024-04-23,你好，交易 X00207：分期利息跟當初說的不一樣，請盡快回覆。謝謝。
C01732,A0243,T01309,2024-10-04,你好，交易 T01309：ATM 吐鈔少了一張但全額扣款，請盡快回覆。謝謝。
C01733,A0039,T00760,2024-12-16,您好，交易 T00760：分期利息跟當初說的不一樣，App 上查不到紀錄，請說明原因。
C01734,A0138,T01959,2024-09-01,你好，交易 T01959：手續費沒有事先告知，請盡快回覆。謝謝。
C01735,A0013,X00248,2024-01-10,您好，交易 X00248：實際扣款比收據多了一些，已經寫信反映過一次，希望可以退還。請盡快回覆。
C01736,A0663,T01153,2024-06-07,急件！交易 T01153：我的卡被盜刷了。卡一直在我身上，要求調查是誰用的。已經是第二次反映了。
C01737,A0252,T01762,2024-10-03,交易 T01762：本來想申報陌生扣款，查了才知道是自己訂閱的服務續約，但店員多打了一個零。
C01738,A0170,T01703,2024-11-14,客服您好，交易 T01703：分期利息跟當初說的不一樣，已經寫信反映過一次，請說明原因。
C01739,A0624,T02458,2024-07-13,交易 T02458：這個商家我從沒聽過，卻扣了我的錢。密碼好像被別人拿走了，請盡快把錢退回來。已經是第二次反映了。
C01740,A0097,T00488,2024-12-25,想反映一件事：交易 T00488：這個商家我從沒聽過，卻扣了我的錢。時間是半夜三點，我在睡覺，請協助爭議款處理。希望今天能處理。
C01741,A0290,T01672,2024-09-12,交易 T01672：一開始懷疑卡片被冒用，後來想起是小孩用我手機買點數，只是想確認帳單日期。請盡快回覆。
C01742,A0271,T00022,2024-11-19,你好，交易 T00022：同一筆消費被扣了兩次，App 上查不到紀錄，請盡快回覆。
C01743,A0246,T00449,2024-11-25,客服您好，交易 T00449：本來想申報陌生扣款，查了才知道是自己訂閱的服務續約，只是想確認帳單日期。麻煩了。
C01744,A0678,T00370,2024-11-19,您好，交易 T00370：實際扣款比收據多了一些，客服電話一直打不通，請重新計算。
C01745,A0422,T01269,2024-09-05,客服您好，交易 T01269：付款時一直跳錯誤卻被扣了錢，分行說要我自己處理，請重新計算。謝謝。
C01746,A0456,T00086,2024-10-15,你好，交易 T00086：出現一筆陌生的消費。時間是半夜三點，我在睡覺，請當作冒用處理。請盡快回覆。
C01747,A0116,T00648,2024-04-15,您好，交易 T00648：我從來沒有刷過這筆。時間是半夜三點，我在睡覺，請盡快把錢退回來。謝謝。
C01748,A0002,T01616,2024-05-10,您好，交易 T01616：ATM 吐鈔少了一張但全額扣款，已經寫信反映過一次，請盡快回覆。請盡快回覆。
C01749,A0791,T00205,2024-06-21,想反映一件事：交易 T00205：帳單上出現一筆我完全不認得的扣款。家人都確認過沒用過這張卡，請盡快把錢退回來。謝謝。
C01750,A0392,T01632,2024-05-27,麻煩處理一下，交易 T01632：同一筆消費被扣了兩次，已經寫信反映過一次，請協助處理。謝謝。
C01751,A0102,T02015,2024-12-06,急件！交易 T02015：外幣匯率跟官網公告差很多，客服電話一直打不通，請重新計算。請盡快回覆。
C01752,A0058,X00229,2024-03-05,你好，交易 X00229：同一筆消費被扣了兩次，已經寫信反映過一次，請重新計算。
C01753,A0500,T02494,2024-06-17,客服您好，交易 T02494：ATM 吐鈔少了一張但全額扣款，客服電話一直打不通，請重新計算。請盡快回覆。
C01754,A0566,T02254,2024-12-12,麻煩處理一下，交易 T02254：同一筆消費被扣了兩次，分行說要我自己處理，請重新計算。希望今天能處理。
C01755,A0041,X00219,2024-03-02,你好，交易 X00219：退款申請送出三週了還沒有消息，App 上查不到紀錄，請重新計算。已經是第二次反映了。
C01756,A0717,T02517,2024-08-07,麻煩處理一下，交易 T02517：優惠回饋金一直沒有入帳，分行說要我自己處理，希望可以退還。請盡快回覆。
C01757,A0699,T01447,2024-12-08,你好，交易 T01447：分期利息跟當初說的不一樣，分行說要我自己處理，請盡快回覆。
C01758,A0340,T01106,2024-10-13,想反映一件事：交易 T01106：優惠回饋金一直沒有入帳，請重新計算。麻煩了。
C01759,A0013,X00021,2024-10-05,你好，交易 X00021：退款申請送出三週了還沒有消息，請盡快回覆。
C01760,A0006,T02547,2024-04-25,你好，交易 T02547：分期利息跟當初說的不一樣，希望可以退還。麻煩了。
C01761,A0154,T00185,2024-01-26,麻煩處理一下，交易 T00185：這個商家我從沒聽過，卻扣了我的錢。家人都確認過沒用過這張卡，懷疑資料外洩，請查明。麻煩了。
C01762,A0227,T00161,2024-02-02,急件！交易 T00161：優惠回饋金一直沒有入帳，請重新計算。謝謝。
C01763,A0542,T00437,2024-03-06,你好，交易 T00437：分期利息跟當初說的不一樣，App 上查不到紀錄，請盡快回覆。麻煩了。
C01764,A0723,T02563,2024-10-06,急件！交易 T02563：帳單上出現一筆我完全不認得的扣款。手機沒收到任何驗證碼，請盡快把錢退回來。麻煩了。
C01765,A0309,T00247,2024-05-12,麻煩處理一下，交易 T00247：同一筆消費被扣了兩次，客服電話一直打不通，請盡快回覆。請盡快回覆。
C01766,A0626,T01135,2024-11-02,急件！交易 T01135：這筆交易未經我同意。那天我人在國外，請立刻凍結並退回款項。
C01767,A0786,T00715,2024-06-13,急件！交易 T00715：有人冒用我的帳號付款。卡一直在我身上，請協助爭議款處理。麻煩了。
C01768,A0188,T00756,2024-08-18,客服您好，交易 T00756：這個商家我從沒聽過，卻扣了我的錢。我已經報警了，要求調查是誰用的。麻煩了。
C01769,A0004,T00030,2024-09-07,麻煩處理一下，交易 T00030：分期利息跟當初說的不一樣，App 上查不到紀錄，請協助處理。希望今天能處理。
C01770,A0676,T02538,2024-08-12,客服您好，交易 T02538：優惠回饋金一直沒有入帳，請協助處理。謝謝。
C01771,A0066,X00316,2024-11-13,您好，交易 X00316：分期利息跟當初說的不一樣，分行說要我自己處理，希望可以退還。麻煩了。
C01772,A0058,X00018,2024-05-11,客服您好，交易 X00018：出現一筆陌生的消費。那天我人在國外，請協助爭議款處理。謝謝。
C01773,A0492,T00046,2024-12-25,交易 T00046：優惠回饋金一直沒有入帳，分行說要我自己處理，請重新計算。謝謝。
C01774,A0101,T01978,2024-03-19,您好，交易 T01978：這個商家我從沒聽過，卻扣了我的錢。密碼好像被別人拿走了，懷疑資料外洩，請查明。謝謝。
C01775,A0217,T01843,2024-12-09,您好，交易 T01843：外幣匯率跟官網公告差很多，分行說要我自己處理，請協助處理。
C01776,A0235,T02590,2024-06-12,你好，交易 T02590：同一筆消費被扣了兩次，分行說要我自己處理，請協助處理。希望今天能處理。
C01777,A0571,T00508,2024-05-22,交易 T00508：付款時一直跳錯誤卻被扣了錢，分行說要我自己處理，請盡快回覆。請盡快回覆。
C01778,A0041,X00267,2024-03-20,你好，交易 X00267：差點就當成盜用報案了，後來想起是小孩用我手機買點數，但店員多打了一個零。
C01779,A0448,T00428,2024-11-15,想反映一件事：交易 T00428：退款申請送出三週了還沒有消息，希望可以退還。謝謝。
C01780,A0475,T00533,2024-06-02,麻煩處理一下，交易 T00533：分期利息跟當初說的不一樣，請說明原因。
C01781,A0459,T01295,2024-08-26,客服您好，交易 T01295：ATM 吐鈔少了一張但全額扣款，請說明原因。希望今天能處理。
C01782,A0637,T01779,2024-10-05,您好，交易 T01779：ATM 吐鈔少了一張但全額扣款，分行說要我自己處理，請說明原因。
C01783,A0551,T00497,2024-11-04,您好，交易 T00497：帳單上出現一筆我完全不認得的扣款。手機沒收到任何驗證碼，請盡快把錢退回來。請盡快回覆。
C01784,A0375,T01694,2024-11-09,你好，交易 T01694：實際扣款比收據多了一些，App 上查不到紀錄，希望可以退還。麻煩了。
C01785,A0151,T02248,2024-11-24,你好，交易 T02248：我從來沒有刷過這筆。那天我人在國外，懷疑資料外洩，請查明。請盡快回覆。
C01786,A0768,T02233,2024-07-18,你好，交易 T02233：本來想申報陌生扣款，後來想起是小孩用我手機買點數，想問怎麼取消。已經是第二次反映了。
C01787,A0240,T01630,2024-03-16,麻煩處理一下，交易 T01630：我的卡被盜刷了。那天我人在國外，請盡快把錢退回來。
C01788,A0272,T00561,2024-06-17,想反映一件事：交易 T00561：有人冒用我的帳號付款。手機沒收到任何驗證碼，請立刻凍結並退回款項。
C01789,A0480,T01670,2024-10-23,客服您好，交易 T01670：實際扣款比收據多了一些，App 上查不到紀錄，希望可以退還。
C01790,A0644,T01596,2024-02-14,你好，交易 T01596：付款時一直跳錯誤卻被扣了錢，請盡快回覆。請盡快回覆。
C01791,A0058,X00166,2024-07-07,想反映一件事：交易 X00166：同一筆消費被扣了兩次，客服電話一直打不通，請重新計算。
C01792,A0390,T02270,2024-01-11,客服您好，交易 T02270：這筆交易未經我同意。卡一直在我身上，請盡快把錢退回來。
C01793,A0393,T01159,2024-04-04,想反映一件事：交易 T01159：付款時一直跳錯誤卻被扣了錢，已經寫信反映過一次，請說明原因。希望今天能處理。
C01794,A0420,T01790,2024-12-16,你好，交易 T01790：外幣匯率跟官網公告差很多，希望可以退還。
C01795,A0743,T01970,2024-02-23,客服您好，交易 T01970：外幣匯率跟官網公告差很多，客服電話一直打不通，請協助處理。已經是第二次反映了。
C01796,A0755,T01594,2024-04-13,您好，交易 T01594：外幣匯率跟官網公告差很多，分行說要我自己處理，請重新計算。
C01797,A0516,T00287,2024-03-15,您好，交易 T00287：這筆不是我本人操作的。時間是半夜三點，我在睡覺，懷疑資料外洩，請查明。已經是第二次反映了。
C01798,A0776,T01013,2024-08-16,想反映一件事：交易 T01013：實際扣款比收據多了一些，客服電話一直打不通，請協助處理。
C01799,A0451,T00869,2024-04-09,交易 T00869：出現一筆陌生的消費。手機沒收到任何驗證碼，請協助爭議款處理。已經是第二次反映了。
C01800,A0731,T01064,2024-06-28,交易 T01064：有人冒用我的帳號付款。密碼好像被別人拿走了，請立刻凍結並退回款項。請盡快回覆。
C01801,A0147,T02383,2024-12-17,客服您好，交易 T02383：外幣匯率跟官網公告差很多，App 上查不到紀錄，請重新計算。希望今天能處理。
C01802,A0013,X00093,2024-06-16,客服您好，交易 X00093：分期利息跟當初說的不一樣，App 上查不到紀錄，請說明原因。麻煩了。
C01803,A0066,X00206,2024-03-21,麻煩處理一下，交易 X00206：差點就當成盜用報案了，後來想起是小孩用我手機買點數，想問怎麼取消。
C01804,A0175,T02395,2024-05-23,您好，交易 T02395：帳單上出現一筆我完全不認得的扣款。時間是半夜三點，我在睡覺，懷疑資料外洩，請查明。
C01805,A0255,T00176,2024-03-11,麻煩處理一下，交易 T00176：手續費沒有事先告知，已經寫信反映過一次，請重新計算。麻煩了。
C01806,A0419,T00469,2024-03-04,你好，交易 T00469：ATM 吐鈔少了一張但全額扣款，請重新計算。請盡快回覆。
C01807,A0344,T01523,2024-08-18,急件！交易 T01523：分期利息跟當初說的不一樣，分行說要我自己處理，請說明原因。希望今天能處理。
C01808,A0047,T02104,2024-09-22,您好，交易 T02104：這個商家我從沒聽過，卻扣了我的錢。我已經報警了，請盡快把錢退回來。請盡快回覆。
C01809,A0139,T00095,2024-06-24,急件！交易 T00095：同一筆消費被扣了兩次，請重新計算。
C01810,A0041,X00038,2024-09-25,您好，交易 X00038：分期利息跟當初說的不一樣，請協助處理。已經是第二次反映了。
C01811,A0250,T00134,2024-02-15,你好，交易 T00134：一開始懷疑卡片被冒用，後來發現是家人刷的，但店員多打了一個零。謝謝。
C01812,A0058,X00275,2024-04-13,急件！交易 X00275：本來想申報陌生扣款，後來發現是家人刷的，但店員多打了一個零。已經是第二次反映了。
C01813,A0058,X00212,2024-06-13,您好，交易 X00212：實際扣款比收據多了一些，已經寫信反映過一次，請說明原因。已經是第二次反映了。
C01814,A0563,T00418,2024-02-09,您好，交易 T00418：一開始懷疑卡片被冒用，結果確認是我自己買的，但店員多打了一個零。麻煩了。
C01815,A0248,T00558,2024-04-23,麻煩處理一下，交易 T00558：ATM 吐鈔少了一張但全額扣款，客服電話一直打不通，請協助處理。已經是第二次反映了。
C01816,A0344,T02583,2024-12-26,您好，交易 T02583：實際扣款比收據多了一些，客服電話一直打不通，希望可以退還。
C01817,A0311,T01588,2024-02-08,你好，交易 T01588：實際扣款比收據多了一些，已經寫信反映過一次，請重新計算。謝謝。
C01818,A0393,T00609,2024-03-14,麻煩處理一下，交易 T00609：分期利息跟當初說的不一樣，分行說要我自己處理，請盡快回覆。麻煩了。
C01819,A0643,T00256,2024-01-12,交易 T00256：外幣匯率跟官網公告差很多，分行說要我自己處理，請重新計算。已經是第二次反映了。
C01820,A0250,T02131,2024-11-10,你好，交易 T02131：ATM 吐鈔少了一張但全額扣款，希望可以退還。請盡快回覆。
C01821,A0172,T00297,2024-02-17,客服您好，交易 T00297：帳單上出現一筆我完全不認得的扣款。手機沒收到任何驗證碼，要求調查是誰用的。麻煩了。
C01822,A0058,X00051,2024-08-25,你好，交易 X00051：差點就當成盜用報案了，後來想起是小孩用我手機買點數，想問怎麼取消。請盡快回覆。
C01823,A0426,T00392,2024-03-01,交易 T00392：優惠回饋金一直沒有入帳，App 上查不到紀錄，請重新計算。請盡快回覆。
C01824,A0041,X00106,2024-05-04,急件！交易 X00106：同一筆消費被扣了兩次，客服電話一直打不通，請說明原因。已經是第二次反映了。
C01825,A0721,T02282,2024-01-05,你好，交易 T02282：退款申請送出三週了還沒有消息，客服電話一直打不通，請重新計算。
C01826,A0288,T02316,2024-11-01,您好，交易 T02316：我從來沒有刷過這筆。家人都確認過沒用過這張卡，懷疑資料外洩，請查明。希望今天能處理。
C01827,A0013,X00140,2024-05-01,急件！交易 X00140：ATM 吐鈔少了一張但全額扣款，App 上查不到紀錄，請協助處理。
C01828,A0013,X00052,2024-10-28,急件！交易 X00052：分期利息跟當初說的不一樣，客服電話一直打不通，希望可以退還。希望今天能處理。
C01829,A0066,X00008,2024-06-18,客服您好，交易 X00008：本來想申報陌生扣款，打電話問才知道是年費，想問能不能退。謝謝。
C01830,A0366,T00694,2024-06-19,想反映一件事：交易 T00694：外幣匯率跟官網公告差很多，客服電話一直打不通，請協助處理。希望今天能處理。
C01831,A0407,T01070,2024-08-07,想反映一件事：交易 T01070：同一筆消費被扣了兩次，App 上查不到紀錄，請說明原因。麻煩了。
C01832,A0578,T02431,2024-03-11,您好，交易 T02431：這個商家我從沒聽過，卻扣了我的錢。卡一直在我身上，要求調查是誰用的。謝謝。
C01833,A0745,T01914,2024-06-01,急件！交易 T01914：手續費沒有事先告知，請說明原因。請盡快回覆。
C01834,A0661,T02221,2024-07-16,客服您好，交易 T02221：分期利息跟當初說的不一樣，分行說要我自己處理，請協助處理。謝謝。
C01835,A0058,X00284,2024-03-22,你好，交易 X00284：出現一筆陌生的消費。密碼好像被別人拿走了，懷疑資料外洩，請查明。已經是第二次反映了。
C01836,A0041,T00776,2024-04-15,你好，交易 T00776：ATM 吐鈔少了一張但全額扣款，App 上查不到紀錄，請重新計算。麻煩了。
C01837,A0438,T00542,2024-12-21,急件！交易 T00542：ATM 吐鈔少了一張但全額扣款，客服電話一直打不通，請說明原因。麻煩了。
C01838,A0738,T00179,2024-01-28,想反映一件事：交易 T00179：優惠回饋金一直沒有入帳，已經寫信反映過一次，請盡快回覆。麻煩了。
C01839,A0751,T02042,2024-02-28,急件！交易 T02042：同一筆消費被扣了兩次，分行說要我自己處理，希望可以退還。麻煩了。
C01840,A0360,T01705,2024-04-04,急件！交易 T01705：實際扣款比收據多了一些，希望可以退還。麻煩了。
C01841,A0783,T01557,2024-01-11,你好，交易 T01557：一開始懷疑卡片被冒用，打電話問才知道是年費，想問怎麼取消。謝謝。
C01842,A0066,X00174,2024-10-14,麻煩處理一下，交易 X00174：退款申請送出三週了還沒有消息，客服電話一直打不通，希望可以退還。謝謝。
C01843,A0237,T00820,2024-04-27,麻煩處理一下，交易 T00820：看到通知還以為是詐騙，後來想起是小孩用我手機買點數，想問怎麼取消。麻煩了。
C01844,A0568,T02072,2024-10-24,急件！交易 T02072：分期利息跟當初說的不一樣，已經寫信反映過一次，希望可以退還。謝謝。
C01845,A0058,X00005,2024-03-16,想反映一件事：交易 X00005：這筆交易未經我同意。家人都確認過沒用過這張卡，請當作冒用處理。
C01846,A0415,T01567,2024-11-19,交易 T01567：付款時一直跳錯誤卻被扣了錢，請協助處理。希望今天能處理。
C01847,A0362,T02030,2024-07-03,你好，交易 T02030：朋友說這種扣款可能是盜刷，查了才知道是自己訂閱的服務續約，想問怎麼取消。已經是第二次反映了。
C01848,A0119,T00118,2024-07-12,交易 T00118：這筆交易未經我同意。時間是半夜三點，我在睡覺，請協助爭議款處理。已經是第二次反映了。
C01849,A0295,T01338,2024-06-01,急件！交易 T01338：我的卡被盜刷了。密碼好像被別人拿走了，請協助爭議款處理。謝謝。
C01850,A0576,T01229,2024-04-26,客服您好，交易 T01229：出現一筆陌生的消費。我已經報警了，要求調查是誰用的。
C01851,A0486,T00757,2024-07-06,你好，交易 T00757：退款申請送出三週了還沒有消息，App 上查不到紀錄，請說明原因。請盡快回覆。
C01852,A0026,T00135,2024-08-10,急件！交易 T00135：手續費沒有事先告知，客服電話一直打不通，請重新計算。謝謝。
C01853,A0732,T01250,2024-12-16,您好，交易 T01250：帳單上出現一筆我完全不認得的扣款。我已經報警了，請盡快把錢退回來。
C01854,A0394,T01857,2024-04-28,你好，交易 T01857：手續費沒有事先告知，客服電話一直打不通，請盡快回覆。請盡快回覆。
C01855,A0752,T00335,2024-06-02,客服您好，交易 T00335：優惠回饋金一直沒有入帳，分行說要我自己處理，請重新計算。請盡快回覆。
C01856,A0027,X00265,2024-04-13,想反映一件事：交易 X00265：分期利息跟當初說的不一樣，已經寫信反映過一次，希望可以退還。麻煩了。
C01857,A0770,T02196,2024-03-05,你好，交易 T02196：同一筆消費被扣了兩次，客服電話一直打不通，請重新計算。謝謝。
C01858,A0128,T00097,2024-07-12,你好，交易 T00097：優惠回饋金一直沒有入帳，客服電話一直打不通，請盡快回覆。
C01859,A0058,X00284,2024-03-22,想反映一件事：交易 X00284：退款申請送出三週了還沒有消息，客服電話一直打不通，請盡快回覆。麻煩了。
C01860,A0220,T00252,2024-07-05,你好，交易 T00252：同一筆消費被扣了兩次，分行說要我自己處理，請協助處理。請盡快回覆。
C01861,A0252,T01020,2024-08-07,交易 T01020：退款申請送出三週了還沒有消息，已經寫信反映過一次，請重新計算。麻煩了。
C01862,A0719,T01448,2024-04-26,交易 T01448：同一筆消費被扣了兩次，App 上查不到紀錄，請協助處理。
C01863,A0074,T02066,2024-01-22,你好，交易 T02066：實際扣款比收據多了一些，希望可以退還。希望今天能處理。
C01864,A0280,T00879,2024-03-07,麻煩處理一下，交易 T00879：同一筆消費被扣了兩次，客服電話一直打不通，希望可以退還。麻煩了。
C01865,A0228,T01306,2024-03-17,急件！交易 T01306：ATM 吐鈔少了一張但全額扣款，分行說要我自己處理，請協助處理。
C01866,A0027,X00091,2024-12-27,交易 X00091：本來想申報陌生扣款，結果確認是我自己買的，只是金額跟發票不符。已經是第二次反映了。
C01867,A0321,T02570,2024-04-04,急件！交易 T02570：付款時一直跳錯誤卻被扣了錢，請盡快回覆。麻煩了。
C01868,A0087,T01227,2024-07-16,交易 T01227：同一筆消費被扣了兩次，請重新計算。已經是第二次反映了。
C01869,A0037,T00014,2024-11-03,急件！交易 T00014：分期利息跟當初說的不一樣，App 上查不到紀錄，請說明原因。麻煩了。
C01870,A0156,T02210,2024-06-24,您好，交易 T02210：退款申請送出三週了還沒有消息，已經寫信反映過一次，請說明原因。麻煩了。
C01871,A0037,T00014,2024-11-03,交易 T00014：付款時一直跳錯誤卻被扣了錢，分行說要我自己處理，希望可以退還。麻煩了。
C01872,A0013,X00291,2024-01-12,想反映一件事：交易 X00291：本來想申報陌生扣款，打電話問才知道是年費，希望可以減免。謝謝。
C01873,A0417,T00178,2024-05-25,你好，交易 T00178：本來想申報陌生扣款，查了才知道是自己訂閱的服務續約，但退款到現在還沒入帳。謝謝。
C01874,A0625,T00323,2024-04-24,您好，交易 T00323：這筆不是我本人操作的。手機沒收到任何驗證碼，請立刻凍結並退回款項。麻煩了。
C01875,A0726,T02195,2024-12-14,你好，交易 T02195：看到通知還以為是詐騙，打電話問才知道是年費，想問怎麼取消。麻煩了。
C01876,A0403,T00826,2024-05-22,想反映一件事：交易 T00826：退款申請送出三週了還沒有消息，客服電話一直打不通，請協助處理。謝謝。
C01877,A0126,T00962,2024-12-23,你好，交易 T00962：出現一筆陌生的消費。密碼好像被別人拿走了，請立刻凍結並退回款項。請盡快回覆。
C01878,A0240,T01462,2024-11-18,交易 T01462：朋友說這種扣款可能是盜刷，查了才知道是自己訂閱的服務續約，但退款到現在還沒入帳。請盡快回覆。
C01879,A0071,T02546,2024-06-28,你好，交易 T02546：手續費沒有事先告知，客服電話一直打不通，請說明原因。謝謝。
C01880,A0657,T01647,2024-01-21,你好，交易 T01647：差點就當成盜用報案了，打電話問才知道是年費，想問怎麼取消。已經是第二次反映了。
C01881,A0229,T00766,2024-03-09,您好，交易 T00766：手續費沒有事先告知，分行說要我自己處理，請重新計算。麻煩了。
C01882,A0780,T01438,2024-09-26,急件！交易 T01438：退款申請送出三週了還沒有消息，已經寫信反映過一次，請盡快回覆。已經是第二次反映了。
C01883,A0244,T00248,2024-08-14,客服您好，交易 T00248：優惠回饋金一直沒有入帳，分行說要我自己處理，請重新計算。希望今天能處理。
C01884,A0013,X00289,2024-04-27,急件！交易 X00289：付款時一直跳錯誤卻被扣了錢，App 上查不到紀錄，請盡快回覆。希望今天能處理。
C01885,A0213,T01904,2024-06-22,想反映一件事：交易 T01904：付款時一直跳錯誤卻被扣了錢，已經寫信反映過一次，希望可以退還。麻煩了。
C01886,A0607,T02028,2024-04-07,急件！交易 T02028：這筆交易未經我同意。密碼好像被別人拿走了，請協助爭議款處理。希望今天能處理。
C01887,A0354,T00794,2024-10-10,交易 T00794：ATM 吐鈔少了一張但全額扣款，App 上查不到紀錄，請說明原因。請盡快回覆。
C01888,A0385,T00835,2024-11-01,您好，交易 T00835：本來想申報陌生扣款，後來想起是小孩用我手機買點數，想問能不能退。麻煩了。
C01889,A0734,T01388,2024-12-17,急件！交易 T01388：手續費沒有事先告知，App 上查不到紀錄，請說明原因。謝謝。
C01890,A0013,X00289,2024-04-27,你好，交易 X00289：同一筆消費被扣了兩次，分行說要我自己處理，請重新計算。請盡快回覆。
C01891,A0067,T02239,2024-09-19,麻煩處理一下，交易 T02239：我原本以為被盜刷，後來發現是家人刷的，只是金額跟發票不符。麻煩了。
C01892,A0339,T02389,2024-12-26,你好，交易 T02389：付款時一直跳錯誤卻被扣了錢，App 上查不到紀錄，請協助處理。麻煩了。
C01893,A0041,T00002,2024-05-09,急件！交易 T00002：付款時一直跳錯誤卻被扣了錢，App 上查不到紀錄，請重新計算。希望今天能處理。
C01894,A0250,T00696,2024-05-15,想反映一件事：交易 T00696：手續費沒有事先告知，客服電話一直打不通，請盡快回覆。已經是第二次反映了。
C01895,A0727,T00973,2024-11-06,您好，交易 T00973：付款時一直跳錯誤卻被扣了錢，請重新計算。希望今天能處理。
C01896,A0097,T00488,2024-12-25,交易 T00488：ATM 吐鈔少了一張但全額扣款，App 上查不到紀錄，請重新計算。
C01897,A0633,T01506,2024-10-27,你好，交易 T01506：優惠回饋金一直沒有入帳，客服電話一直打不通，希望可以退還。請盡快回覆。
C01898,A0391,T02385,2024-02-02,您好，交易 T02385：外幣匯率跟官網公告差很多，App 上查不到紀錄，請說明原因。請盡快回覆。
C01899,A0434,T01752,2024-07-24,您好，交易 T01752：實際扣款比收據多了一些，已經寫信反映過一次，請協助處理。已經是第二次反映了。
C01900,A0544,T01191,2024-12-01,您好，交易 T01191：同一筆消費被扣了兩次，已經寫信反映過一次，請協助處理。麻煩了。
C01901,A0053,T02531,2024-10-11,想反映一件事：交易 T02531：退款申請送出三週了還沒有消息，App 上查不到紀錄，請說明原因。請盡快回覆。
C01902,A0637,T01779,2024-10-05,客服您好，交易 T01779：一開始懷疑卡片被冒用，後來想起是小孩用我手機買點數，想問能不能退。已經是第二次反映了。
C01903,A0649,T01367,2024-12-13,麻煩處理一下，交易 T01367：退款申請送出三週了還沒有消息，客服電話一直打不通，請重新計算。
C01904,A0784,T02025,2024-06-08,你好，交易 T02025：我的卡被盜刷了。我已經報警了，懷疑資料外洩，請查明。希望今天能處理。
C01905,A0418,T01825,2024-06-19,你好，交易 T01825：ATM 吐鈔少了一張但全額扣款，請協助處理。請盡快回覆。
C01906,A0063,T00157,2024-10-17,急件！交易 T00157：優惠回饋金一直沒有入帳，App 上查不到紀錄，請重新計算。謝謝。
C01907,A0618,T01667,2024-05-04,交易 T01667：有人冒用我的帳號付款。手機沒收到任何驗證碼，請當作冒用處理。請盡快回覆。
C01908,A0214,T02483,2024-01-13,急件！交易 T02483：看到通知還以為是詐騙，查了才知道是自己訂閱的服務續約，希望可以減免。麻煩了。
C01909,A0323,T02193,2024-03-16,交易 T02193：帳單上出現一筆我完全不認得的扣款。密碼好像被別人拿走了，懷疑資料外洩，請查明。謝謝。
C01910,A0165,T00466,2024-02-25,麻煩處理一下，交易 T00466：優惠回饋金一直沒有入帳，分行說要我自己處理，請協助處理。已經是第二次反映了。
C01911,A0678,T01899,2024-11-27,你好，交易 T01899：實際扣款比收據多了一些，分行說要我自己處理，請說明原因。麻煩了。
C01912,A0188,T00756,2024-08-18,交易 T00756：分期利息跟當初說的不一樣，已經寫信反映過一次，請說明原因。
C01913,A0144,T01380,2024-11-23,急件！交易 T01380：這筆不是我本人操作的。卡一直在我身上，請當作冒用處理。
C01914,A0186,T00619,2024-08-11,急件！交易 T00619：出現一筆陌生的消費。卡一直在我身上，要求調查是誰用的。已經是第二次反映了。
C01915,A0714,T00426,2024-01-03,急件！交易 T00426：這個商家我從沒聽過，卻扣了我的錢。手機沒收到任何驗證碼，懷疑資料外洩，請查明。希望今天能處理。
C01916,A0445,T01746,2024-06-24,你好，交易 T01746：分期利息跟當初說的不一樣，App 上查不到紀錄，請協助處理。
C01917,A0782,T02189,2024-11-20,交易 T02189：看到通知還以為是詐騙，後來發現是家人刷的，但店員多打了一個零。已經是第二次反映了。
C01918,A0110,T00979,2024-07-17,交易 T00979：出現一筆陌生的消費。那天我人在國外，請盡快把錢退回來。請盡快回覆。
C01919,A0678,T01039,2024-11-03,麻煩處理一下，交易 T01039：同一筆消費被扣了兩次，分行說要我自己處理，請重新計算。謝謝。
C01920,A0233,T01251,2024-07-10,麻煩處理一下，交易 T01251：退款申請送出三週了還沒有消息，分行說要我自己處理，希望可以退還。已經是第二次反映了。
C01921,A0066,X00055,2024-05-07,你好，交易 X00055：ATM 吐鈔少了一張但全額扣款，客服電話一直打不通，請盡快回覆。希望今天能處理。
C01922,A0778,T00356,2024-09-01,你好，交易 T00356：付款時一直跳錯誤卻被扣了錢，請重新計算。請盡快回覆。
C01923,A0058,X00215,2024-09-20,急件！交易 X00215：退款申請送出三週了還沒有消息，請說明原因。麻煩了。
C01924,A0656,T01084,2024-01-25,你好，交易 T01084：ATM 吐鈔少了一張但全額扣款，已經寫信反映過一次，請說明原因。請盡快回覆。
C01925,A0087,T01227,2024-07-16,急件！交易 T01227：有人冒用我的帳號付款。家人都確認過沒用過這張卡，請立刻凍結並退回款項。麻煩了。
C01926,A0579,T01260,2024-07-03,想反映一件事：交易 T01260：帳單上出現一筆我完全不認得的扣款。時間是半夜三點，我在睡覺，請協助爭議款處理。麻煩了。
C01927,A0620,T01656,2024-02-06,麻煩處理一下，交易 T01656：帳單上出現一筆我完全不認得的扣款。密碼好像被別人拿走了，懷疑資料外洩，請查明。
C01928,A0144,T01481,2024-02-28,麻煩處理一下，交易 T01481：優惠回饋金一直沒有入帳，分行說要我自己處理，請協助處理。希望今天能處理。
C01929,A0280,T01298,2024-12-22,客服您好，交易 T01298：我從來沒有刷過這筆。我已經報警了，請協助爭議款處理。已經是第二次反映了。
C01930,A0680,T00977,2024-01-07,你好，交易 T00977：有人冒用我的帳號付款。時間是半夜三點，我在睡覺，請盡快把錢退回來。希望今天能處理。
C01931,A0552,T00237,2024-02-20,交易 T00237：ATM 吐鈔少了一張但全額扣款，分行說要我自己處理，請協助處理。已經是第二次反映了。
C01932,A0058,X00047,2024-12-05,你好，交易 X00047：這筆不是我本人操作的。我已經報警了，懷疑資料外洩，請查明。請盡快回覆。
C01933,A0536,T01993,2024-12-17,想反映一件事：交易 T01993：實際扣款比收據多了一些，App 上查不到紀錄，請重新計算。請盡快回覆。
C01934,A0058,X00199,2024-12-16,麻煩處理一下，交易 X00199：優惠回饋金一直沒有入帳，分行說要我自己處理，請協助處理。已經是第二次反映了。
C01935,A0570,T01473,2024-01-04,麻煩處理一下，交易 T01473：分期利息跟當初說的不一樣，App 上查不到紀錄，請協助處理。請盡快回覆。
C01936,A0002,T01021,2024-01-05,想反映一件事：交易 T01021：差點就當成盜用報案了，打電話問才知道是年費，只是金額跟發票不符。希望今天能處理。
C01937,A0457,T01051,2024-08-21,你好，交易 T01051：ATM 吐鈔少了一張但全額扣款，App 上查不到紀錄，請重新計算。請盡快回覆。
C01938,A0151,T01590,2024-07-11,客服您好，交易 T01590：這個商家我從沒聽過，卻扣了我的錢。卡一直在我身上，請協助爭議款處理。
C01939,A0041,T00847,2024-11-13,想反映一件事：交易 T00847：本來想申報陌生扣款，後來發現是家人刷的，希望可以減免。謝謝。
C01940,A0088,T00277,2024-11-06,交易 T00277：帳單上出現一筆我完全不認得的扣款。卡一直在我身上，要求調查是誰用的。麻煩了。
C01941,A0729,T02499,2024-01-04,急件！交易 T02499：手續費沒有事先告知，分行說要我自己處理，請重新計算。已經是第二次反映了。
C01942,A0216,T01411,2024-12-13,客服您好，交易 T01411：ATM 吐鈔少了一張但全額扣款，請說明原因。
C01943,A0485,T00527,2024-02-25,麻煩處理一下，交易 T00527：本來想申報陌生扣款，後來想起是小孩用我手機買點數，希望可以減免。謝謝。
C01944,A0566,T02254,2024-12-12,你好，交易 T02254：我從來沒有刷過這筆。手機沒收到任何驗證碼，請當作冒用處理。麻煩了。
C01945,A0630,T01019,2024-05-20,您好，交易 T01019：實際扣款比收據多了一些，已經寫信反映過一次，希望可以退還。
C01946,A0751,T00762,2024-07-26,你好，交易 T00762：看到通知還以為是詐騙，核對後是我在店裡刷的，但退款到現在還沒入帳。已經是第二次反映了。
C01947,A0603,T02132,2024-04-27,想反映一件事：交易 T02132：我從來沒有刷過這筆。我已經報警了，請立刻凍結並退回款項。希望今天能處理。
C01948,A0177,T01683,2024-07-05,您好，交易 T01683：優惠回饋金一直沒有入帳，App 上查不到紀錄，請說明原因。希望今天能處理。
C01949,A0788,T01721,2024-05-18,您好，交易 T01721：ATM 吐鈔少了一張但全額扣款，客服電話一直打不通，請重新計算。麻煩了。
C01950,A0609,T00141,2024-03-20,麻煩處理一下，交易 T00141：付款時一直跳錯誤卻被扣了錢，請重新計算。麻煩了。
C01951,A0185,T00271,2024-08-21,急件！交易 T00271：這筆不是我本人操作的。密碼好像被別人拿走了，請盡快把錢退回來。已經是第二次反映了。
C01952,A0286,T01854,2024-07-12,客服您好，交易 T01854：分期利息跟當初說的不一樣，已經寫信反映過一次，請協助處理。
C01953,A0132,T01495,2024-09-05,想反映一件事：交易 T01495：帳單上出現一筆我完全不認得的扣款。密碼好像被別人拿走了，請立刻凍結並退回款項。麻煩了。
C01954,A0387,T01905,2024-10-02,你好，交易 T01905：實際扣款比收據多了一些，App 上查不到紀錄，請重新計算。已經是第二次反映了。
C01955,A0144,T01481,2024-02-28,您好，交易 T01481：朋友說這種扣款可能是盜刷，核對後是我在店裡刷的，但退款到現在還沒入帳。希望今天能處理。
C01956,A0460,T00941,2024-02-06,客服您好，交易 T00941：付款時一直跳錯誤卻被扣了錢，App 上查不到紀錄，希望可以退還。謝謝。
C01957,A0222,T00563,2024-12-24,客服您好，交易 T00563：退款申請送出三週了還沒有消息，已經寫信反映過一次，請重新計算。請盡快回覆。
C01958,A0487,T01926,2024-07-28,交易 T01926：帳單上出現一筆我完全不認得的扣款。卡一直在我身上，請協助爭議款處理。謝謝。
C01959,A0370,T02006,2024-06-15,你好，交易 T02006：實際扣款比收據多了一些，已經寫信反映過一次，請盡快回覆。麻煩了。
C01960,A0469,T01659,2024-10-28,您好，交易 T01659：這個商家我從沒聽過，卻扣了我的錢。手機沒收到任何驗證碼，請當作冒用處理。請盡快回覆。
C01961,A0751,T00762,2024-07-26,急件！交易 T00762：優惠回饋金一直沒有入帳，已經寫信反映過一次，請重新計算。請盡快回覆。
C01962,A0459,T01735,2024-12-16,想反映一件事：交易 T01735：這筆不是我本人操作的。我已經報警了，請盡快把錢退回來。已經是第二次反映了。
C01963,A0415,T01530,2024-09-01,交易 T01530：同一筆消費被扣了兩次，客服電話一直打不通，請說明原因。請盡快回覆。
C01964,A0132,T01495,2024-09-05,你好，交易 T01495：我的卡被盜刷了。我已經報警了，要求調查是誰用的。謝謝。
C01965,A0280,T01755,2024-04-15,想反映一件事：交易 T01755：實際扣款比收據多了一些，App 上查不到紀錄，請說明原因。麻煩了。
C01966,A0252,T02558,2024-02-14,你好，交易 T02558：分期利息跟當初說的不一樣，客服電話一直打不通，請協助處理。麻煩了。
C01967,A0066,X00292,2024-07-16,您好，交易 X00292：我原本以為被盜刷，後來發現是家人刷的，只是想確認帳單日期。
C01968,A0644,T00890,2024-07-22,急件！交易 T00890：這個商家我從沒聽過，卻扣了我的錢。家人都確認過沒用過這張卡，請協助爭議款處理。希望今天能處理。
C01969,A0487,T01920,2024-02-21,你好，交易 T01920：同一筆消費被扣了兩次，客服電話一直打不通，請盡快回覆。謝謝。
C01970,A0560,T00803,2024-09-17,急件！交易 T00803：這筆交易未經我同意。家人都確認過沒用過這張卡，請盡快把錢退回來。希望今天能處理。
C01971,A0374,T00608,2024-02-13,麻煩處理一下，交易 T00608：同一筆消費被扣了兩次，請協助處理。請盡快回覆。
C01972,A0722,T00056,2024-07-17,想反映一件事：交易 T00056：本來想申報陌生扣款，後來發現是家人刷的，但店員多打了一個零。
C01973,A0779,T00653,2024-03-14,客服您好，交易 T00653：實際扣款比收據多了一些，已經寫信反映過一次，希望可以退還。麻煩了。
C01974,A0555,T00172,2024-10-19,想反映一件事：交易 T00172：一開始懷疑卡片被冒用，結果確認是我自己買的，希望可以減免。希望今天能處理。
C01975,A0200,T01416,2024-01-15,想反映一件事：交易 T01416：付款時一直跳錯誤卻被扣了錢，分行說要我自己處理，請說明原因。請盡快回覆。
C01976,A0252,T01867,2024-10-05,交易 T01867：這筆交易未經我同意。卡一直在我身上，請立刻凍結並退回款項。請盡快回覆。
C01977,A0295,T01808,2024-05-09,你好，交易 T01808：我從來沒有刷過這筆。手機沒收到任何驗證碼，懷疑資料外洩，請查明。已經是第二次反映了。
C01978,A0213,T00704,2024-05-21,麻煩處理一下，交易 T00704：退款申請送出三週了還沒有消息，App 上查不到紀錄，請協助處理。已經是第二次反映了。
C01979,A0036,T01988,2024-09-18,想反映一件事：交易 T01988：實際扣款比收據多了一些，客服電話一直打不通，請協助處理。麻煩了。
C01980,A0036,T00938,2024-07-06,想反映一件事：交易 T00938：優惠回饋金一直沒有入帳，App 上查不到紀錄，請重新計算。
C01981,A0042,T01035,2024-06-03,您好，交易 T01035：一開始懷疑卡片被冒用，後來發現是家人刷的，想問怎麼取消。請盡快回覆。
C01982,A0229,T00780,2024-09-26,想反映一件事：交易 T00780：有人冒用我的帳號付款。那天我人在國外，要求調查是誰用的。謝謝。
C01983,A0416,T02554,2024-10-14,想反映一件事：交易 T02554：手續費沒有事先告知，App 上查不到紀錄，請盡快回覆。已經是第二次反映了。
C01984,A0166,T02129,2024-06-11,交易 T02129：同一筆消費被扣了兩次，已經寫信反映過一次，請盡快回覆。請盡快回覆。
C01985,A0199,T00163,2024-01-17,急件！交易 T00163：這筆交易未經我同意。卡一直在我身上，要求調查是誰用的。希望今天能處理。
C01986,A0604,T00273,2024-11-25,客服您好，交易 T00273：退款申請送出三週了還沒有消息，客服電話一直打不通，請協助處理。謝謝。
C01987,A0327,T01625,2024-06-27,想反映一件事：交易 T01625：ATM 吐鈔少了一張但全額扣款，App 上查不到紀錄，請重新計算。
C01988,A0772,T00642,2024-02-28,急件！交易 T00642：出現一筆陌生的消費。卡一直在我身上，懷疑資料外洩，請查明。謝謝。
C01989,A0137,T01165,2024-01-13,想反映一件事：交易 T01165：分期利息跟當初說的不一樣，分行說要我自己處理，請盡快回覆。請盡快回覆。
C01990,A0377,T02068,2024-06-04,麻煩處理一下，交易 T02068：我從來沒有刷過這筆。那天我人在國外，請盡快把錢退回來。請盡快回覆。
C01991,A0041,X00016,2024-07-06,你好，交易 X00016：看到通知還以為是詐騙，結果確認是我自己買的，想問怎麼取消。希望今天能處理。
C01992,A0041,X00151,2024-06-01,急件！交易 X00151：有人冒用我的帳號付款。手機沒收到任何驗證碼，請盡快把錢退回來。已經是第二次反映了。
C01993,A0393,T02211,2024-12-20,你好，交易 T02211：這筆交易未經我同意。手機沒收到任何驗證碼，請協助爭議款處理。已經是第二次反映了。
C01994,A0311,T00208,2024-06-12,交易 T00208：外幣匯率跟官網公告差很多，請協助處理。麻煩了。
C01995,A0734,T00355,2024-12-06,客服您好，交易 T00355：我從來沒有刷過這筆。手機沒收到任何驗證碼，要求調查是誰用的。謝謝。
C01996,A0114,T00431,2024-03-04,急件！交易 T00431：退款申請送出三週了還沒有消息，App 上查不到紀錄，請盡快回覆。麻煩了。
C01997,A0635,T02372,2024-08-02,客服您好，交易 T02372：外幣匯率跟官網公告差很多，App 上查不到紀錄，請盡快回覆。請盡快回覆。
C01998,A0125,T01089,2024-09-20,您好，交易 T01089：實際扣款比收據多了一些，App 上查不到紀錄，請說明原因。謝謝。
C01999,A0034,T01980,2024-03-13,客服您好，交易 T01980：分期利息跟當初說的不一樣，App 上查不到紀錄，請盡快回覆。
C02000,A0013,X00330,2024-06-26,你好，交易 X00330：出現一筆陌生的消費。家人都確認過沒用過這張卡，請當作冒用處理。希望今天能處理。
C02001,A0532,T01415,2024-10-08,客服您好，交易 T01415：手續費沒有事先告知，App 上查不到紀錄，請重新計算。
C02002,A0718,T01982,2024-06-24,交易 T01982：這個商家我從沒聽過，卻扣了我的錢。手機沒收到任何驗證碼，要求調查是誰用的。已經是第二次反映了。
C02003,A0247,T00882,2024-11-16,您好，交易 T00882：退款申請送出三週了還沒有消息，分行說要我自己處理，請重新計算。麻煩了。
C02004,A0295,T00544,2024-09-21,您好，交易 T00544：帳單上出現一筆我完全不認得的扣款。密碼好像被別人拿走了，請盡快把錢退回來。謝謝。
C02005,A0058,X00199,2024-12-16,您好，交易 X00199：我的卡被盜刷了。我已經報警了，懷疑資料外洩，請查明。請盡快回覆。
C02006,A0317,T02177,2024-12-23,交易 T02177：ATM 吐鈔少了一張但全額扣款，分行說要我自己處理，請重新計算。麻煩了。
C02007,A0617,T00155,2024-09-12,急件！交易 T00155：實際扣款比收據多了一些，請盡快回覆。麻煩了。
C02008,A0156,T02210,2024-06-24,麻煩處理一下，交易 T02210：分期利息跟當初說的不一樣，分行說要我自己處理，請重新計算。麻煩了。
C02009,A0599,T01634,2024-01-04,您好，交易 T01634：我的卡被盜刷了。那天我人在國外，請盡快把錢退回來。
C02010,A0615,T01545,2024-03-01,客服您好，交易 T01545：退款申請送出三週了還沒有消息，客服電話一直打不通，請盡快回覆。麻煩了。
C02011,A0044,T00774,2024-11-05,急件！交易 T00774：外幣匯率跟官網公告差很多，分行說要我自己處理，請盡快回覆。請盡快回覆。
C02012,A0077,T01822,2024-03-27,麻煩處理一下，交易 T01822：看到通知還以為是詐騙，結果確認是我自己買的，只是想確認帳單日期。已經是第二次反映了。
C02013,A0214,T00090,2024-10-26,想反映一件事：交易 T00090：本來想申報陌生扣款，核對後是我在店裡刷的，只是金額跟發票不符。謝謝。
C02014,A0013,X00110,2024-11-03,客服您好，交易 X00110：實際扣款比收據多了一些，App 上查不到紀錄，請盡快回覆。已經是第二次反映了。
C02015,A0116,T01201,2024-04-08,想反映一件事：交易 T01201：差點就當成盜用報案了，查了才知道是自己訂閱的服務續約，想問能不能退。
C02016,A0058,X00026,2024-06-20,您好，交易 X00026：我的卡被盜刷了。家人都確認過沒用過這張卡，懷疑資料外洩，請查明。謝謝。
C02017,A0066,X00290,2024-08-27,您好，交易 X00290：朋友說這種扣款可能是盜刷，核對後是我在店裡刷的，想問能不能退。麻煩了。
C02018,A0422,T00547,2024-03-19,客服您好，交易 T00547：我原本以為被盜刷，後來發現是家人刷的，但店員多打了一個零。請盡快回覆。
C02019,A0286,T02529,2024-08-06,交易 T02529：付款時一直跳錯誤卻被扣了錢，客服電話一直打不通，希望可以退還。謝謝。
C02020,A0562,T00589,2024-02-28,客服您好，交易 T00589：朋友說這種扣款可能是盜刷，結果確認是我自己買的，只是想確認帳單日期。謝謝。
C02021,A0523,T02243,2024-10-08,想反映一件事：交易 T02243：優惠回饋金一直沒有入帳，客服電話一直打不通，請說明原因。希望今天能處理。
C02022,A0547,T01254,2024-08-22,客服您好，交易 T01254：實際扣款比收據多了一些，請協助處理。請盡快回覆。
C02023,A0317,T02497,2024-11-06,想反映一件事：交易 T02497：分期利息跟當初說的不一樣，已經寫信反映過一次，請說明原因。已經是第二次反映了。
C02024,A0562,T02418,2024-05-02,急件！交易 T02418：同一筆消費被扣了兩次，客服電話一直打不通，希望可以退還。麻煩了。
C02025,A0419,T00469,2024-03-04,想反映一件事：交易 T00469：我的卡被盜刷了。我已經報警了，請當作冒用處理。謝謝。
C02026,A0428,T02319,2024-11-10,你好，交易 T02319：同一筆消費被扣了兩次，客服電話一直打不通，請重新計算。請盡快回覆。
C02027,A0438,T00585,2024-11-17,想反映一件事：交易 T00585：外幣匯率跟官網公告差很多，客服電話一直打不通，請重新計算。請盡快回覆。
C02028,A0460,T01661,2024-05-19,交易 T01661：外幣匯率跟官網公告差很多，已經寫信反映過一次，請協助處理。請盡快回覆。
C02029,A0270,T00040,2024-04-23,客服您好，交易 T00040：優惠回饋金一直沒有入帳，分行說要我自己處理，請盡快回覆。
C02030,A0042,T00860,2024-08-07,麻煩處理一下，交易 T00860：朋友說這種扣款可能是盜刷，查了才知道是自己訂閱的服務續約，想問能不能退。希望今天能處理。
C02031,A0058,X00172,2024-01-23,急件！交易 X00172：同一筆消費被扣了兩次，希望可以退還。麻煩了。
C02032,A0138,T00513,2024-01-24,急件！交易 T00513：看到通知還以為是詐騙，後來想起是小孩用我手機買點數，想問怎麼取消。麻煩了。
C02033,A0549,T02482,2024-01-23,客服您好，交易 T02482：手續費沒有事先告知，App 上查不到紀錄，請重新計算。已經是第二次反映了。
C02034,A0027,X00007,2024-10-18,急件！交易 X00007：差點就當成盜用報案了，結果確認是我自己買的，想問怎麼取消。已經是第二次反映了。
C02035,A0166,T02129,2024-06-11,麻煩處理一下，交易 T02129：同一筆消費被扣了兩次，分行說要我自己處理，請協助處理。麻煩了。
C02036,A0735,T00712,2024-11-16,麻煩處理一下，交易 T00712：手續費沒有事先告知，請協助處理。希望今天能處理。
C02037,A0785,T01552,2024-12-08,你好，交易 T01552：外幣匯率跟官網公告差很多，客服電話一直打不通，請盡快回覆。麻煩了。
C02038,A0032,T01595,2024-11-03,您好，交易 T01595：同一筆消費被扣了兩次，請盡快回覆。請盡快回覆。
C02039,A0405,T00904,2024-03-24,交易 T00904：退款申請送出三週了還沒有消息，分行說要我自己處理，請重新計算。希望今天能處理。
C02040,A0417,T01639,2024-09-03,交易 T01639：一開始懷疑卡片被冒用，查了才知道是自己訂閱的服務續約，只是想確認帳單日期。謝謝。
C02041,A0691,T00624,2024-12-25,麻煩處理一下，交易 T00624：付款時一直跳錯誤卻被扣了錢，分行說要我自己處理，希望可以退還。希望今天能處理。
C02042,A0097,T00488,2024-12-25,急件！交易 T00488：退款申請送出三週了還沒有消息，請盡快回覆。謝謝。
C02043,A0351,T00837,2024-09-05,客服您好，交易 T00837：看到通知還以為是詐騙，核對後是我在店裡刷的，但退款到現在還沒入帳。已經是第二次反映了。
C02044,A0723,T01186,2024-02-05,麻煩處理一下，交易 T01186：外幣匯率跟官網公告差很多，客服電話一直打不通，請說明原因。謝謝。
C02045,A0058,X00324,2024-12-26,您好，交易 X00324：差點就當成盜用報案了，後來想起是小孩用我手機買點數，但退款到現在還沒入帳。麻煩了。
C02046,A0675,T01986,2024-11-17,麻煩處理一下，交易 T01986：付款時一直跳錯誤卻被扣了錢，App 上查不到紀錄，請重新計算。麻煩了。
C02047,A0726,T00574,2024-02-20,您好，交易 T00574：付款時一直跳錯誤卻被扣了錢，客服電話一直打不通，請重新計算。已經是第二次反映了。
C02048,A0277,T02544,2024-03-18,麻煩處理一下，交易 T02544：退款申請送出三週了還沒有消息，App 上查不到紀錄，希望可以退還。請盡快回覆。
C02049,A0361,T00510,2024-07-21,你好，交易 T00510：外幣匯率跟官網公告差很多，App 上查不到紀錄，請說明原因。
C02050,A0529,T02578,2024-11-28,客服您好，交易 T02578：看到通知還以為是詐騙，查了才知道是自己訂閱的服務續約，希望可以減免。希望今天能處理。
C02051,A0311,T01588,2024-02-08,交易 T01588：外幣匯率跟官網公告差很多，分行說要我自己處理，請協助處理。希望今天能處理。
C02052,A0066,X00253,2024-10-23,急件！交易 X00253：手續費沒有事先告知，請說明原因。已經是第二次反映了。
C02053,A0678,T01899,2024-11-27,交易 T01899：我的卡被盜刷了。卡一直在我身上，請協助爭議款處理。
C02054,A0124,T00874,2024-03-21,想反映一件事：交易 T00874：本來想申報陌生扣款，打電話問才知道是年費，想問能不能退。希望今天能處理。
C02055,A0058,X00237,2024-10-12,急件！交易 X00237：這個商家我從沒聽過，卻扣了我的錢。卡一直在我身上，請盡快把錢退回來。麻煩了。
C02056,A0446,T01466,2024-10-28,客服您好，交易 T01466：外幣匯率跟官網公告差很多，客服電話一直打不通，請盡快回覆。
C02057,A0243,T01309,2024-10-04,你好，交易 T01309：優惠回饋金一直沒有入帳，請協助處理。謝謝。
C02058,A0773,T01990,2024-10-07,你好，交易 T01990：付款時一直跳錯誤卻被扣了錢，分行說要我自己處理，請重新計算。希望今天能處理。
C02059,A0412,T01077,2024-08-23,急件！交易 T01077：出現一筆陌生的消費。手機沒收到任何驗證碼，請當作冒用處理。請盡快回覆。
C02060,A0110,T00979,2024-07-17,交易 T00979：退款申請送出三週了還沒有消息，請重新計算。請盡快回覆。
C02061,A0066,X00136,2024-07-04,交易 X00136：外幣匯率跟官網公告差很多，希望可以退還。希望今天能處理。
C02062,A0445,T00123,2024-01-23,您好，交易 T00123：這個商家我從沒聽過，卻扣了我的錢。家人都確認過沒用過這張卡，請協助爭議款處理。謝謝。
C02063,A0723,T01200,2024-08-15,您好，交易 T01200：這筆不是我本人操作的。時間是半夜三點，我在睡覺，懷疑資料外洩，請查明。已經是第二次反映了。
C02064,A0418,T01825,2024-06-19,想反映一件事：交易 T01825：出現一筆陌生的消費。手機沒收到任何驗證碼，懷疑資料外洩，請查明。
C02065,A0075,T00070,2024-10-11,客服您好，交易 T00070：本來想申報陌生扣款，後來想起是小孩用我手機買點數，但店員多打了一個零。請盡快回覆。
C02066,A0472,T00912,2024-04-10,您好，交易 T00912：外幣匯率跟官網公告差很多，客服電話一直打不通，請重新計算。希望今天能處理。
C02067,A0270,T00040,2024-04-23,麻煩處理一下，交易 T00040：差點就當成盜用報案了，後來發現是家人刷的，但退款到現在還沒入帳。麻煩了。
C02068,A0606,T00717,2024-08-25,急件！交易 T00717：付款時一直跳錯誤卻被扣了錢，分行說要我自己處理，請重新計算。謝謝。
C02069,A0122,T00091,2024-02-06,麻煩處理一下，交易 T00091：差點就當成盜用報案了，打電話問才知道是年費，希望可以減免。希望今天能處理。
C02070,A0015,T01344,2024-04-16,客服您好，交易 T01344：本來想申報陌生扣款，查了才知道是自己訂閱的服務續約，想問能不能退。請盡快回覆。
C02071,A0105,T00108,2024-12-04,客服您好，交易 T00108：退款申請送出三週了還沒有消息，App 上查不到紀錄，請協助處理。請盡快回覆。
C02072,A0742,T01877,2024-09-27,想反映一件事：交易 T01877：實際扣款比收據多了一些，App 上查不到紀錄，請盡快回覆。麻煩了。
C02073,A0786,T01610,2024-10-18,您好，交易 T01610：外幣匯率跟官網公告差很多，已經寫信反映過一次，請重新計算。希望今天能處理。
C02074,A0604,T00273,2024-11-25,想反映一件事：交易 T00273：同一筆消費被扣了兩次，客服電話一直打不通，希望可以退還。謝謝。
C02075,A0727,T00802,2024-09-24,客服您好，交易 T00802：這筆交易未經我同意。卡一直在我身上，請當作冒用處理。請盡快回覆。
C02076,A0158,T01015,2024-02-16,客服您好，交易 T01015：分期利息跟當初說的不一樣，已經寫信反映過一次，希望可以退還。麻煩了。
C02077,A0541,T01463,2024-07-16,想反映一件事：交易 T01463：ATM 吐鈔少了一張但全額扣款，分行說要我自己處理，請協助處理。麻煩了。
C02078,A0064,T01399,2024-02-20,您好，交易 T01399：我的卡被盜刷了。卡一直在我身上，請協助爭議款處理。已經是第二次反映了。
C02079,A0013,X00057,2024-08-02,想反映一件事：交易 X00057：看到通知還以為是詐騙，後來想起是小孩用我手機買點數，但退款到現在還沒入帳。
C02080,A0481,T01395,2024-09-27,您好，交易 T01395：外幣匯率跟官網公告差很多，希望可以退還。希望今天能處理。
C02081,A0026,T01140,2024-01-04,急件！交易 T01140：我原本以為被盜刷，核對後是我在店裡刷的，想問怎麼取消。麻煩了。
C02082,A0041,X00259,2024-04-27,你好，交易 X00259：付款時一直跳錯誤卻被扣了錢，已經寫信反映過一次，請說明原因。麻煩了。
C02083,A0596,T02260,2024-05-02,交易 T02260：外幣匯率跟官網公告差很多，App 上查不到紀錄，希望可以退還。希望今天能處理。
C02084,A0657,T00896,2024-12-11,您好，交易 T00896：付款時一直跳錯誤卻被扣了錢，已經寫信反映過一次，請重新計算。希望今天能處理。
C02085,A0658,T00768,2024-09-03,你好，交易 T00768：帳單上出現一筆我完全不認得的扣款。時間是半夜三點，我在睡覺，要求調查是誰用的。希望今天能處理。
C02086,A0418,T00690,2024-08-27,您好，交易 T00690：帳單上出現一筆我完全不認得的扣款。卡一直在我身上，要求調查是誰用的。
C02087,A0513,T01569,2024-12-12,急件！交易 T01569：手續費沒有事先告知，請協助處理。已經是第二次反映了。
C02088,A0122,T01270,2024-02-20,想反映一件事：交易 T01270：帳單上出現一筆我完全不認得的扣款。那天我人在國外，要求調查是誰用的。麻煩了。
C02089,A0782,T02189,2024-11-20,交易 T02189：外幣匯率跟官網公告差很多，已經寫信反映過一次，請重新計算。
C02090,A0488,T01747,2024-11-04,您好，交易 T01747：一開始懷疑卡片被冒用，後來想起是小孩用我手機買點數，想問能不能退。希望今天能處理。
C02091,A0654,T01505,2024-07-11,麻煩處理一下，交易 T01505：我原本以為被盜刷，查了才知道是自己訂閱的服務續約，只是金額跟發票不符。希望今天能處理。
C02092,A0386,T00947,2024-03-16,麻煩處理一下，交易 T00947：實際扣款比收據多了一些，分行說要我自己處理，請說明原因。希望今天能處理。
C02093,A0472,T01091,2024-09-20,交易 T01091：實際扣款比收據多了一些，客服電話一直打不通，請盡快回覆。謝謝。
C02094,A0046,T00948,2024-03-14,您好，交易 T00948：實際扣款比收據多了一些，請重新計算。麻煩了。
C02095,A0659,T01687,2024-06-07,交易 T01687：優惠回饋金一直沒有入帳，客服電話一直打不通，希望可以退還。麻煩了。
C02096,A0635,T00000,2024-07-18,急件！交易 T00000：我原本以為被盜刷，查了才知道是自己訂閱的服務續約，但店員多打了一個零。麻煩了。
C02097,A0502,T02466,2024-06-25,想反映一件事：交易 T02466：同一筆消費被扣了兩次，已經寫信反映過一次，希望可以退還。請盡快回覆。
C02098,A0579,T01253,2024-04-22,客服您好，交易 T01253：有人冒用我的帳號付款。我已經報警了，請協助爭議款處理。請盡快回覆。
C02099,A0689,T01168,2024-04-26,客服您好，交易 T01168：分期利息跟當初說的不一樣，分行說要我自己處理，希望可以退還。
C02100,A0637,T02471,2024-02-06,交易 T02471：分期利息跟當初說的不一樣，客服電話一直打不通，請重新計算。麻煩了。
C02101,A0448,T01027,2024-03-19,想反映一件事：交易 T01027：退款申請送出三週了還沒有消息，請盡快回覆。麻煩了。
C02102,A0032,T02441,2024-02-03,交易 T02441：實際扣款比收據多了一些，請重新計算。
C02103,A0489,T00755,2024-11-15,麻煩處理一下，交易 T00755：實際扣款比收據多了一些，請說明原因。請盡快回覆。
C02104,A0201,T02565,2024-10-03,客服您好，交易 T02565：同一筆消費被扣了兩次，分行說要我自己處理，請協助處理。
C02105,A0470,T01776,2024-03-10,急件！交易 T01776：本來想申報陌生扣款，查了才知道是自己訂閱的服務續約，想問怎麼取消。麻煩了。
C02106,A0555,T00172,2024-10-19,交易 T00172：ATM 吐鈔少了一張但全額扣款，分行說要我自己處理，請說明原因。麻煩了。
C02107,A0217,T02433,2024-10-07,急件！交易 T02433：一開始懷疑卡片被冒用，結果確認是我自己買的，只是想確認帳單日期。已經是第二次反映了。
C02108,A0538,T01640,2024-02-22,急件！交易 T01640：分期利息跟當初說的不一樣，請盡快回覆。麻煩了。
C02109,A0101,T01978,2024-03-19,您好，交易 T01978：分期利息跟當初說的不一樣，分行說要我自己處理，請盡快回覆。請盡快回覆。
C02110,A0772,T01592,2024-06-02,麻煩處理一下，交易 T01592：帳單上出現一筆我完全不認得的扣款。手機沒收到任何驗證碼，請協助爭議款處理。希望今天能處理。
C02111,A0516,T00485,2024-01-02,想反映一件事：交易 T00485：退款申請送出三週了還沒有消息，分行說要我自己處理，請盡快回覆。
C02112,A0451,T00869,2024-04-09,交易 T00869：ATM 吐鈔少了一張但全額扣款，希望可以退還。
C02113,A0605,T02128,2024-06-10,急件！交易 T02128：分期利息跟當初說的不一樣，請說明原因。麻煩了。
C02114,A0408,T00270,2024-09-23,交易 T00270：ATM 吐鈔少了一張但全額扣款，請重新計算。謝謝。
C02115,A0234,T01617,2024-02-04,客服您好，交易 T01617：手續費沒有事先告知，分行說要我自己處理，請說明原因。希望今天能處理。
C02116,A0793,T01206,2024-04-24,客服您好，交易 T01206：一開始懷疑卡片被冒用，核對後是我在店裡刷的，只是想確認帳單日期。麻煩了。
C02117,A0415,T00725,2024-08-17,交易 T00725：手續費沒有事先告知，已經寫信反映過一次，希望可以退還。
C02118,A0039,T02215,2024-09-05,交易 T02215：分期利息跟當初說的不一樣，客服電話一直打不通，請重新計算。已經是第二次反映了。
C02119,A0681,T00792,2024-09-13,你好，交易 T00792：付款時一直跳錯誤卻被扣了錢，請協助處理。麻煩了。
C02120,A0025,T02540,2024-02-24,你好，交易 T02540：實際扣款比收據多了一些，分行說要我自己處理，請協助處理。請盡快回覆。
C02121,A0013,X00249,2024-01-07,你好，交易 X00249：付款時一直跳錯誤卻被扣了錢，請盡快回覆。麻煩了。
C02122,A0720,T02402,2024-12-25,交易 T02402：本來想申報陌生扣款，後來發現是家人刷的，希望可以減免。
C02123,A0704,T01164,2024-01-21,交易 T01164：有人冒用我的帳號付款。密碼好像被別人拿走了，請立刻凍結並退回款項。
C02124,A0705,T01428,2024-09-13,客服您好，交易 T01428：分期利息跟當初說的不一樣，請重新計算。已經是第二次反映了。
C02125,A0393,T02427,2024-07-04,急件！交易 T02427：差點就當成盜用報案了，結果確認是我自己買的，想問怎麼取消。謝謝。
C02126,A0034,T00556,2024-09-12,你好，交易 T00556：我原本以為被盜刷，結果確認是我自己買的，想問怎麼取消。謝謝。
C02127,A0071,T01166,2024-04-22,麻煩處理一下，交易 T01166：這筆交易未經我同意。卡一直在我身上，請立刻凍結並退回款項。請盡快回覆。
C02128,A0121,T00421,2024-05-25,你好，交易 T00421：分期利息跟當初說的不一樣，請說明原因。請盡快回覆。
C02129,A0035,T01606,2024-08-07,交易 T01606：分期利息跟當初說的不一樣，客服電話一直打不通，請協助處理。請盡快回覆。
C02130,A0375,T01694,2024-11-09,你好，交易 T01694：付款時一直跳錯誤卻被扣了錢，客服電話一直打不通，請盡快回覆。請盡快回覆。
C02131,A0027,X00009,2024-04-27,你好，交易 X00009：退款申請送出三週了還沒有消息，App 上查不到紀錄，請重新計算。
C02132,A0316,T00889,2024-07-06,客服您好，交易 T00889：朋友說這種扣款可能是盜刷，打電話問才知道是年費，只是想確認帳單日期。
C02133,A0223,T01261,2024-05-24,急件！交易 T01261：優惠回饋金一直沒有入帳，已經寫信反映過一次，請說明原因。希望今天能處理。
C02134,A0729,T00998,2024-01-26,你好，交易 T00998：實際扣款比收據多了一些，請盡快回覆。已經是第二次反映了。
C02135,A0013,X00279,2024-09-02,客服您好，交易 X00279：我從來沒有刷過這筆。時間是半夜三點，我在睡覺，要求調查是誰用的。麻煩了。
C02136,A0552,T00237,2024-02-20,您好，交易 T00237：有人冒用我的帳號付款。那天我人在國外，請盡快把錢退回來。謝謝。
C02137,A0642,T01148,2024-07-14,交易 T01148：外幣匯率跟官網公告差很多，分行說要我自己處理，希望可以退還。希望今天能處理。
C02138,A0212,T02323,2024-12-02,客服您好，交易 T02323：ATM 吐鈔少了一張但全額扣款，App 上查不到紀錄，請協助處理。
C02139,A0394,T00127,2024-01-06,交易 T00127：分期利息跟當初說的不一樣，App 上查不到紀錄，希望可以退還。麻煩了。
C02140,A0755,T01771,2024-04-06,急件！交易 T01771：同一筆消費被扣了兩次，分行說要我自己處理，請協助處理。希望今天能處理。
C02141,A0680,T00977,2024-01-07,想反映一件事：交易 T00977：實際扣款比收據多了一些，App 上查不到紀錄，希望可以退還。
C02142,A0127,T02308,2024-04-24,想反映一件事：交易 T02308：退款申請送出三週了還沒有消息，客服電話一直打不通，請盡快回覆。麻煩了。
C02143,A0624,T01565,2024-12-18,您好，交易 T01565：ATM 吐鈔少了一張但全額扣款，請重新計算。希望今天能處理。
C02144,A0268,T00027,2024-08-08,急件！交易 T00027：ATM 吐鈔少了一張但全額扣款，已經寫信反映過一次，請協助處理。謝謝。
C02145,A0058,X00004,2024-12-26,麻煩處理一下，交易 X00004：ATM 吐鈔少了一張但全額扣款，分行說要我自己處理，請盡快回覆。希望今天能處理。
C02146,A0066,T01170,2024-07-07,交易 T01170：實際扣款比收據多了一些，App 上查不到紀錄，請說明原因。請盡快回覆。
C02147,A0206,T01983,2024-12-11,你好，交易 T01983：有人冒用我的帳號付款。時間是半夜三點，我在睡覺，請協助爭議款處理。請盡快回覆。
C02148,A0619,T00748,2024-10-06,交易 T00748：外幣匯率跟官網公告差很多，App 上查不到紀錄，希望可以退還。麻煩了。
C02149,A0786,T02257,2024-12-01,想反映一件事：交易 T02257：手續費沒有事先告知，請說明原因。
C02150,A0272,T02103,2024-12-20,急件！交易 T02103：我原本以為被盜刷，後來發現是家人刷的，希望可以減免。謝謝。
C02151,A0772,T01973,2024-12-08,你好，交易 T01973：分期利息跟當初說的不一樣，客服電話一直打不通，希望可以退還。希望今天能處理。
C02152,A0739,T02058,2024-07-04,你好，交易 T02058：手續費沒有事先告知，客服電話一直打不通，請重新計算。已經是第二次反映了。
C02153,A0601,T01079,2024-03-07,客服您好，交易 T01079：這筆不是我本人操作的。那天我人在國外，要求調查是誰用的。麻煩了。
C02154,A0650,T01435,2024-02-19,想反映一件事：交易 T01435：ATM 吐鈔少了一張但全額扣款，請重新計算。麻煩了。
C02155,A0290,T00264,2024-01-05,交易 T00264：退款申請送出三週了還沒有消息，分行說要我自己處理，請盡快回覆。希望今天能處理。
C02156,A0424,T00380,2024-06-07,客服您好，交易 T00380：手續費沒有事先告知，App 上查不到紀錄，請盡快回覆。麻煩了。
C02157,A0555,T00172,2024-10-19,您好，交易 T00172：退款申請送出三週了還沒有消息，請盡快回覆。已經是第二次反映了。
C02158,A0684,T01163,2024-12-07,你好，交易 T01163：ATM 吐鈔少了一張但全額扣款，分行說要我自己處理，請說明原因。已經是第二次反映了。
C02159,A0340,T00931,2024-03-23,您好，交易 T00931：出現一筆陌生的消費。家人都確認過沒用過這張卡，請當作冒用處理。已經是第二次反映了。
C02160,A0625,T00212,2024-10-19,你好，交易 T00212：朋友說這種扣款可能是盜刷，後來發現是家人刷的，想問怎麼取消。已經是第二次反映了。
C02161,A0524,T01546,2024-10-11,您好，交易 T01546：分期利息跟當初說的不一樣，App 上查不到紀錄，請協助處理。請盡快回覆。
C02162,A0033,T00414,2024-01-19,交易 T00414：退款申請送出三週了還沒有消息，分行說要我自己處理，請說明原因。已經是第二次反映了。
C02163,A0212,T01581,2024-12-04,想反映一件事：交易 T01581：這筆不是我本人操作的。那天我人在國外，請協助爭議款處理。麻煩了。
C02164,A0019,T01376,2024-10-17,交易 T01376：分期利息跟當初說的不一樣，已經寫信反映過一次，希望可以退還。
C02165,A0383,T00781,2024-11-21,想反映一件事：交易 T00781：同一筆消費被扣了兩次，App 上查不到紀錄，請盡快回覆。已經是第二次反映了。
C02166,A0780,T01438,2024-09-26,您好，交易 T01438：差點就當成盜用報案了，核對後是我在店裡刷的，只是金額跟發票不符。
C02167,A0502,T02466,2024-06-25,麻煩處理一下，交易 T02466：出現一筆陌生的消費。時間是半夜三點，我在睡覺，要求調查是誰用的。謝謝。
C02168,A0180,T02535,2024-03-27,客服您好，交易 T02535：付款時一直跳錯誤卻被扣了錢，已經寫信反映過一次，請說明原因。已經是第二次反映了。
C02169,A0475,T00924,2024-09-19,麻煩處理一下，交易 T00924：我原本以為被盜刷，後來想起是小孩用我手機買點數，但店員多打了一個零。請盡快回覆。
C02170,A0417,T01639,2024-09-03,你好，交易 T01639：朋友說這種扣款可能是盜刷，後來發現是家人刷的，希望可以減免。已經是第二次反映了。
C02171,A0353,T01156,2024-12-19,您好，交易 T01156：出現一筆陌生的消費。那天我人在國外，請立刻凍結並退回款項。希望今天能處理。
C02172,A0557,T02049,2024-04-26,急件！交易 T02049：外幣匯率跟官網公告差很多，請盡快回覆。謝謝。
C02173,A0240,T00460,2024-04-26,麻煩處理一下，交易 T00460：出現一筆陌生的消費。卡一直在我身上，懷疑資料外洩，請查明。已經是第二次反映了。
C02174,A0127,T00419,2024-06-03,您好，交易 T00419：退款申請送出三週了還沒有消息，App 上查不到紀錄，請重新計算。謝謝。
C02175,A0713,T01117,2024-02-13,您好，交易 T01117：一開始懷疑卡片被冒用，核對後是我在店裡刷的，但退款到現在還沒入帳。
C02176,A0205,T01285,2024-04-06,麻煩處理一下，交易 T01285：我的卡被盜刷了。卡一直在我身上，請立刻凍結並退回款項。已經是第二次反映了。
C02177,A0444,T02264,2024-07-21,麻煩處理一下，交易 T02264：手續費沒有事先告知，App 上查不到紀錄，請重新計算。謝謝。
C02178,A0014,T00007,2024-06-08,急件！交易 T00007：出現一筆陌生的消費。家人都確認過沒用過這張卡，請立刻凍結並退回款項。謝謝。
C02179,A0163,T00823,2024-11-28,急件！交易 T00823：退款申請送出三週了還沒有消息，App 上查不到紀錄，希望可以退還。麻煩了。
C02180,A0418,T00690,2024-08-27,客服您好，交易 T00690：這筆交易未經我同意。密碼好像被別人拿走了，請盡快把錢退回來。希望今天能處理。
C02181,A0497,T02463,2024-12-06,想反映一件事：交易 T02463：差點就當成盜用報案了，後來發現是家人刷的，但退款到現在還沒入帳。
C02182,A0013,X00228,2024-03-17,交易 X00228：一開始懷疑卡片被冒用，結果確認是我自己買的，但店員多打了一個零。請盡快回覆。
C02183,A0424,T01641,2024-03-14,客服您好，交易 T01641：這個商家我從沒聽過，卻扣了我的錢。那天我人在國外，請立刻凍結並退回款項。
C02184,A0457,T01585,2024-01-18,客服您好，交易 T01585：外幣匯率跟官網公告差很多，分行說要我自己處理，請盡快回覆。請盡快回覆。
C02185,A0419,T00779,2024-01-26,想反映一件事：交易 T00779：同一筆消費被扣了兩次，分行說要我自己處理，請盡快回覆。請盡快回覆。
C02186,A0100,T02112,2024-05-10,想反映一件事：交易 T02112：分期利息跟當初說的不一樣，客服電話一直打不通，請說明原因。已經是第二次反映了。
C02187,A0076,T02134,2024-03-10,你好，交易 T02134：帳單上出現一筆我完全不認得的扣款。時間是半夜三點，我在睡覺，請盡快把錢退回來。請盡快回覆。
C02188,A0633,T00387,2024-05-03,交易 T00387：這筆不是我本人操作的。我已經報警了，請立刻凍結並退回款項。已經是第二次反映了。
C02189,A0058,X00064,2024-05-24,急件！交易 X00064：付款時一直跳錯誤卻被扣了錢，請盡快回覆。謝謝。
C02190,A0201,T02153,2024-08-09,急件！交易 T02153：差點就當成盜用報案了，結果確認是我自己買的，但退款到現在還沒入帳。
C02191,A0361,T00510,2024-07-21,想反映一件事：交易 T00510：ATM 吐鈔少了一張但全額扣款，已經寫信反映過一次，請盡快回覆。已經是第二次反映了。
C02192,A0027,X00204,2024-01-15,你好，交易 X00204：ATM 吐鈔少了一張但全額扣款，請說明原因。已經是第二次反映了。
C02193,A0058,X00099,2024-06-02,您好，交易 X00099：一開始懷疑卡片被冒用，結果確認是我自己買的，希望可以減免。已經是第二次反映了。
C02194,A0649,T00346,2024-12-06,您好，交易 T00346：優惠回饋金一直沒有入帳，App 上查不到紀錄，請協助處理。已經是第二次反映了。
C02195,A0411,T01409,2024-06-20,交易 T01409：朋友說這種扣款可能是盜刷，核對後是我在店裡刷的，只是金額跟發票不符。已經是第二次反映了。
C02196,A0547,T01187,2024-05-09,你好，交易 T01187：ATM 吐鈔少了一張但全額扣款，客服電話一直打不通，請協助處理。
C02197,A0138,T02439,2024-10-13,想反映一件事：交易 T02439：這個商家我從沒聽過，卻扣了我的錢。手機沒收到任何驗證碼，請當作冒用處理。已經是第二次反映了。
C02198,A0027,X00058,2024-06-24,您好，交易 X00058：同一筆消費被扣了兩次，已經寫信反映過一次，請協助處理。
C02199,A0324,T00573,2024-11-28,客服您好，交易 T00573：ATM 吐鈔少了一張但全額扣款，App 上查不到紀錄，請協助處理。希望今天能處理。
C02200,A0058,X00011,2024-11-01,急件！交易 X00011：這筆不是我本人操作的。那天我人在國外，請立刻凍結並退回款項。請盡快回覆。
C02201,A0027,X00017,2024-09-17,麻煩處理一下，交易 X00017：手續費沒有事先告知，客服電話一直打不通，希望可以退還。請盡快回覆。
C02202,A0101,T00375,2024-01-25,客服您好，交易 T00375：分期利息跟當初說的不一樣，已經寫信反映過一次，請說明原因。
C02203,A0058,X00011,2024-11-01,想反映一件事：交易 X00011：這筆交易未經我同意。那天我人在國外，懷疑資料外洩，請查明。已經是第二次反映了。
C02204,A0357,T02324,2024-07-06,您好，交易 T02324：優惠回饋金一直沒有入帳，分行說要我自己處理，請盡快回覆。希望今天能處理。
C02205,A0514,T01093,2024-06-15,客服您好，交易 T01093：外幣匯率跟官網公告差很多，請盡快回覆。已經是第二次反映了。
C02206,A0164,T00634,2024-11-02,客服您好，交易 T00634：看到通知還以為是詐騙，核對後是我在店裡刷的，想問怎麼取消。希望今天能處理。
C02207,A0080,T02511,2024-05-02,麻煩處理一下，交易 T02511：帳單上出現一筆我完全不認得的扣款。卡一直在我身上，請盡快把錢退回來。已經是第二次反映了。
C02208,A0735,T01406,2024-11-14,客服您好，交易 T01406：優惠回饋金一直沒有入帳，分行說要我自己處理，請協助處理。謝謝。
C02209,A0466,T00727,2024-08-08,交易 T00727：手續費沒有事先告知，客服電話一直打不通，請盡快回覆。希望今天能處理。
C02210,A0527,T00741,2024-09-08,客服您好，交易 T00741：我的卡被盜刷了。我已經報警了，請立刻凍結並退回款項。已經是第二次反映了。
C02211,A0215,T01917,2024-05-19,你好，交易 T01917：退款申請送出三週了還沒有消息，已經寫信反映過一次，希望可以退還。請盡快回覆。
C02212,A0791,T01570,2024-05-28,急件！交易 T01570：外幣匯率跟官網公告差很多，已經寫信反映過一次，請盡快回覆。請盡快回覆。
C02213,A0069,T02217,2024-01-15,急件！交易 T02217：退款申請送出三週了還沒有消息，已經寫信反映過一次，請協助處理。希望今天能處理。
C02214,A0045,T00369,2024-04-15,您好，交易 T00369：這筆不是我本人操作的。時間是半夜三點，我在睡覺，請立刻凍結並退回款項。希望今天能處理。
C02215,A0442,T02143,2024-05-18,麻煩處理一下，交易 T02143：一開始懷疑卡片被冒用，打電話問才知道是年費，但退款到現在還沒入帳。謝謝。
C02216,A0066,X00266,2024-04-04,麻煩處理一下，交易 X00266：這筆不是我本人操作的。密碼好像被別人拿走了，請當作冒用處理。麻煩了。
C02217,A0495,T01073,2024-12-13,客服您好，交易 T01073：付款時一直跳錯誤卻被扣了錢，客服電話一直打不通，請盡快回覆。希望今天能處理。
C02218,A0526,T02121,2024-01-27,急件！交易 T02121：實際扣款比收據多了一些，請協助處理。請盡快回覆。
C02219,A0264,T00105,2024-09-01,麻煩處理一下，交易 T00105：付款時一直跳錯誤卻被扣了錢，請重新計算。已經是第二次反映了。
C02220,A0734,T01386,2024-06-05,交易 T01386：一開始懷疑卡片被冒用，結果確認是我自己買的，希望可以減免。希望今天能處理。
C02221,A0027,X00009,2024-04-27,客服您好，交易 X00009：差點就當成盜用報案了，後來發現是家人刷的，只是金額跟發票不符。已經是第二次反映了。
C02222,A0058,X00084,2024-02-13,麻煩處理一下，交易 X00084：外幣匯率跟官網公告差很多，已經寫信反映過一次，請說明原因。
C02223,A0148,T01954,2024-12-16,您好，交易 T01954：這筆不是我本人操作的。家人都確認過沒用過這張卡，請協助爭議款處理。
C02224,A0528,T00804,2024-05-09,交易 T00804：外幣匯率跟官網公告差很多，分行說要我自己處理，希望可以退還。
C02225,A0200,T01354,2024-06-06,您好，交易 T01354：ATM 吐鈔少了一張但全額扣款，客服電話一直打不通，請盡快回覆。謝謝。
C02226,A0649,T01249,2024-02-25,想反映一件事：交易 T01249：實際扣款比收據多了一些，App 上查不到紀錄，請協助處理。
C02227,A0117,T01308,2024-02-08,交易 T01308：手續費沒有事先告知，App 上查不到紀錄，請重新計算。麻煩了。
C02228,A0438,T01736,2024-12-27,想反映一件事：交易 T01736：這個商家我從沒聽過，卻扣了我的錢。那天我人在國外，請當作冒用處理。謝謝。
C02229,A0058,X00183,2024-06-10,您好，交易 X00183：帳單上出現一筆我完全不認得的扣款。密碼好像被別人拿走了，請當作冒用處理。請盡快回覆。
C02230,A0020,T00406,2024-06-01,急件！交易 T00406：我的卡被盜刷了。時間是半夜三點，我在睡覺，請協助爭議款處理。請盡快回覆。
C02231,A0527,T01813,2024-09-26,交易 T01813：付款時一直跳錯誤卻被扣了錢，請重新計算。麻煩了。
C02232,A0071,T02551,2024-01-08,客服您好，交易 T02551：實際扣款比收據多了一些，已經寫信反映過一次，請重新計算。謝謝。
C02233,A0217,T02083,2024-12-22,想反映一件事：交易 T02083：ATM 吐鈔少了一張但全額扣款，客服電話一直打不通，請協助處理。謝謝。
C02234,A0029,T01611,2024-02-04,想反映一件事：交易 T01611：實際扣款比收據多了一些，分行說要我自己處理，請說明原因。麻煩了。
C02235,A0268,T01336,2024-04-21,您好，交易 T01336：這筆不是我本人操作的。家人都確認過沒用過這張卡，要求調查是誰用的。
C02236,A0222,T00563,2024-12-24,想反映一件事：交易 T00563：實際扣款比收據多了一些，客服電話一直打不通，請說明原因。已經是第二次反映了。
C02237,A0664,T00026,2024-12-20,你好，交易 T00026：外幣匯率跟官網公告差很多，請重新計算。謝謝。
C02238,A0673,T02310,2024-05-15,急件！交易 T02310：本來想申報陌生扣款，後來發現是家人刷的，想問怎麼取消。希望今天能處理。
C02239,A0419,T01842,2024-06-19,想反映一件事：交易 T01842：實際扣款比收據多了一些，已經寫信反映過一次，請重新計算。謝謝。
C02240,A0419,T02178,2024-03-02,交易 T02178：我從來沒有刷過這筆。密碼好像被別人拿走了，懷疑資料外洩，請查明。謝謝。
C02241,A0442,T01012,2024-02-18,你好，交易 T01012：看到通知還以為是詐騙，核對後是我在店裡刷的，想問能不能退。請盡快回覆。
C02242,A0309,T00247,2024-05-12,麻煩處理一下，交易 T00247：ATM 吐鈔少了一張但全額扣款，已經寫信反映過一次，請說明原因。謝謝。
C02243,A0344,T02583,2024-12-26,急件！交易 T02583：手續費沒有事先告知，已經寫信反映過一次，請說明原因。
C02244,A0645,T01418,2024-09-16,客服您好，交易 T01418：看到通知還以為是詐騙，查了才知道是自己訂閱的服務續約，但退款到現在還沒入帳。請盡快回覆。
C02245,A0515,T00658,2024-09-22,你好，交易 T00658：付款時一直跳錯誤卻被扣了錢，App 上查不到紀錄，希望可以退還。請盡快回覆。
C02246,A0013,X00052,2024-10-28,您好，交易 X00052：退款申請送出三週了還沒有消息，分行說要我自己處理，請協助處理。
C02247,A0476,T01099,2024-08-13,您好，交易 T01099：出現一筆陌生的消費。手機沒收到任何驗證碼，請當作冒用處理。謝謝。
C02248,A0320,T01760,2024-06-22,客服您好，交易 T01760：這個商家我從沒聽過，卻扣了我的錢。我已經報警了，請協助爭議款處理。希望今天能處理。
C02249,A0226,T00900,2024-06-15,急件！交易 T00900：這個商家我從沒聽過，卻扣了我的錢。家人都確認過沒用過這張卡，請協助爭議款處理。
C02250,A0258,T02035,2024-11-05,急件！交易 T02035：分期利息跟當初說的不一樣，分行說要我自己處理，請說明原因。已經是第二次反映了。
C02251,A0757,T00352,2024-11-14,您好，交易 T00352：ATM 吐鈔少了一張但全額扣款，App 上查不到紀錄，請協助處理。麻煩了。
C02252,A0678,T01252,2024-02-17,想反映一件事：交易 T01252：這筆交易未經我同意。卡一直在我身上，要求調查是誰用的。請盡快回覆。
C02253,A0050,T01770,2024-02-19,想反映一件事：交易 T01770：這筆不是我本人操作的。那天我人在國外，請當作冒用處理。謝謝。
C02254,A0497,T02463,2024-12-06,急件！交易 T02463：一開始懷疑卡片被冒用，核對後是我在店裡刷的，想問怎麼取消。請盡快回覆。
C02255,A0280,T01298,2024-12-22,你好，交易 T01298：我原本以為被盜刷，後來發現是家人刷的，希望可以減免。希望今天能處理。
C02256,A0785,T01423,2024-04-08,急件！交易 T01423：我從來沒有刷過這筆。時間是半夜三點，我在睡覺，請立刻凍結並退回款項。請盡快回覆。
C02257,A0147,T00204,2024-08-12,您好，交易 T00204：同一筆消費被扣了兩次，App 上查不到紀錄，希望可以退還。麻煩了。
C02258,A0058,X00317,2024-01-15,交易 X00317：這筆交易未經我同意。那天我人在國外，懷疑資料外洩，請查明。已經是第二次反映了。
C02259,A0230,T02001,2024-08-05,你好，交易 T02001：手續費沒有事先告知，客服電話一直打不通，請盡快回覆。請盡快回覆。
C02260,A0188,T00756,2024-08-18,麻煩處理一下，交易 T00756：實際扣款比收據多了一些，請協助處理。希望今天能處理。
C02261,A0746,T00371,2024-05-15,麻煩處理一下，交易 T00371：實際扣款比收據多了一些，已經寫信反映過一次，請說明原因。麻煩了。
C02262,A0647,T00848,2024-05-11,交易 T00848：我從來沒有刷過這筆。那天我人在國外，請當作冒用處理。謝謝。
C02263,A0159,T01439,2024-07-15,急件！交易 T01439：同一筆消費被扣了兩次，已經寫信反映過一次，請盡快回覆。請盡快回覆。
C02264,A0640,T02432,2024-07-15,您好，交易 T02432：付款時一直跳錯誤卻被扣了錢，已經寫信反映過一次，請重新計算。麻煩了。
C02265,A0579,T00249,2024-04-18,急件！交易 T00249：優惠回饋金一直沒有入帳，請說明原因。已經是第二次反映了。
C02266,A0413,T01002,2024-06-08,您好，交易 T01002：手續費沒有事先告知，分行說要我自己處理，請重新計算。謝謝。
C02267,A0013,X00306,2024-11-26,想反映一件事：交易 X00306：外幣匯率跟官網公告差很多，客服電話一直打不通，請盡快回覆。已經是第二次反映了。
C02268,A0505,T00429,2024-05-05,麻煩處理一下，交易 T00429：這個商家我從沒聽過，卻扣了我的錢。那天我人在國外，請當作冒用處理。請盡快回覆。
C02269,A0395,T01121,2024-08-14,你好，交易 T01121：這筆交易未經我同意。家人都確認過沒用過這張卡，請當作冒用處理。請盡快回覆。
C02270,A0664,T01786,2024-07-18,您好，交易 T01786：退款申請送出三週了還沒有消息，請說明原因。麻煩了。
C02271,A0608,T01445,2024-06-19,你好，交易 T01445：ATM 吐鈔少了一張但全額扣款，分行說要我自己處理，請重新計算。已經是第二次反映了。
C02272,A0392,T01427,2024-02-22,您好，交易 T01427：分期利息跟當初說的不一樣，已經寫信反映過一次，請協助處理。希望今天能處理。
C02273,A0710,T00098,2024-04-23,想反映一件事：交易 T00098：同一筆消費被扣了兩次，客服電話一直打不通，請盡快回覆。麻煩了。
C02274,A0391,T02385,2024-02-02,急件！交易 T02385：實際扣款比收據多了一些，分行說要我自己處理，請協助處理。謝謝。
C02275,A0057,T01889,2024-02-26,你好，交易 T01889：外幣匯率跟官網公告差很多，已經寫信反映過一次，請說明原因。已經是第二次反映了。
C02276,A0706,T01265,2024-08-03,急件！交易 T01265：外幣匯率跟官網公告差很多，App 上查不到紀錄，請重新計算。已經是第二次反映了。
C02277,A0446,T01466,2024-10-28,麻煩處理一下，交易 T01466：出現一筆陌生的消費。我已經報警了，請協助爭議款處理。已經是第二次反映了。
C02278,A0655,T01319,2024-01-11,想反映一件事：交易 T01319：手續費沒有事先告知，請說明原因。請盡快回覆。
C02279,A0111,T00012,2024-01-04,客服您好，交易 T00012：ATM 吐鈔少了一張但全額扣款，客服電話一直打不通，希望可以退還。請盡快回覆。
C02280,A0409,T01374,2024-01-14,客服您好，交易 T01374：優惠回饋金一直沒有入帳，App 上查不到紀錄，請說明原因。希望今天能處理。
C02281,A0286,T00475,2024-09-11,你好，交易 T00475：同一筆消費被扣了兩次，App 上查不到紀錄，請協助處理。希望今天能處理。
C02282,A0023,T02574,2024-02-24,想反映一件事：交易 T02574：外幣匯率跟官網公告差很多，分行說要我自己處理，請盡快回覆。謝謝。
C02283,A0025,T01607,2024-10-25,急件！交易 T01607：退款申請送出三週了還沒有消息，App 上查不到紀錄，希望可以退還。請盡快回覆。
C02284,A0058,X00166,2024-07-07,你好，交易 X00166：付款時一直跳錯誤卻被扣了錢，希望可以退還。麻煩了。
C02285,A0041,X00185,2024-10-28,你好，交易 X00185：實際扣款比收據多了一些，分行說要我自己處理，請重新計算。已經是第二次反映了。
C02286,A0587,T00058,2024-10-18,客服您好，交易 T00058：出現一筆陌生的消費。那天我人在國外，要求調查是誰用的。麻煩了。
C02287,A0041,X00232,2024-06-01,您好，交易 X00232：優惠回饋金一直沒有入帳，請說明原因。請盡快回覆。
C02288,A0599,T00023,2024-04-11,麻煩處理一下，交易 T00023：退款申請送出三週了還沒有消息，希望可以退還。請盡快回覆。
C02289,A0337,T01579,2024-08-23,客服您好，交易 T01579：這筆交易未經我同意。家人都確認過沒用過這張卡，請當作冒用處理。已經是第二次反映了。
C02290,A0131,T02093,2024-12-08,交易 T02093：這筆交易未經我同意。時間是半夜三點，我在睡覺，懷疑資料外洩，請查明。請盡快回覆。
C02291,A0103,T01627,2024-06-21,客服您好，交易 T01627：實際扣款比收據多了一些，希望可以退還。麻煩了。
C02292,A0722,T01182,2024-12-16,麻煩處理一下，交易 T01182：一開始懷疑卡片被冒用，核對後是我在店裡刷的，只是金額跟發票不符。已經是第二次反映了。
C02293,A0300,T01066,2024-07-04,交易 T01066：帳單上出現一筆我完全不認得的扣款。那天我人在國外，請當作冒用處理。
C02294,A0600,T02065,2024-04-17,麻煩處理一下，交易 T02065：外幣匯率跟官網公告差很多，App 上查不到紀錄，希望可以退還。已經是第二次反映了。
C02295,A0198,T02197,2024-09-24,想反映一件事：交易 T02197：同一筆消費被扣了兩次，App 上查不到紀錄，請說明原因。請盡快回覆。
C02296,A0563,T01486,2024-06-02,客服您好，交易 T01486：付款時一直跳錯誤卻被扣了錢，分行說要我自己處理，請重新計算。希望今天能處理。
C02297,A0460,T01101,2024-04-18,急件！交易 T01101：一開始懷疑卡片被冒用，打電話問才知道是年費，但退款到現在還沒入帳。請盡快回覆。
C02298,A0104,T01992,2024-06-06,交易 T01992：差點就當成盜用報案了，打電話問才知道是年費，只是想確認帳單日期。謝謝。
C02299,A0496,T02250,2024-05-26,你好，交易 T02250：同一筆消費被扣了兩次，請協助處理。
C02300,A0628,T00138,2024-06-12,客服您好，交易 T00138：有人冒用我的帳號付款。家人都確認過沒用過這張卡，請當作冒用處理。希望今天能處理。
C02301,A0433,T02097,2024-06-18,麻煩處理一下，交易 T02097：我原本以為被盜刷，後來想起是小孩用我手機買點數，只是金額跟發票不符。請盡快回覆。
C02302,A0406,T01491,2024-01-18,麻煩處理一下，交易 T01491：ATM 吐鈔少了一張但全額扣款，已經寫信反映過一次，請說明原因。謝謝。
C02303,A0787,T02321,2024-04-21,交易 T02321：看到通知還以為是詐騙，查了才知道是自己訂閱的服務續約，只是金額跟發票不符。希望今天能處理。
C02304,A0041,X00164,2024-09-27,麻煩處理一下，交易 X00164：這筆交易未經我同意。手機沒收到任何驗證碼，懷疑資料外洩，請查明。已經是第二次反映了。
C02305,A0763,T01657,2024-02-20,客服您好，交易 T01657：這筆不是我本人操作的。時間是半夜三點，我在睡覺，請盡快把錢退回來。請盡快回覆。
C02306,A0058,X00172,2024-01-23,客服您好，交易 X00172：退款申請送出三週了還沒有消息，App 上查不到紀錄，請說明原因。麻煩了。
C02307,A0651,T01057,2024-01-13,急件！交易 T01057：分期利息跟當初說的不一樣，App 上查不到紀錄，請盡快回覆。希望今天能處理。
C02308,A0571,T00678,2024-02-26,麻煩處理一下，交易 T00678：分期利息跟當初說的不一樣，已經寫信反映過一次，希望可以退還。希望今天能處理。
C02309,A0631,T02412,2024-10-24,急件！交易 T02412：一開始懷疑卡片被冒用，後來發現是家人刷的，只是想確認帳單日期。已經是第二次反映了。
C02310,A0527,T01841,2024-04-18,客服您好，交易 T01841：退款申請送出三週了還沒有消息，客服電話一直打不通，請說明原因。謝謝。
C02311,A0738,T01844,2024-10-05,客服您好，交易 T01844：本來想申報陌生扣款，後來想起是小孩用我手機買點數，想問能不能退。
C02312,A0625,T00366,2024-06-21,想反映一件事：交易 T00366：同一筆消費被扣了兩次，客服電話一直打不通，請協助處理。麻煩了。
C02313,A0251,T01162,2024-02-19,你好，交易 T01162：外幣匯率跟官網公告差很多，請協助處理。已經是第二次反映了。
C02314,A0414,T01184,2024-02-03,客服您好，交易 T01184：看到通知還以為是詐騙，查了才知道是自己訂閱的服務續約，希望可以減免。希望今天能處理。
C02315,A0165,T00466,2024-02-25,急件！交易 T00466：出現一筆陌生的消費。那天我人在國外，請立刻凍結並退回款項。麻煩了。
C02316,A0701,T00383,2024-02-18,急件！交易 T00383：分期利息跟當初說的不一樣，客服電話一直打不通，請盡快回覆。
C02317,A0631,T01322,2024-08-12,你好，交易 T01322：差點就當成盜用報案了，後來發現是家人刷的，想問能不能退。
C02318,A0773,T00321,2024-08-16,麻煩處理一下，交易 T00321：實際扣款比收據多了一些，App 上查不到紀錄，請重新計算。謝謝。
C02319,A0041,X00213,2024-10-12,麻煩處理一下，交易 X00213：帳單上出現一筆我完全不認得的扣款。我已經報警了，要求調查是誰用的。希望今天能處理。
C02320,A0058,X00278,2024-08-04,你好，交易 X00278：分期利息跟當初說的不一樣，已經寫信反映過一次，請重新計算。已經是第二次反映了。
C02321,A0621,T02420,2024-02-06,麻煩處理一下，交易 T02420：手續費沒有事先告知，分行說要我自己處理，請說明原因。希望今天能處理。
C02322,A0076,T02134,2024-03-10,急件！交易 T02134：朋友說這種扣款可能是盜刷，查了才知道是自己訂閱的服務續約，只是金額跟發票不符。請盡快回覆。
C02323,A0108,T01297,2024-12-28,交易 T01297：分期利息跟當初說的不一樣，已經寫信反映過一次，希望可以退還。麻煩了。
C02324,A0460,T01101,2024-04-18,客服您好，交易 T01101：退款申請送出三週了還沒有消息，客服電話一直打不通，希望可以退還。
C02325,A0663,T01153,2024-06-07,客服您好，交易 T01153：差點就當成盜用報案了，核對後是我在店裡刷的，想問能不能退。請盡快回覆。
C02326,A0114,T01528,2024-06-19,急件！交易 T01528：手續費沒有事先告知，客服電話一直打不通，請盡快回覆。謝謝。
C02327,A0422,T01702,2024-08-11,你好，交易 T01702：退款申請送出三週了還沒有消息，分行說要我自己處理，希望可以退還。已經是第二次反映了。
C02328,A0169,T02502,2024-05-03,想反映一件事：交易 T02502：外幣匯率跟官網公告差很多，分行說要我自己處理，請協助處理。麻煩了。
C02329,A0267,T02271,2024-06-21,麻煩處理一下，交易 T02271：同一筆消費被扣了兩次，已經寫信反映過一次，請盡快回覆。希望今天能處理。
C02330,A0411,T01409,2024-06-20,客服您好，交易 T01409：付款時一直跳錯誤卻被扣了錢，App 上查不到紀錄，請說明原因。希望今天能處理。
C02331,A0615,T01545,2024-03-01,麻煩處理一下，交易 T01545：這筆不是我本人操作的。家人都確認過沒用過這張卡，懷疑資料外洩，請查明。希望今天能處理。
C02332,A0013,X00089,2024-06-17,交易 X00089：看到通知還以為是詐騙，打電話問才知道是年費，希望可以減免。請盡快回覆。
C02333,A0319,T00334,2024-02-20,您好，交易 T00334：退款申請送出三週了還沒有消息，客服電話一直打不通，請重新計算。麻煩了。
C02334,A0041,X00213,2024-10-12,客服您好，交易 X00213：外幣匯率跟官網公告差很多，分行說要我自己處理，請盡快回覆。希望今天能處理。
C02335,A0013,X00110,2024-11-03,客服您好，交易 X00110：看到通知還以為是詐騙，結果確認是我自己買的，想問能不能退。希望今天能處理。
C02336,A0013,X00162,2024-02-23,你好，交易 X00162：ATM 吐鈔少了一張但全額扣款，App 上查不到紀錄，請說明原因。
C02337,A0714,T01500,2024-09-24,你好，交易 T01500：退款申請送出三週了還沒有消息，客服電話一直打不通，請重新計算。希望今天能處理。
C02338,A0670,T00347,2024-07-19,你好，交易 T00347：優惠回饋金一直沒有入帳，客服電話一直打不通，請說明原因。謝謝。
C02339,A0478,T01204,2024-01-24,交易 T01204：退款申請送出三週了還沒有消息，客服電話一直打不通，請重新計算。
C02340,A0620,T01656,2024-02-06,急件！交易 T01656：一開始懷疑卡片被冒用，查了才知道是自己訂閱的服務續約，只是金額跟發票不符。麻煩了。
C02341,A0217,T02550,2024-04-18,你好，交易 T02550：分期利息跟當初說的不一樣，分行說要我自己處理，請盡快回覆。請盡快回覆。
C02342,A0059,T01001,2024-11-25,你好，交易 T01001：看到通知還以為是詐騙，後來發現是家人刷的，只是想確認帳單日期。
C02343,A0352,T00166,2024-11-27,你好，交易 T00166：手續費沒有事先告知，請盡快回覆。希望今天能處理。
C02344,A0041,X00016,2024-07-06,麻煩處理一下，交易 X00016：我原本以為被盜刷，打電話問才知道是年費，想問怎麼取消。請盡快回覆。
C02345,A0105,T00995,2024-09-17,客服您好，交易 T00995：外幣匯率跟官網公告差很多，App 上查不到紀錄，請協助處理。希望今天能處理。
C02346,A0061,T01228,2024-03-03,交易 T01228：付款時一直跳錯誤卻被扣了錢，分行說要我自己處理，請重新計算。麻煩了。
C02347,A0066,X00310,2024-03-13,急件！交易 X00310：退款申請送出三週了還沒有消息，分行說要我自己處理，希望可以退還。請盡快回覆。
C02348,A0017,T01561,2024-06-27,急件！交易 T01561：分期利息跟當初說的不一樣，客服電話一直打不通，請重新計算。希望今天能處理。
C02349,A0753,T00152,2024-10-27,您好，交易 T00152：手續費沒有事先告知，客服電話一直打不通，請說明原因。
C02350,A0077,T01822,2024-03-27,想反映一件事：交易 T01822：分期利息跟當初說的不一樣，客服電話一直打不通，請重新計算。請盡快回覆。
C02351,A0217,T02496,2024-11-07,麻煩處理一下，交易 T02496：優惠回饋金一直沒有入帳，App 上查不到紀錄，請協助處理。請盡快回覆。
C02352,A0313,T00394,2024-11-03,急件！交易 T00394：實際扣款比收據多了一些，客服電話一直打不通，請說明原因。請盡快回覆。
C02353,A0655,T00541,2024-07-14,交易 T00541：朋友說這種扣款可能是盜刷，打電話問才知道是年費，只是金額跟發票不符。請盡快回覆。
C02354,A0582,T01365,2024-09-24,麻煩處理一下，交易 T01365：外幣匯率跟官網公告差很多，已經寫信反映過一次，請重新計算。已經是第二次反映了。
C02355,A0224,T02453,2024-07-11,客服您好，交易 T02453：一開始懷疑卡片被冒用，後來想起是小孩用我手機買點數，想問怎麼取消。已經是第二次反映了。
C02356,A0683,T01994,2024-11-11,客服您好，交易 T01994：同一筆消費被扣了兩次，請說明原因。希望今天能處理。
C02357,A0748,T02369,2024-05-09,您好，交易 T02369：退款申請送出三週了還沒有消息，已經寫信反映過一次，請盡快回覆。麻煩了。
C02358,A0041,X00264,2024-01-14,客服您好，交易 X00264：有人冒用我的帳號付款。我已經報警了，請當作冒用處理。已經是第二次反映了。
C02359,A0611,T00439,2024-03-03,你好，交易 T00439：退款申請送出三週了還沒有消息，分行說要我自己處理，請盡快回覆。請盡快回覆。
C02360,A0396,T00636,2024-03-08,客服您好，交易 T00636：外幣匯率跟官網公告差很多，已經寫信反映過一次，請重新計算。已經是第二次反映了。
C02361,A0004,T00030,2024-09-07,你好，交易 T00030：ATM 吐鈔少了一張但全額扣款，請說明原因。希望今天能處理。
C02362,A0770,T02196,2024-03-05,急件！交易 T02196：付款時一直跳錯誤卻被扣了錢，App 上查不到紀錄，請協助處理。謝謝。
C02363,A0787,T01962,2024-11-22,麻煩處理一下，交易 T01962：手續費沒有事先告知，已經寫信反映過一次，希望可以退還。已經是第二次反映了。
C02364,A0393,T00333,2024-04-26,客服您好，交易 T00333：優惠回饋金一直沒有入帳，已經寫信反映過一次，希望可以退還。希望今天能處理。
C02365,A0003,T00623,2024-09-15,麻煩處理一下，交易 T00623：看到通知還以為是詐騙，核對後是我在店裡刷的，但店員多打了一個零。已經是第二次反映了。
C02366,A0032,T01619,2024-11-01,想反映一件事：交易 T01619：手續費沒有事先告知，客服電話一直打不通，請協助處理。
C02367,A0142,T02541,2024-03-25,您好，交易 T02541：朋友說這種扣款可能是盜刷，結果確認是我自己買的，想問能不能退。
C02368,A0424,T02599,2024-10-25,急件！交易 T02599：退款申請送出三週了還沒有消息，App 上查不到紀錄，請協助處理。謝謝。
C02369,A0681,T00304,2024-11-19,想反映一件事：交易 T00304：外幣匯率跟官網公告差很多，已經寫信反映過一次，希望可以退還。已經是第二次反映了。
C02370,A0312,T01801,2024-06-21,你好，交易 T01801：分期利息跟當初說的不一樣，分行說要我自己處理，希望可以退還。麻煩了。
C02371,A0515,T01157,2024-12-09,麻煩處理一下，交易 T01157：我的卡被盜刷了。卡一直在我身上，請當作冒用處理。請盡快回覆。
C02372,A0272,T02103,2024-12-20,交易 T02103：出現一筆陌生的消費。手機沒收到任何驗證碼，要求調查是誰用的。請盡快回覆。
C02373,A0597,T02109,2024-08-24,客服您好，交易 T02109：優惠回饋金一直沒有入帳，App 上查不到紀錄，希望可以退還。希望今天能處理。
C02374,A0728,T00496,2024-01-05,急件！交易 T00496：同一筆消費被扣了兩次，客服電話一直打不通，請說明原因。
C02375,A0547,T00363,2024-05-06,急件！交易 T00363：這筆交易未經我同意。我已經報警了，請盡快把錢退回來。希望今天能處理。
C02376,A0687,T02156,2024-08-03,您好，交易 T02156：帳單上出現一筆我完全不認得的扣款。時間是半夜三點，我在睡覺，要求調查是誰用的。
C02377,A0617,T00630,2024-04-08,麻煩處理一下，交易 T00630：一開始懷疑卡片被冒用，打電話問才知道是年費，希望可以減免。已經是第二次反映了。
C02378,A0308,T00104,2024-12-23,你好，交易 T00104：退款申請送出三週了還沒有消息，請協助處理。希望今天能處理。
C02379,A0058,X00336,2024-10-27,交易 X00336：我原本以為被盜刷，查了才知道是自己訂閱的服務續約，只是想確認帳單日期。麻煩了。
C02380,A0434,T01122,2024-04-24,交易 T01122：一開始懷疑卡片被冒用，後來發現是家人刷的，只是金額跟發票不符。謝謝。
C02381,A0058,X00272,2024-08-10,你好，交易 X00272：我的卡被盜刷了。時間是半夜三點，我在睡覺，請盡快把錢退回來。謝謝。
C02382,A0196,T01751,2024-06-26,想反映一件事：交易 T01751：ATM 吐鈔少了一張但全額扣款，已經寫信反映過一次，請重新計算。麻煩了。
C02383,A0166,T01633,2024-11-05,想反映一件事：交易 T01633：實際扣款比收據多了一些，請說明原因。
C02384,A0460,T01661,2024-05-19,你好，交易 T01661：出現一筆陌生的消費。密碼好像被別人拿走了，請協助爭議款處理。請盡快回覆。
C02385,A0029,T00650,2024-10-13,急件！交易 T00650：外幣匯率跟官網公告差很多，客服電話一直打不通，希望可以退還。希望今天能處理。
C02386,A0796,T00217,2024-06-01,想反映一件事：交易 T00217：實際扣款比收據多了一些，App 上查不到紀錄，請協助處理。已經是第二次反映了。
C02387,A0351,T01241,2024-01-17,交易 T01241：同一筆消費被扣了兩次，分行說要我自己處理，請盡快回覆。
C02388,A0220,T00252,2024-07-05,您好，交易 T00252：出現一筆陌生的消費。那天我人在國外，請協助爭議款處理。
C02389,A0228,T02337,2024-09-27,麻煩處理一下，交易 T02337：分期利息跟當初說的不一樣，請重新計算。
C02390,A0222,T01515,2024-12-07,你好，交易 T01515：我從來沒有刷過這筆。手機沒收到任何驗證碼，請協助爭議款處理。麻煩了。
C02391,A0581,T00663,2024-12-12,交易 T00663：外幣匯率跟官網公告差很多，已經寫信反映過一次，希望可以退還。麻煩了。
C02392,A0553,T01540,2024-02-18,急件！交易 T01540：差點就當成盜用報案了，核對後是我在店裡刷的，只是金額跟發票不符。希望今天能處理。
C02393,A0337,T00632,2024-09-10,交易 T00632：ATM 吐鈔少了一張但全額扣款，請盡快回覆。已經是第二次反映了。
C02394,A0006,T02169,2024-04-07,想反映一件事：交易 T02169：ATM 吐鈔少了一張但全額扣款，分行說要我自己處理，請說明原因。已經是第二次反映了。
C02395,A0013,X00263,2024-04-21,麻煩處理一下，交易 X00263：手續費沒有事先告知，App 上查不到紀錄，希望可以退還。
C02396,A0188,T02573,2024-12-25,急件！交易 T02573：實際扣款比收據多了一些，請協助處理。請盡快回覆。
C02397,A0553,T00509,2024-05-06,麻煩處理一下，交易 T00509：我的卡被盜刷了。那天我人在國外，請立刻凍結並退回款項。已經是第二次反映了。
C02398,A0058,X00115,2024-02-05,急件！交易 X00115：我原本以為被盜刷，結果確認是我自己買的，只是金額跟發票不符。麻煩了。
C02399,A0547,T01281,2024-03-02,您好，交易 T01281：差點就當成盜用報案了，查了才知道是自己訂閱的服務續約，只是想確認帳單日期。希望今天能處理。
C02400,A0151,T01590,2024-07-11,想反映一件事：交易 T01590：我的卡被盜刷了。時間是半夜三點，我在睡覺，請協助爭議款處理。已經是第二次反映了。
C02401,A0392,T00543,2024-11-26,您好，交易 T00543：退款申請送出三週了還沒有消息，已經寫信反映過一次，請說明原因。已經是第二次反映了。
C02402,A0650,T01263,2024-11-04,麻煩處理一下，交易 T01263：朋友說這種扣款可能是盜刷，查了才知道是自己訂閱的服務續約，但退款到現在還沒入帳。麻煩了。
C02403,A0095,T02040,2024-10-12,你好，交易 T02040：實際扣款比收據多了一些，App 上查不到紀錄，請重新計算。謝謝。
C02404,A0597,T01016,2024-10-01,急件！交易 T01016：這筆交易未經我同意。時間是半夜三點，我在睡覺，請立刻凍結並退回款項。謝謝。
C02405,A0237,T00820,2024-04-27,客服您好，交易 T00820：同一筆消費被扣了兩次，分行說要我自己處理，請盡快回覆。謝謝。
C02406,A0594,T00130,2024-09-28,急件！交易 T00130：這個商家我從沒聽過，卻扣了我的錢。密碼好像被別人拿走了，懷疑資料外洩，請查明。希望今天能處理。
C02407,A0417,T00148,2024-12-23,急件！交易 T00148：實際扣款比收據多了一些，分行說要我自己處理，請說明原因。謝謝。
C02408,A0314,T00651,2024-01-21,急件！交易 T00651：分期利息跟當初說的不一樣，已經寫信反映過一次，希望可以退還。
C02409,A0237,T00788,2024-04-07,您好，交易 T00788：實際扣款比收據多了一些，客服電話一直打不通，請協助處理。
C02410,A0058,X00027,2024-06-15,交易 X00027：同一筆消費被扣了兩次，已經寫信反映過一次，請重新計算。已經是第二次反映了。
C02411,A0640,T02432,2024-07-15,交易 T02432：ATM 吐鈔少了一張但全額扣款，客服電話一直打不通，請盡快回覆。
C02412,A0027,X00076,2024-11-21,你好，交易 X00076：同一筆消費被扣了兩次，請重新計算。請盡快回覆。
C02413,A0027,X00054,2024-07-08,客服您好，交易 X00054：我原本以為被盜刷，打電話問才知道是年費，但店員多打了一個零。請盡快回覆。
C02414,A0718,T01982,2024-06-24,客服您好，交易 T01982：ATM 吐鈔少了一張但全額扣款，分行說要我自己處理，請盡快回覆。謝謝。
C02415,A0676,T00313,2024-02-24,急件！交易 T00313：一開始懷疑卡片被冒用，後來想起是小孩用我手機買點數，但店員多打了一個零。已經是第二次反映了。
C02416,A0738,T00283,2024-06-22,麻煩處理一下，交易 T00283：有人冒用我的帳號付款。我已經報警了，懷疑資料外洩，請查明。
C02417,A0789,T02084,2024-05-10,您好，交易 T02084：出現一筆陌生的消費。家人都確認過沒用過這張卡，懷疑資料外洩，請查明。請盡快回覆。
C02418,A0329,T00550,2024-10-16,麻煩處理一下，交易 T00550：付款時一直跳錯誤卻被扣了錢，App 上查不到紀錄，請盡快回覆。已經是第二次反映了。
C02419,A0758,T00728,2024-02-11,客服您好，交易 T00728：一開始懷疑卡片被冒用，打電話問才知道是年費，只是金額跟發票不符。請盡快回覆。
C02420,A0444,T02264,2024-07-21,急件！交易 T02264：外幣匯率跟官網公告差很多，分行說要我自己處理，請盡快回覆。已經是第二次反映了。
C02421,A0253,T02513,2024-04-27,客服您好，交易 T02513：實際扣款比收據多了一些，客服電話一直打不通，請協助處理。
C02422,A0058,X00278,2024-08-04,客服您好，交易 X00278：付款時一直跳錯誤卻被扣了錢，請盡快回覆。請盡快回覆。
C02423,A0060,T00932,2024-07-10,你好，交易 T00932：外幣匯率跟官網公告差很多，App 上查不到紀錄，請重新計算。請盡快回覆。
C02424,A0721,T02302,2024-07-17,麻煩處理一下，交易 T02302：差點就當成盜用報案了，結果確認是我自己買的，但店員多打了一個零。麻煩了。
C02425,A0041,X00062,2024-10-14,客服您好，交易 X00062：ATM 吐鈔少了一張但全額扣款，已經寫信反映過一次，請盡快回覆。
C02426,A0394,T01857,2024-04-28,你好，交易 T01857：實際扣款比收據多了一些，App 上查不到紀錄，希望可以退還。
C02427,A0386,T01845,2024-12-03,您好，交易 T01845：優惠回饋金一直沒有入帳，請盡快回覆。已經是第二次反映了。
C02428,A0027,X00092,2024-01-06,你好，交易 X00092：同一筆消費被扣了兩次，希望可以退還。謝謝。
C02429,A0122,T00091,2024-02-06,客服您好，交易 T00091：這個商家我從沒聽過，卻扣了我的錢。我已經報警了，請立刻凍結並退回款項。
C02430,A0058,X00269,2024-11-14,想反映一件事：交易 X00269：付款時一直跳錯誤卻被扣了錢，客服電話一直打不通，請盡快回覆。希望今天能處理。
C02431,A0375,T01694,2024-11-09,客服您好，交易 T01694：我的卡被盜刷了。家人都確認過沒用過這張卡，請當作冒用處理。請盡快回覆。
C02432,A0714,T02273,2024-01-11,你好，交易 T02273：手續費沒有事先告知，已經寫信反映過一次，希望可以退還。
C02433,A0533,T01520,2024-10-18,麻煩處理一下，交易 T01520：優惠回饋金一直沒有入帳，請盡快回覆。麻煩了。
C02434,A0084,T00557,2024-01-02,交易 T00557：實際扣款比收據多了一些，已經寫信反映過一次，請重新計算。已經是第二次反映了。
C02435,A0298,T00128,2024-06-10,你好，交易 T00128：退款申請送出三週了還沒有消息，分行說要我自己處理，請說明原因。麻煩了。
C02436,A0013,X00247,2024-11-15,您好，交易 X00247：優惠回饋金一直沒有入帳，客服電話一直打不通，請協助處理。謝謝。
C02437,A0033,T00414,2024-01-19,想反映一件事：交易 T00414：這筆交易未經我同意。手機沒收到任何驗證碼，請當作冒用處理。已經是第二次反映了。
C02438,A0567,T01554,2024-01-26,急件！交易 T01554：優惠回饋金一直沒有入帳，分行說要我自己處理，請協助處理。已經是第二次反映了。
C02439,A0098,T00500,2024-01-28,您好，交易 T00500：分期利息跟當初說的不一樣，客服電話一直打不通，請盡快回覆。麻煩了。
C02440,A0752,T00646,2024-06-21,你好，交易 T00646：退款申請送出三週了還沒有消息，分行說要我自己處理，希望可以退還。
C02441,A0635,T00000,2024-07-18,麻煩處理一下，交易 T00000：我從來沒有刷過這筆。那天我人在國外，請當作冒用處理。已經是第二次反映了。
C02442,A0501,T01680,2024-01-24,麻煩處理一下，交易 T01680：有人冒用我的帳號付款。家人都確認過沒用過這張卡，請盡快把錢退回來。
C02443,A0394,T00222,2024-07-25,想反映一件事：交易 T00222：分期利息跟當初說的不一樣，App 上查不到紀錄，請盡快回覆。麻煩了。
C02444,A0569,T00587,2024-05-17,你好，交易 T00587：退款申請送出三週了還沒有消息，App 上查不到紀錄，請說明原因。
C02445,A0058,X00215,2024-09-20,交易 X00215：優惠回饋金一直沒有入帳，分行說要我自己處理，請協助處理。請盡快回覆。
C02446,A0058,X00132,2024-01-24,您好，交易 X00132：這筆交易未經我同意。那天我人在國外，請當作冒用處理。
C02447,A0412,T01814,2024-10-06,你好，交易 T01814：同一筆消費被扣了兩次，已經寫信反映過一次，請說明原因。希望今天能處理。
C02448,A0769,T00689,2024-12-22,想反映一件事：交易 T00689：實際扣款比收據多了一些，分行說要我自己處理，請說明原因。謝謝。
C02449,A0066,X00126,2024-10-17,你好，交易 X00126：我從來沒有刷過這筆。手機沒收到任何驗證碼，請協助爭議款處理。
C02450,A0219,T01895,2024-10-22,您好，交易 T01895：差點就當成盜用報案了，查了才知道是自己訂閱的服務續約，希望可以減免。麻煩了。
C02451,A0784,T02025,2024-06-08,你好，交易 T02025：這個商家我從沒聽過，卻扣了我的錢。家人都確認過沒用過這張卡，懷疑資料外洩，請查明。
C02452,A0026,T02394,2024-03-14,麻煩處理一下，交易 T02394：手續費沒有事先告知，客服電話一直打不通，請重新計算。已經是第二次反映了。
C02453,A0796,T02037,2024-02-10,想反映一件事：交易 T02037：我的卡被盜刷了。家人都確認過沒用過這張卡，要求調查是誰用的。已經是第二次反映了。
C02454,A0752,T02461,2024-11-25,客服您好，交易 T02461：優惠回饋金一直沒有入帳，客服電話一直打不通，希望可以退還。
C02455,A0299,T00603,2024-07-25,你好，交易 T00603：帳單上出現一筆我完全不認得的扣款。我已經報警了，請立刻凍結並退回款項。麻煩了。
C02456,A0013,X00306,2024-11-26,想反映一件事：交易 X00306：付款時一直跳錯誤卻被扣了錢，已經寫信反映過一次，請協助處理。已經是第二次反映了。
C02457,A0710,T00098,2024-04-23,客服您好，交易 T00098：手續費沒有事先告知，分行說要我自己處理，希望可以退還。麻煩了。
C02458,A0079,T00535,2024-05-10,急件！交易 T00535：有人冒用我的帳號付款。我已經報警了，請當作冒用處理。請盡快回覆。
C02459,A0635,T00675,2024-05-13,交易 T00675：分期利息跟當初說的不一樣，請重新計算。希望今天能處理。
C02460,A0731,T01195,2024-05-08,急件！交易 T01195：朋友說這種扣款可能是盜刷，查了才知道是自己訂閱的服務續約，但退款到現在還沒入帳。已經是第二次反映了。
C02461,A0642,T00010,2024-02-12,麻煩處理一下，交易 T00010：我原本以為被盜刷，後來想起是小孩用我手機買點數，只是金額跟發票不符。請盡快回覆。
C02462,A0678,T01252,2024-02-17,交易 T01252：外幣匯率跟官網公告差很多，分行說要我自己處理，請說明原因。已經是第二次反映了。
C02463,A0454,T02330,2024-06-19,您好，交易 T02330：我的卡被盜刷了。手機沒收到任何驗證碼，請當作冒用處理。
C02464,A0259,T00626,2024-03-25,麻煩處理一下，交易 T00626：同一筆消費被扣了兩次，已經寫信反映過一次，請協助處理。
C02465,A0027,X00131,2024-02-03,麻煩處理一下，交易 X00131：同一筆消費被扣了兩次，客服電話一直打不通，請說明原因。麻煩了。
C02466,A0106,T00830,2024-02-21,您好，交易 T00830：手續費沒有事先告知，請重新計算。
C02467,A0255,T02344,2024-10-02,交易 T02344：付款時一直跳錯誤卻被扣了錢，App 上查不到紀錄，請協助處理。希望今天能處理。
C02468,A0058,X00282,2024-07-11,急件！交易 X00282：優惠回饋金一直沒有入帳，App 上查不到紀錄，請協助處理。希望今天能處理。
C02469,A0153,T02054,2024-04-18,客服您好，交易 T02054：出現一筆陌生的消費。密碼好像被別人拿走了，要求調查是誰用的。麻煩了。
C02470,A0027,X00056,2024-06-12,你好，交易 X00056：實際扣款比收據多了一些，請協助處理。希望今天能處理。
C02471,A0187,T02331,2024-03-03,你好，交易 T02331：同一筆消費被扣了兩次，已經寫信反映過一次，希望可以退還。請盡快回覆。
C02472,A0142,T02117,2024-06-25,想反映一件事：交易 T02117：出現一筆陌生的消費。那天我人在國外，懷疑資料外洩，請查明。希望今天能處理。
C02473,A0344,T00702,2024-09-26,你好，交易 T00702：實際扣款比收據多了一些，App 上查不到紀錄，希望可以退還。謝謝。
C02474,A0054,T00807,2024-12-21,急件！交易 T00807：分期利息跟當初說的不一樣，客服電話一直打不通，請盡快回覆。希望今天能處理。
C02475,A0026,T01987,2024-10-13,交易 T01987：付款時一直跳錯誤卻被扣了錢，App 上查不到紀錄，請盡快回覆。麻煩了。
C02476,A0655,T01319,2024-01-11,麻煩處理一下，交易 T01319：同一筆消費被扣了兩次，分行說要我自己處理，希望可以退還。謝謝。
C02477,A0148,T00220,2024-10-25,您好，交易 T00220：這筆交易未經我同意。家人都確認過沒用過這張卡，請當作冒用處理。麻煩了。
C02478,A0316,T01558,2024-05-17,您好，交易 T01558：實際扣款比收據多了一些，客服電話一直打不通，希望可以退還。希望今天能處理。
C02479,A0392,T01632,2024-05-27,你好，交易 T01632：手續費沒有事先告知，客服電話一直打不通，請協助處理。已經是第二次反映了。
C02480,A0453,T01221,2024-09-16,您好，交易 T01221：優惠回饋金一直沒有入帳，App 上查不到紀錄，請重新計算。請盡快回覆。
C02481,A0502,T02466,2024-06-25,客服您好，交易 T02466：實際扣款比收據多了一些，分行說要我自己處理，希望可以退還。請盡快回覆。
C02482,A0650,T01677,2024-03-04,你好，交易 T01677：退款申請送出三週了還沒有消息，已經寫信反映過一次，請協助處理。
C02483,A0041,X00046,2024-09-26,交易 X00046：這個商家我從沒聽過，卻扣了我的錢。卡一直在我身上，請當作冒用處理。
C02484,A0240,T02424,2024-11-15,您好，交易 T02424：這筆不是我本人操作的。手機沒收到任何驗證碼，請當作冒用處理。已經是第二次反映了。
C02485,A0678,T01899,2024-11-27,客服您好，交易 T01899：差點就當成盜用報案了，結果確認是我自己買的，只是想確認帳單日期。已經是第二次反映了。
C02486,A0058,X00130,2024-05-07,麻煩處理一下，交易 X00130：我原本以為被盜刷，後來想起是小孩用我手機買點數，但店員多打了一個零。希望今天能處理。
C02487,A0419,T00310,2024-07-06,你好，交易 T00310：朋友說這種扣款可能是盜刷，查了才知道是自己訂閱的服務續約，只是想確認帳單日期。
C02488,A0726,T01248,2024-04-22,急件！交易 T01248：實際扣款比收據多了一些，請重新計算。麻煩了。
C02489,A0102,T00165,2024-10-24,急件！交易 T00165：帳單上出現一筆我完全不認得的扣款。卡一直在我身上，請盡快把錢退回來。請盡快回覆。
C02490,A0611,T01332,2024-11-22,客服您好，交易 T01332：差點就當成盜用報案了，核對後是我在店裡刷的，希望可以減免。希望今天能處理。
C02491,A0034,T01980,2024-03-13,急件！交易 T01980：分期利息跟當初說的不一樣，分行說要我自己處理，請盡快回覆。已經是第二次反映了。
C02492,A0033,T00851,2024-08-22,麻煩處理一下，交易 T00851：ATM 吐鈔少了一張但全額扣款，分行說要我自己處理，請說明原因。
C02493,A0328,T02009,2024-01-16,交易 T02009：退款申請送出三週了還沒有消息，請說明原因。請盡快回覆。
C02494,A0247,T01766,2024-11-02,交易 T01766：優惠回饋金一直沒有入帳，請重新計算。謝謝。
C02495,A0353,T02087,2024-08-12,客服您好，交易 T02087：付款時一直跳錯誤卻被扣了錢，App 上查不到紀錄，請盡快回覆。麻煩了。
C02496,A0798,T00525,2024-02-04,急件！交易 T00525：同一筆消費被扣了兩次，分行說要我自己處理，請協助處理。
C02497,A0131,T00403,2024-09-22,麻煩處理一下，交易 T00403：分期利息跟當初說的不一樣，App 上查不到紀錄，請重新計算。已經是第二次反映了。
C02498,A0442,T00445,2024-05-15,您好，交易 T00445：外幣匯率跟官網公告差很多，已經寫信反映過一次，請協助處理。謝謝。
C02499,A0755,T01771,2024-04-06,交易 T01771：這筆交易未經我同意。時間是半夜三點，我在睡覺，請協助爭議款處理。已經是第二次反映了。
