txn_id,ts,account,amount,channel
T00000,2024-07-18T17:59:00,A0635,6331.64,branch
T00001,2024-07-03T11:01:00,A0118,30458.69,app
T00002,2024-05-09T18:54:00,A0041,967.22,app
T00003,2024-05-03T19:26:00,A0535,8332.54,web
T00004,2024-05-10T10:34:00,A0581,12487.25,atm
T00005,2024-05-13T11:55:00,A0629,3853.13,app
T00006,2024-09-25T15:22:00,A0461,9300.07,web
T00007,2024-06-08T10:34:00,A0014,30766.42,atm
T00008,2024-06-23T18:49:00,A0789,19012.93,atm
T00009,2024-07-19T14:54:00,A0167,30786.29,branch
T00010,2024-02-12T15:48:00,A0642,3724.21,web
T00011,2024-03-17T17:35:00,A0301,27034.60,branch
T00012,2024-01-04T15:40:00,A0111,19911.83,web
T00013,2024-01-27T15:09:00,A0069,28810.89,atm
T00014,2024-11-03T10:06:00,A0037,24167.94,atm
T00015,2024-09-04T14:04:00,A0222,13058.00,atm
T00016,2024-12-23T11:22:00,A0219,23373.80,atm
T00017,2024-05-21T17:21:00,A0023,23060.43,branch
T00018,2024-11-14T11:58:00,A0005,41900.04,branch
T00019,2024-10-07T15:22:00,A0554,41963.12,app
T00020,2024-05-02T18:46:00,A0687,3210.78,atm
T00021,2024-02-28T18:01:00,A0130,13273.15,app
T00022,2024-11-19T16:13:00,A0271,37192.47,atm
T00023,2024-04-11T20:42:00,A0599,18151.99,web
T00024,2024-03-25T19:06:00,A0180,13739.15,atm
T00025,2024-11-03T14:06:00,A0018,27993.24,web
T00026,2024-12-20T15:20:00,A0664,23194.98,app
T00027,2024-08-08T17:13:00,A0268,25996.60,atm
T00028,2024-06-10T11:42:00,A0426,34347.19,app
T00029,2024-08-11T20:45:00,A0580,9516.80,branch
T00030,2024-09-07T18:16:00,A0004,26157.05,branch
T00031,2024-01-19T15:37:00,A0788,41442.13,branch
T00032,2024-03-07T17:10:00,A0739,11022.87,web
T00033,2024-04-07T09:47:00,A0698,1849.25,web
T00034,2024-05-02T11:27:00,A0266,3048.88,branch
T00035,2024-10-05T20:59:00,A0371,4623.73,web
T00036,2024-06-02T11:01:00,A0340,31983.01,app
T00037,2024-09-11T19:27:00,A0141,33345.20,web
T00038,2024-02-21T09:02:00,A0589,30221.97,web
T00039,2024-09-06T18:29:00,A0149,6796.22,app
T00040,2024-04-23T19:42:00,A0270,14219.92,web
T00041,2024-04-03T17:34:00,A0749,33882.37,branch
T00042,2024-08-10T14:33:00,A0056,38197.15,atm
T00043,2024-05-28T17:02:00,A0542,21774.09,app
T00044,2024-03-13T11:31:00,A0463,23003.05,branch
T00045,2024-02-19T15:08:00,A0251,20312.44,branch
T00046,2024-12-25T16:06:00,A0492,1422.97,branch
T00047,2024-05-18T15:16:00,A0650,6776.09,branch
T00048,2024-06-22T17:08:00,A0369,25688.59,web
T00049,2024-02-02T19:02:00,A0704,21605.27,app
T00050,2024-12-03T15:49:00,A0109,11205.99,app
T00051,2024-11-26T17:40:00,A0343,14748.57,web
T00052,2024-03-13T20:52:00,A0144,17976.97,atm
T00053,2024-03-23T20:33:00,A0001,35555.15,atm
T00054,2024-08-17T15:58:00,A0033,41280.18,web
T00055,2024-01-26T14:38:00,A0490,10958.25,branch
T00056,2024-07-17T20:07:00,A0722,20105.04,atm
T00057,2024-05-02T17:38:00,A0645,41610.47,atm
T00058,2024-10-18T20:40:00,A0587,28593.61,atm
T00059,2024-02-17T16:04:00,A0515,9888.54,app
T00060,2024-09-26T09:16:00,A0634,38630.88,branch
T00061,2024-10-24T10:53:00,A0410,37408.31,app
T00062,2024-06-27T11:41:00,A0592,38837.35,atm
T00063,2024-06-17T20:38:00,A0322,12559.16,atm
T00064,2024-11-09T14:56:00,A0768,27235.27,branch
T00065,2024-12-11T20:31:00,A0129,15815.31,branch
T00066,2024-07-20T14:16:00,A0448,993.63,web
T00067,2024-05-06T14:45:00,A0496,38490.68,atm
T00068,2024-11-10T15:13:00,A0015,20736.39,app
T00069,2024-07-16T18:03:00,A0231,17875.33,app
T00070,2024-10-11T10:33:00,A0075,17964.77,web
T00071,2024-07-26T18:39:00,A0190,24021.66,web
T00072,2024-06-08T15:23:00,A0183,6449.90,app
T00073,2024-01-01T20:42:00,A0241,20379.92,app
T00074,2024-09-13T15:54:00,A0765,28026.16,branch
T00075,2024-08-27T17:23:00,A0541,40181.92,app
T00076,2024-05-13T14:17:00,A0093,9582.18,app
T00077,2024-12-09T13:31:00,A0603,19586.45,app
T00078,2024-04-28T10:09:00,A0053,37018.25,atm
T00079,2024-01-02T14:23:00,A0651,16880.59,app
T00080,2024-09-08T20:18:00,A0121,19882.93,app
T00081,2024-01-14T15:10:00,A0662,39519.63,app
T00082,2024-02-27T13:15:00,A0171,29134.67,app
T00083,2024-07-19T14:31:00,A0380,14600.83,branch
T00084,2024-10-08T10:33:00,A0790,38501.62,app
T00085,2024-05-25T15:21:00,A0290,38203.39,branch
T00086,2024-10-15T11:36:00,A0456,21683.37,branch
T00087,2024-12-02T13:29:00,A0605,41895.16,web
T00088,2024-06-18T15:18:00,A0366,25839.76,atm
T00089,2024-09-17T14:42:00,A0359,23644.33,atm
T00090,2024-10-26T18:04:00,A0214,35345.68,web
T00091,2024-02-06T15:03:00,A0122,20934.38,app
T00092,2024-09-07T13:32:00,A0434,25841.86,atm
T00093,2024-01-19T16:05:00,A0250,9319.51,web
T00094,2024-04-05T17:26:00,A0376,28496.28,web
T00095,2024-06-24T20:35:00,A0139,17130.38,web
T00096,2024-06-04T09:33:00,A0361,21428.19,web
T00097,2024-07-12T10:44:00,A0128,10541.75,branch
T00098,2024-04-23T13:37:00,A0710,11873.26,app
T00099,2024-01-05T19:16:00,A0513,5657.24,web
T00100,2024-06-23T14:58:00,A0040,11178.45,app
T00101,2024-11-06T17:37:00,A0033,40105.03,app
T00102,2024-11-14T13:51:00,A0439,29113.94,app
T00103,2024-02-14T18:59:00,A0209,30448.26,app
T00104,2024-12-23T16:51:00,A0308,22121.92,atm
T00105,2024-09-01T19:19:00,A0264,23781.26,app
T00106,2024-07-05T14:24:00,A0001,23896.44,web
T00107,2024-07-10T10:14:00,A0673,4540.44,app
T00108,2024-12-04T19:39:00,A0105,14247.59,web
T00109,2024-08-12T19:51:00,A0326,1790.13,atm
T00110,2024-12-13T19:55:00,A0545,1536.59,web
T00111,2024-10-07T20:48:00,A0025,10897.23,app
T00112,2024-02-15T15:41:00,A0667,30390.37,atm
T00113,2024-02-24T20:17:00,A0271,9122.73,branch
T00114,2024-09-14T17:19:00,A0217,30306.86,app
T00115,2024-10-25T09:18:00,A0376,16805.08,atm
T00116,2024-01-28T14:12:00,A0200,21595.05,web
T00117,2024-01-12T16:28:00,A0325,40252.19,web
T00118,2024-07-12T16:46:00,A0119,23744.07,atm
T00119,2024-07-07T16:45:00,A0729,7957.75,app
T00120,2024-10-13T09:28:00,A0139,30975.59,branch
T00121,2024-05-04T14:18:00,A0396,30938.23,web
T00122,2024-01-07T19:13:00,A0034,16758.99,web
T00123,2024-01-23T14:18:00,A0445,32274.53,web
T00124,2024-04-09T11:09:00,A0476,28716.83,web
T00125,2024-06-09T09:31:00,A0256,41116.66,branch
T00126,2024-07-26T19:28:00,A0508,38726.37,app
T00127,2024-01-06T14:35:00,A0394,9163.98,app
T00128,2024-06-10T09:29:00,A0298,30661.42,web
T00129,2024-10-20T14:30:00,A0720,37067.65,app
T00130,2024-09-28T19:07:00,A0594,24523.96,web
T00131,2024-06-26T17:15:00,A0355,12282.65,web
T00132,2024-04-13T10:54:00,A0036,40173.13,branch
T00133,2024-08-24T10:29:00,A0553,27991.93,app
T00134,2024-02-15T19:39:00,A0250,1966.98,atm
T00135,2024-08-10T09:27:00,A0026,23947.53,atm
T00136,2024-01-27T15:36:00,A0620,40042.38,web
T00137,2024-05-05T19:44:00,A0701,11695.61,atm
T00138,2024-06-12T19:26:00,A0628,19990.39,web
T00139,2024-05-09T18:56:00,A0498,6420.46,atm
T00140,2024-02-09T20:24:00,A0294,12691.44,app
T00141,2024-03-20T18:52:00,A0609,27259.39,atm
T00142,2024-06-05T14:08:00,A0259,22469.63,atm
T00143,2024-02-21T14:00:00,A0160,21577.44,atm
T00144,2024-04-13T11:43:00,A0311,1792.91,branch
T00145,2024-01-28T10:37:00,A0618,36999.25,branch
T00146,2024-05-20T11:30:00,A0679,15508.81,atm
T00147,2024-12-09T16:08:00,A0137,24779.65,branch
T00148,2024-12-23T10:07:00,A0417,33154.38,atm
T00149,2024-07-23T13:54:00,A0032,17144.60,atm
T00150,2024-08-19T20:10:00,A0164,3450.98,web
T00151,2024-04-05T09:07:00,A0715,12889.14,atm
T00152,2024-10-27T15:43:00,A0753,15618.49,branch
T00153,2024-12-02T19:34:00,A0781,11380.79,atm
T00154,2024-03-10T10:53:00,A0257,20332.99,atm
T00155,2024-09-12T10:17:00,A0617,20804.58,atm
T00156,2024-05-07T16:16:00,A0577,13467.23,atm
T00157,2024-10-17T14:14:00,A0063,40278.61,branch
T00158,2024-03-12T09:38:00,A0573,12047.63,web
T00159,2024-12-08T09:10:00,A0678,35802.17,app
T00160,2024-12-25T17:27:00,A0300,22206.08,web
T00161,2024-02-02T19:25:00,A0227,22192.25,app
T00162,2024-01-07T15:47:00,A0118,41379.03,branch
T00163,2024-01-17T14:34:00,A0199,23248.68,atm
T00164,2024-04-24T16:54:00,A0409,2000.50,app
T00165,2024-10-24T14:03:00,A0102,31640.46,app
T00166,2024-11-27T20:16:00,A0352,22845.85,web
T00167,2024-05-19T15:42:00,A0080,9202.57,web
T00168,2024-11-18T13:48:00,A0630,2265.33,atm
T00169,2024-05-05T20:13:00,A0162,20387.53,atm
T00170,2024-01-06T09:29:00,A0156,29674.94,web
T00171,2024-07-01T17:49:00,A0278,20382.19,branch
T00172,2024-10-19T11:43:00,A0555,20448.50,atm
T00173,2024-03-12T16:42:00,A0145,16010.95,branch
T00174,2024-11-13T14:10:00,A0624,9425.22,atm
T00175,2024-04-17T15:28:00,A0545,24946.44,app
T00176,2024-03-11T20:36:00,A0255,6459.94,atm
T00177,2024-09-03T13:25:00,A0783,40892.96,app
T00178,2024-05-25T18:49:00,A0417,8450.53,app
T00179,2024-01-28T11:39:00,A0738,1288.70,app
T00180,2024-12-03T10:41:00,A0694,8535.75,branch
T00181,2024-02-26T17:54:00,A0228,34994.74,app
T00182,2024-12-14T17:10:00,A0460,26193.35,atm
T00183,2024-02-15T17:01:00,A0631,38300.49,atm
T00184,2024-01-26T14:40:00,A0660,34025.15,atm
T00185,2024-01-26T17:16:00,A0154,30769.66,branch
T00186,2024-07-28T11:19:00,A0257,17206.97,app
T00187,2024-04-07T15:29:00,A0355,33768.27,web
T00188,2024-08-03T11:57:00,A0510,30201.90,atm
T00189,2024-12-02T15:55:00,A0562,35250.18,app
T00190,2024-09-25T18:01:00,A0378,23756.50,branch
T00191,2024-07-11T10:49:00,A0230,37613.74,app
T00192,2024-10-12T09:20:00,A0282,11870.10,branch
T00193,2024-06-24T16:38:00,A0259,11135.69,web
T00194,2024-04-13T20:16:00,A0564,15152.85,app
T00195,2024-10-19T10:49:00,A0564,4052.22,web
T00196,2024-08-23T19:23:00,A0084,32231.61,web
T00197,2024-06-26T18:35:00,A0744,38750.63,web
T00198,2024-02-25T17:15:00,A0711,25564.70,web
T00199,2024-10-24T14:36:00,A0343,17699.20,web
T00200,2024-10-13T20:42:00,A0065,39594.93,branch
T00201,2024-04-12T17:58:00,A0412,14142.43,app
T00202,2024-08-06T18:25:00,A0597,6293.91,branch
T00203,2024-05-11T11:14:00,A0483,23733.52,web
T00204,2024-08-12T19:26:00,A0147,2405.46,web
T00205,2024-06-21T14:40:00,A0791,11907.17,web
T00206,2024-03-16T14:46:00,A0422,29297.00,web
T00207,2024-08-12T19:02:00,A0700,33901.24,atm
T00208,2024-06-12T20:50:00,A0311,5292.89,atm
T00209,2024-05-27T18:51:00,A0614,23325.26,branch
T00210,2024-09-12T09:20:00,A0444,11273.59,web
T00211,2024-10-09T18:39:00,A0001,22755.37,app
T00212,2024-10-19T14:48:00,A0625,4501.66,atm
T00213,2024-03-26T20:32:00,A0063,5364.70,app
T00214,2024-06-27T19:52:00,A0303,30331.93,app
T00215,2024-05-10T11:07:00,A0275,5226.43,atm
T00216,2024-09-27T20:01:00,A0360,10068.52,branch
T00217,2024-06-01T15:34:00,A0796,22205.29,branch
T00218,2024-09-18T17:36:00,A0739,24226.98,atm
T00219,2024-12-03T20:51:00,A0787,34759.83,web
T00220,2024-10-25T17:55:00,A0148,26137.56,web
T00221,2024-12-23T15:30:00,A0177,36721.06,branch
T00222,2024-07-25T11:13:00,A0394,29489.54,atm
T00223,2024-01-22T15:39:00,A0598,40832.18,atm
T00224,2024-05-05T15:27:00,A0028,14884.54,app
T00225,2024-06-06T16:49:00,A0294,22367.35,app
T00226,2024-10-11T13:00:00,A0360,5101.82,app
T00227,2024-07-06T14:14:00,A0668,34800.12,atm
T00228,2024-03-11T19:23:00,A0115,8620.65,app
T00229,2024-08-27T17:39:00,A0455,40575.15,branch
T00230,2024-05-09T10:54:00,A0714,30105.13,branch
T00231,2024-08-09T10:05:00,A0475,26202.30,branch
T00232,2024-02-25T17:02:00,A0695,33625.96,atm
T00233,2024-06-06T20:02:00,A0429,18414.67,web
T00234,2024-03-28T11:26:00,A0112,9191.16,web
T00235,2024-09-14T09:46:00,A0666,12466.03,atm
T00236,2024-02-22T10:25:00,A0015,19059.07,app
T00237,2024-02-20T14:17:00,A0552,13877.04,app
T00238,2024-05-04T17:39:00,A0085,5656.89,app
T00239,2024-05-24T13:36:00,A0035,21700.21,atm
T00240,2024-02-13T15:29:00,A0487,21184.31,atm
T00241,2024-07-15T15:16:00,A0765,8754.12,atm
T00242,2024-07-21T11:06:00,A0028,7267.76,branch
T00243,2024-06-11T14:19:00,A0554,2275.52,app
T00244,2024-02-01T10:05:00,A0096,41214.14,branch
T00245,2024-04-06T13:42:00,A0079,9870.88,branch
T00246,2024-11-05T09:13:00,A0574,5007.47,atm
T00247,2024-05-12T10:02:00,A0309,15250.99,web
T00248,2024-08-14T20:35:00,A0244,10740.97,branch
T00249,2024-04-18T16:46:00,A0579,4761.67,atm
T00250,2024-05-25T18:11:00,A0404,9137.14,branch
T00251,2024-11-21T11:00:00,A0407,39467.95,atm
T00252,2024-07-05T14:28:00,A0220,37383.01,web
T00253,2024-03-06T17:18:00,A0408,6949.73,web
T00254,2024-06-25T14:41:00,A0055,24869.63,web
T00255,2024-08-12T11:40:00,A0454,19361.12,app
T00256,2024-01-12T11:27:00,A0643,39354.88,web
T00257,2024-01-11T09:12:00,A0020,25041.22,branch
T00258,2024-10-08T18:41:00,A0694,13036.75,app
T00259,2024-02-13T09:51:00,A0086,30075.22,atm
T00260,2024-09-26T20:44:00,A0526,36997.28,atm
T00261,2024-09-28T18:08:00,A0511,2528.41,web
T00262,2024-12-11T14:51:00,A0777,26267.62,branch
T00263,2024-09-07T16:34:00,A0122,25971.98,branch
T00264,2024-01-05T19:57:00,A0290,29906.07,atm
T00265,2024-03-05T14:28:00,A0613,31531.00,web
T00266,2024-01-27T17:12:00,A0225,17769.18,app
T00267,2024-08-01T11:44:00,A0122,27743.55,web
T00268,2024-08-04T11:55:00,A0043,29847.53,app
T00269,2024-11-24T11:27:00,A0257,7756.48,app
T00270,2024-09-23T14:51:00,A0408,1423.58,web
T00271,2024-08-21T10:04:00,A0185,4984.47,web
T00272,2024-02-15T09:22:00,A0734,28949.11,branch
T00273,2024-11-25T17:12:00,A0604,18110.54,web
T00274,2024-01-03T20:40:00,A0063,40251.32,app
T00275,2024-01-14T18:18:00,A0265,28080.48,atm
T00276,2024-05-18T10:41:00,A0488,20953.71,atm
T00277,2024-11-06T11:39:00,A0088,10160.81,web
T00278,2024-03-26T09:38:00,A0037,40172.36,branch
T00279,2024-10-19T13:59:00,A0120,25420.09,web
T00280,2024-10-10T09:48:00,A0768,14325.56,app
T00281,2024-02-27T20:07:00,A0380,19061.07,web
T00282,2024-06-07T14:41:00,A0593,27561.76,app
T00283,2024-06-22T18:25:00,A0738,23998.01,atm
T00284,2024-04-28T16:11:00,A0380,7679.07,atm
T00285,2024-05-14T10:50:00,A0389,27135.55,web
T00286,2024-01-26T20:15:00,A0220,17818.62,atm
T00287,2024-03-15T10:56:00,A0516,11260.18,web
T00288,2024-07-23T13:33:00,A0637,28387.19,atm
T00289,2024-11-07T15:33:00,A0026,13424.23,branch
T00290,2024-09-03T14:28:00,A0017,37509.18,branch
T00291,2024-07-08T09:18:00,A0138,6896.99,atm
T00292,2024-12-10T13:38:00,A0113,32181.28,web
T00293,2024-08-25T15:17:00,A0301,20510.08,branch
T00294,2024-04-19T18:32:00,A0577,37618.23,atm
T00295,2024-01-13T20:22:00,A0068,19123.39,app
T00296,2024-02-06T14:52:00,A0273,15627.59,app
T00297,2024-02-17T10:20:00,A0172,23764.33,web
T00298,2024-10-12T18:46:00,A0149,13511.53,atm
T00299,2024-09-07T18:51:00,A0399,6327.41,web
T00300,2024-12-11T20:46:00,A0292,19670.18,branch
T00301,2024-07-06T19:36:00,A0096,34163.67,atm
T00302,2024-04-22T14:46:00,A0400,1003.75,app
T00303,2024-12-20T14:35:00,A0171,16793.54,atm
T00304,2024-11-19T09:30:00,A0681,3076.28,atm
T00305,2024-05-23T17:09:00,A0538,34255.88,atm
T00306,2024-01-05T13:08:00,A0273,1112.27,web
T00307,2024-06-19T10:03:00,A0429,39627.75,web
T00308,2024-06-13T15:02:00,A0614,18669.95,app
T00309,2024-04-21T09:30:00,A0218,23763.79,app
T00310,2024-07-06T10:29:00,A0419,17290.01,app
T00311,2024-04-15T14:20:00,A0022,11654.81,app
T00312,2024-10-25T11:52:00,A0198,41774.96,web
T00313,2024-02-24T14:12:00,A0676,27209.77,branch
T00314,2024-06-17T18:04:00,A0085,606.20,app
T00315,2024-07-12T14:14:00,A0697,21233.95,atm
T00316,2024-10-21T20:28:00,A0007,7875.58,branch
T00317,2024-03-23T11:34:00,A0535,14922.35,web
T00318,2024-09-06T13:03:00,A0204,37520.63,atm
T00319,2024-07-10T16:21:00,A0212,22456.23,web
T00320,2024-06-17T19:00:00,A0448,35696.58,branch
T00321,2024-08-16T10:23:00,A0773,36628.49,atm
T00322,2024-12-26T14:34:00,A0161,34722.09,branch
T00323,2024-04-24T16:03:00,A0625,39575.94,web
T00324,2024-12-22T18:35:00,A0332,33464.80,atm
T00325,2024-11-27T10:53:00,A0376,5205.99,atm
T00326,2024-12-20T19:42:00,A0491,14283.65,atm
T00327,2024-01-05T13:50:00,A0541,2566.94,branch
T00328,2024-09-15T20:17:00,A0712,16984.06,web
T00329,2024-09-10T09:40:00,A0677,30678.75,branch
T00330,2024-08-20T10:55:00,A0392,11294.77,atm
T00331,2024-11-07T16:33:00,A0354,41531.85,web
T00332,2024-08-23T10:04:00,A0576,15694.96,web
T00333,2024-04-26T14:30:00,A0393,19140.81,atm
T00334,2024-02-20T10:08:00,A0319,6680.35,branch
T00335,2024-06-02T14:25:00,A0752,32777.22,web
T00336,2024-06-25T13:42:00,A0716,24571.00,web
T00337,2024-12-20T19:50:00,A0695,16267.99,branch
T00338,2024-12-02T11:03:00,A0503,2939.18,web
T00339,2024-03-15T09:38:00,A0660,14722.58,atm
T00340,2024-08-05T19:56:00,A0721,9167.39,branch
T00341,2024-05-13T14:49:00,A0252,30099.45,app
T00342,2024-12-11T15:23:00,A0539,18846.54,atm
T00343,2024-07-28T18:11:00,A0475,27063.70,atm
T00344,2024-10-27T10:43:00,A0104,13909.12,web
T00345,2024-09-02T11:42:00,A0475,14246.18,branch
T00346,2024-12-06T18:44:00,A0649,5257.45,app
T00347,2024-07-19T09:51:00,A0670,36454.44,app
T00348,2024-04-15T09:47:00,A0128,14015.40,atm
T00349,2024-04-21T10:15:00,A0503,8606.45,atm
T00350,2024-09-05T13:49:00,A0799,13065.51,web
T00351,2024-11-27T19:58:00,A0271,35489.02,atm
T00352,2024-11-14T19:39:00,A0757,7223.32,atm
T00353,2024-11-23T15:41:00,A0772,14322.77,atm
T00354,2024-03-12T09:36:00,A0794,18019.32,atm
T00355,2024-12-06T20:08:00,A0734,39135.68,app
T00356,2024-09-01T13:40:00,A0778,132.91,web
T00357,2024-10-26T13:18:00,A0768,26904.20,app
T00358,2024-03-24T15:16:00,A0623,38854.55,app
T00359,2024-01-04T20:38:00,A0770,4265.47,app
T00360,2024-03-03T13:22:00,A0620,5590.58,app
T00361,2024-07-13T09:55:00,A0759,19195.80,app
T00362,2024-04-22T19:27:00,A0095,7565.55,branch
T00363,2024-05-06T20:54:00,A0547,8558.21,web
T00364,2024-03-22T16:34:00,A0308,19885.07,app
T00365,2024-11-27T18:11:00,A0084,21919.48,app
T00366,2024-06-21T13:13:00,A0625,10037.35,atm
T00367,2024-05-25T15:39:00,A0295,35682.92,branch
T00368,2024-12-18T15:57:00,A0442,32616.05,atm
T00369,2024-04-15T20:46:00,A0045,5711.50,atm
T00370,2024-11-19T10:05:00,A0678,813.15,branch
T00371,2024-05-15T15:24:00,A0746,35061.39,branch
T00372,2024-12-26T15:38:00,A0101,29322.56,app
T00373,2024-06-22T17:31:00,A0220,17503.44,app
T00374,2024-06-21T16:39:00,A0710,30807.85,atm
T00375,2024-01-25T11:38:00,A0101,39532.77,app
T00376,2024-09-12T18:43:00,A0409,34318.62,branch
T00377,2024-04-01T14:23:00,A0371,16531.41,branch
T00378,2024-05-04T09:00:00,A0396,20131.97,app
T00379,2024-08-16T09:43:00,A0529,24800.47,branch
T00380,2024-06-07T16:28:00,A0424,13952.90,web
T00381,2024-09-04T20:19:00,A0800,20322.48,atm
T00382,2024-10-27T13:45:00,A0735,33056.32,app
T00383,2024-02-18T17:26:00,A0701,1202.95,web
T00384,2024-08-12T15:15:00,A0385,10470.66,app
T00385,2024-05-27T17:55:00,A0314,35908.36,web
T00386,2024-04-06T20:12:00,A0324,14980.39,branch
T00387,2024-05-03T16:07:00,A0633,20508.03,branch
T00388,2024-02-12T15:42:00,A0564,19886.34,app
T00389,2024-11-09T09:01:00,A0762,21929.87,atm
T00390,2024-09-08T18:28:00,A0514,35933.85,branch
T00391,2024-05-21T17:56:00,A0179,16298.67,web
T00392,2024-03-01T11:39:00,A0426,10230.17,app
T00393,2024-01-28T15:27:00,A0056,5575.68,web
T00394,2024-11-03T14:47:00,A0313,25477.37,atm
T00395,2024-12-23T10:50:00,A0302,9332.05,branch
T00396,2024-05-27T18:40:00,A0470,40644.06,web
T00397,2024-09-11T20:56:00,A0184,39249.91,web
T00398,2024-07-24T16:36:00,A0045,10208.97,web
T00399,2024-02-17T17:26:00,A0599,244.73,web
T00400,2024-12-03T13:30:00,A0228,37833.46,branch
T00401,2024-02-05T15:47:00,A0469,33699.44,app
T00402,2024-03-03T19:57:00,A0787,18626.94,atm
T00403,2024-09-22T19:52:00,A0131,31514.75,web
T00404,2024-11-12T13:15:00,A0617,21564.22,app
T00405,2024-09-17T10:09:00,A0232,15883.16,web
T00406,2024-06-01T14:34:00,A0020,16154.80,web
T00407,2024-10-19T09:32:00,A0060,25559.46,branch
T00408,2024-01-10T17:09:00,A0478,39838.73,branch
T00409,2024-12-24T13:50:00,A0018,32564.54,web
T00410,2024-03-10T09:19:00,A0212,1234.00,web
T00411,2024-12-20T15:53:00,A0425,27975.13,app
T00412,2024-03-23T11:59:00,A0227,41850.10,branch
T00413,2024-03-08T16:04:00,A0051,35155.12,web
T00414,2024-01-19T11:01:00,A0033,12082.27,web
T00415,2024-07-20T16:04:00,A0793,7881.69,app
T00416,2024-06-07T13:14:00,A0323,10017.64,atm
T00417,2024-06-06T09:36:00,A0303,38578.40,branch
T00418,2024-02-09T11:00:00,A0563,38376.39,atm
T00419,2024-06-03T20:03:00,A0127,17563.98,web
T00420,2024-01-03T19:57:00,A0656,20076.37,app
T00421,2024-05-25T10:00:00,A0121,19174.12,web
T00422,2024-04-20T11:20:00,A0569,32308.31,branch
T00423,2024-08-15T14:43:00,A0701,20424.31,branch
T00424,2024-01-21T16:33:00,A0124,6015.02,atm
T00425,2024-09-28T19:27:00,A0469,37402.55,atm
T00426,2024-01-03T15:28:00,A0714,2324.47,web
T00427,2024-07-09T18:21:00,A0223,33593.08,atm
T00428,2024-11-15T11:47:00,A0448,29020.95,app
T00429,2024-05-05T10:37:00,A0505,23679.69,atm
T00430,2024-10-15T15:17:00,A0443,25341.15,atm
T00431,2024-03-04T13:03:00,A0114,4659.17,app
T00432,2024-01-01T17:30:00,A0042,20826.37,atm
T00433,2024-10-07T11:07:00,A0627,22980.31,web
T00434,2024-12-01T13:30:00,A0006,2506.40,atm
T00435,2024-02-02T13:22:00,A0059,1578.25,web
T00436,2024-03-06T09:47:00,A0770,1102.62,atm
T00437,2024-03-06T18:08:00,A0542,8317.98,atm
T00438,2024-09-23T17:04:00,A0364,36104.02,atm
T00439,2024-03-03T14:25:00,A0611,40074.13,atm
T00440,2024-09-11T09:58:00,A0579,20781.31,atm
T00441,2024-12-18T13:55:00,A0192,8402.67,atm
T00442,2024-01-14T11:56:00,A0722,14278.04,app
T00443,2024-09-24T19:19:00,A0374,38050.94,atm
T00444,2024-03-03T14:57:00,A0079,28493.55,app
T00445,2024-05-15T18:29:00,A0442,19167.19,branch
T00446,2024-12-11T10:11:00,A0138,39182.18,atm
T00447,2024-09-04T10:45:00,A0415,39132.62,branch
T00448,2024-07-24T17:48:00,A0649,8886.37,branch
T00449,2024-11-25T09:46:00,A0246,15175.58,app
T00450,2024-03-03T14:41:00,A0051,40567.33,branch
T00451,2024-09-28T20:28:00,A0762,30605.34,web
T00452,2024-07-25T15:03:00,A0580,23073.75,web
T00453,2024-06-10T15:21:00,A0709,40898.60,web
T00454,2024-07-02T15:33:00,A0062,10166.63,app
T00455,2024-03-24T13:53:00,A0587,38610.62,branch
T00456,2024-04-23T09:06:00,A0410,22413.52,app
T00457,2024-06-15T19:17:00,A0361,1469.00,web
T00458,2024-02-12T10:58:00,A0369,28300.50,atm
T00459,2024-01-17T17:41:00,A0392,17571.55,web
T00460,2024-04-26T14:38:00,A0240,40175.35,web
T00461,2024-10-01T09:16:00,A0091,8657.55,branch
T00462,2024-12-05T18:48:00,A0498,38332.90,branch
T00463,2024-08-24T09:15:00,A0299,1907.57,atm
T00464,2024-09-25T16:08:00,A0510,12865.56,branch
T00465,2024-11-15T11:14:00,A0289,4820.39,atm
T00466,2024-02-25T09:12:00,A0165,27901.30,app
T00467,2024-07-09T18:27:00,A0509,2332.44,branch
T00468,2024-01-13T11:10:00,A0576,14473.27,web
T00469,2024-03-04T20:41:00,A0419,4714.67,web
T00470,2024-08-19T17:57:00,A0374,18340.75,web
T00471,2024-02-07T14:06:00,A0466,21185.16,web
T00472,2024-11-03T17:25:00,A0100,30242.84,app
T00473,2024-10-18T09:19:00,A0480,1717.03,app
T00474,2024-05-26T09:59:00,A0671,35824.22,atm
T00475,2024-09-11T09:19:00,A0286,40175.87,app
T00476,2024-09-01T17:56:00,A0414,37758.21,branch
T00477,2024-12-14T20:56:00,A0534,6100.56,web
T00478,2024-09-27T19:42:00,A0623,40916.35,web
T00479,2024-03-11T11:59:00,A0594,3474.99,web
T00480,2024-02-25T20:24:00,A0664,29330.53,web
T00481,2024-09-18T13:13:00,A0116,1596.00,app
T00482,2024-01-07T09:50:00,A0426,3009.99,app
T00483,2024-11-13T18:12:00,A0235,41169.55,atm
T00484,2024-06-22T11:29:00,A0786,34176.00,atm
T00485,2024-01-02T18:48:00,A0516,41040.09,app
T00486,2024-07-16T09:26:00,A0247,22938.13,branch
T00487,2024-09-17T15:58:00,A0286,38413.43,atm
T00488,2024-12-25T16:47:00,A0097,30944.39,web
T00489,2024-07-22T14:43:00,A0765,1862.19,branch
T00490,2024-02-24T10:37:00,A0231,12982.63,branch
T00491,2024-02-13T14:01:00,A0312,38767.78,atm
T00492,2024-02-22T14:58:00,A0159,16870.58,atm
T00493,2024-08-03T11:24:00,A0630,19392.91,atm
T00494,2024-01-04T10:39:00,A0373,31354.73,branch
T00495,2024-07-14T10:53:00,A0511,38354.79,atm
T00496,2024-01-05T13:40:00,A0728,36108.11,app
T00497,2024-11-04T16:11:00,A0551,4447.89,web
T00498,2024-05-20T17:24:00,A0046,22790.80,app
T00499,2024-01-03T10:39:00,A0207,31816.95,atm
T00500,2024-01-28T20:36:00,A0098,6389.41,app
T00501,2024-02-18T13:13:00,A0012,33979.94,web
T00502,2024-08-15T15:06:00,A0723,37957.95,web
T00503,2024-02-23T19:57:00,A0021,33469.18,web
T00504,2024-12-21T16:44:00,A0435,9971.41,app
T00505,2024-11-26T19:41:00,A0247,19072.55,web
T00506,2024-01-20T10:21:00,A0410,14489.82,app
T00507,2024-12-15T19:54:00,A0478,21897.81,branch
T00508,2024-05-22T20:28:00,A0571,4419.15,atm
T00509,2024-05-06T19:07:00,A0553,11121.17,web
T00510,2024-07-21T15:03:00,A0361,21995.98,app
T00511,2024-03-05T13:37:00,A0544,11376.22,atm
T00512,2024-03-25T16:59:00,A0648,1331.44,app
T00513,2024-01-24T10:52:00,A0138,18971.74,atm
T00514,2024-06-05T15:49:00,A0157,36291.16,branch
T00515,2024-01-26T20:28:00,A0321,28611.71,web
T00516,2024-06-10T20:49:00,A0775,22083.29,branch
T00517,2024-03-05T20:18:00,A0576,458.12,atm
T00518,2024-05-03T11:28:00,A0479,28863.51,branch
T00519,2024-10-25T09:26:00,A0242,10409.34,branch
T00520,2024-12-17T17:22:00,A0455,35288.67,app
T00521,2024-12-06T10:38:00,A0031,30866.70,branch
T00522,2024-07-22T17:16:00,A0155,2499.26,web
T00523,2024-06-09T15:52:00,A0055,8077.93,atm
T00524,2024-03-27T15:48:00,A0675,37949.63,web
T00525,2024-02-04T11:07:00,A0798,1931.41,web
T00526,2024-01-06T14:48:00,A0789,18408.66,branch
T00527,2024-02-25T10:40:00,A0485,11088.34,web
T00528,2024-02-06T18:25:00,A0043,18316.33,app
T00529,2024-06-25T09:07:00,A0786,27917.21,atm
T00530,2024-05-21T10:17:00,A0251,28830.85,atm
T00531,2024-11-02T17:23:00,A0429,18722.36,branch
T00532,2024-01-08T13:14:00,A0166,40341.69,atm
T00533,2024-06-02T20:18:00,A0475,8392.67,atm
T00534,2024-03-18T10:35:00,A0641,41854.45,branch
T00535,2024-05-10T09:24:00,A0079,17668.41,branch
T00536,2024-08-23T13:25:00,A0403,23280.52,web
T00537,2024-12-07T18:43:00,A0120,39388.70,branch
T00538,2024-02-08T19:26:00,A0431,17522.59,atm
T00539,2024-02-21T13:49:00,A0255,21849.46,app
T00540,2024-04-24T20:53:00,A0174,41717.93,app
T00541,2024-07-14T11:25:00,A0655,36560.88,web
T00542,2024-12-21T10:02:00,A0438,25256.82,branch
T00543,2024-11-26T11:16:00,A0392,18415.29,branch
T00544,2024-09-21T10:06:00,A0295,30303.58,web
T00545,2024-03-06T17:01:00,A0022,32037.32,web
T00546,2024-02-03T11:54:00,A0311,30823.93,web
T00547,2024-03-19T10:37:00,A0422,39174.48,branch
T00548,2024-11-06T14:37:00,A0168,23486.02,web
T00549,2024-11-03T11:30:00,A0479,2487.78,web
T00550,2024-10-16T10:27:00,A0329,17464.81,web
T00551,2024-12-12T10:49:00,A0245,11807.20,branch
T00552,2024-02-20T19:27:00,A0681,31889.68,app
T00553,2024-03-11T13:05:00,A0162,28042.58,atm
T00554,2024-10-24T19:16:00,A0177,24653.58,web
T00555,2024-07-22T16:02:00,A0669,9819.81,atm
T00556,2024-09-12T15:51:00,A0034,24554.56,web
T00557,2024-01-02T20:18:00,A0084,7448.97,branch
T00558,2024-04-23T18:54:00,A0248,10054.59,app
T00559,2024-08-21T17:10:00,A0428,25478.50,atm
T00560,2024-01-20T16:38:00,A0205,6984.67,branch
T00561,2024-06-17T14:03:00,A0272,18310.69,web
T00562,2024-05-09T10:08:00,A0703,26917.86,branch
T00563,2024-12-24T18:30:00,A0222,22524.25,web
T00564,2024-12-18T09:26:00,A0144,37680.22,atm
T00565,2024-09-17T19:49:00,A0224,25234.85,branch
T00566,2024-06-09T09:10:00,A0143,18611.95,atm
T00567,2024-11-18T16:06:00,A0287,22502.70,atm
T00568,2024-06-05T11:47:00,A0175,15685.12,atm
T00569,2024-05-19T17:27:00,A0221,2063.95,atm
T00570,2024-04-06T15:47:00,A0074,8932.89,atm
T00571,2024-07-23T11:21:00,A0064,38717.54,app
T00572,2024-10-26T18:33:00,A0174,31908.27,branch
T00573,2024-11-28T15:13:00,A0324,12782.91,web
T00574,2024-02-20T20:24:00,A0726,28810.13,app
T00575,2024-05-11T19:37:00,A0730,6068.10,atm
T00576,2024-12-06T10:30:00,A0776,3196.95,atm
T00577,2024-09-14T13:52:00,A0274,37878.53,atm
T00578,2024-05-09T16:30:00,A0242,5247.16,branch
T00579,2024-03-11T10:18:00,A0501,19952.88,app
T00580,2024-03-03T11:22:00,A0080,10701.73,atm
T00581,2024-01-08T15:20:00,A0454,17233.03,atm
T00582,2024-12-10T17:15:00,A0094,7862.12,web
T00583,2024-03-20T16:10:00,A0117,11533.37,branch
T00584,2024-06-07T19:54:00,A0245,32670.14,atm
T00585,2024-11-17T19:24:00,A0438,10940.02,branch
T00586,2024-05-16T20:47:00,A0205,35074.82,branch
T00587,2024-05-17T13:58:00,A0569,9174.35,atm
T00588,2024-11-15T15:07:00,A0361,41859.92,atm
T00589,2024-02-28T14:38:00,A0562,18944.39,branch
T00590,2024-01-17T16:39:00,A0231,14834.60,atm
T00591,2024-02-16T17:13:00,A0112,26602.42,web
T00592,2024-06-07T10:57:00,A0448,22170.79,app
T00593,2024-07-12T20:59:00,A0426,29476.86,atm
T00594,2024-02-08T15:05:00,A0294,11366.99,atm
T00595,2024-05-10T19:59:00,A0735,40366.71,app
T00596,2024-11-03T09:09:00,A0173,37256.97,atm
T00597,2024-06-27T17:16:00,A0674,6014.76,branch
T00598,2024-06-14T18:24:00,A0580,1456.08,atm
T00599,2024-08-10T18:32:00,A0649,38592.49,app
T00600,2024-02-07T13:50:00,A0586,40628.83,branch
T00601,2024-03-19T15:08:00,A0458,7294.45,web
T00602,2024-06-07T15:06:00,A0479,4223.80,atm
T00603,2024-07-25T18:02:00,A0299,38621.04,app
T00604,2024-03-05T13:33:00,A0154,635.68,app
T00605,2024-03-16T10:42:00,A0340,730.80,web
T00606,2024-06-08T18:27:00,A0302,36306.01,web
T00607,2024-08-21T13:56:00,A0592,8884.99,web
T00608,2024-02-13T19:59:00,A0374,17094.63,branch
T00609,2024-03-14T16:15:00,A0393,3937.63,app
T00610,2024-04-24T10:37:00,A0096,23778.24,app
T00611,2024-03-12T14:30:00,A0104,10378.33,atm
T00612,2024-07-01T19:53:00,A0430,21045.04,branch
T00613,2024-05-09T13:23:00,A0583,597.78,atm
T00614,2024-01-23T14:08:00,A0180,14430.18,web
T00615,2024-09-10T15:45:00,A0302,1764.31,app
T00616,2024-08-13T10:28:00,A0330,3293.77,web
T00617,2024-12-10T18:24:00,A0391,38898.66,branch
T00618,2024-07-06T19:08:00,A0585,36358.37,web
T00619,2024-08-11T15:35:00,A0186,20728.67,app
T00620,2024-07-16T15:04:00,A0683,24980.03,branch
T00621,2024-01-15T16:08:00,A0050,28049.12,branch
T00622,2024-06-13T15:30:00,A0047,20054.93,branch
T00623,2024-09-15T10:12:00,A0003,14289.41,web
T00624,2024-12-25T16:56:00,A0691,22562.43,app
T00625,2024-02-13T19:57:00,A0364,18728.15,atm
T00626,2024-03-25T09:19:00,A0259,29573.11,web
T00627,2024-06-01T17:18:00,A0579,14122.84,atm
T00628,2024-10-04T16:46:00,A0513,1994.91,atm
T00629,2024-02-06T18:51:00,A0774,6748.53,web
T00630,2024-04-08T16:36:00,A0617,38879.36,atm
T00631,2024-10-25T18:17:00,A0077,16794.40,app
T00632,2024-09-10T15:22:00,A0337,2321.73,app
T00633,2024-11-22T14:01:00,A0670,6481.60,web
T00634,2024-11-02T19:34:00,A0164,24816.59,app
T00635,2024-04-11T14:02:00,A0085,16738.81,web
T00636,2024-03-08T19:49:00,A0396,37166.16,web
T00637,2024-07-05T20:28:00,A0213,19534.96,web
T00638,2024-01-22T16:27:00,A0301,32492.74,atm
T00639,2024-01-27T18:30:00,A0400,1100.32,branch
T00640,2024-11-16T17:46:00,A0537,3203.93,branch
T00641,2024-08-08T13:31:00,A0056,37529.88,app
T00642,2024-02-28T20:42:00,A0772,14250.68,web
T00643,2024-12-15T18:11:00,A0439,6032.85,app
T00644,2024-03-11T10:12:00,A0015,3999.17,web
T00645,2024-09-22T14:13:00,A0019,32849.17,app
T00646,2024-06-21T14:07:00,A0752,22669.17,web
T00647,2024-07-07T10:49:00,A0216,24314.32,atm
T00648,2024-04-15T14:40:00,A0116,31670.88,atm
T00649,2024-11-02T14:25:00,A0705,6785.15,atm
T00650,2024-10-13T19:11:00,A0029,27950.31,app
T00651,2024-01-21T20:10:00,A0314,29428.36,branch
T00652,2024-02-06T10:44:00,A0411,11314.73,branch
T00653,2024-03-14T19:35:00,A0779,34005.80,app
T00654,2024-01-21T10:47:00,A0424,20648.43,branch
T00655,2024-10-20T09:21:00,A0601,16301.93,atm
T00656,2024-01-16T18:41:00,A0055,34499.06,app
T00657,2024-11-07T16:05:00,A0650,28701.16,app
T00658,2024-09-22T19:22:00,A0515,25788.35,app
T00659,2024-04-07T13:02:00,A0607,14155.06,web
T00660,2024-05-18T11:20:00,A0480,1389.53,app
T00661,2024-11-18T17:10:00,A0681,1759.27,web
T00662,2024-06-01T16:34:00,A0137,4741.95,atm
T00663,2024-12-12T18:19:00,A0581,5106.19,web
T00664,2024-07-12T20:54:00,A0214,17207.62,branch
T00665,2024-01-16T20:03:00,A0514,897.75,web
T00666,2024-01-22T15:28:00,A0649,41291.09,app
T00667,2024-05-07T15:22:00,A0620,6969.35,web
T00668,2024-10-08T20:26:00,A0576,30494.27,branch
T00669,2024-04-20T13:20:00,A0311,31197.46,atm
T00670,2024-07-18T09:07:00,A0187,14174.46,branch
T00671,2024-07-11T15:12:00,A0413,19730.81,web
T00672,2024-10-05T15:51:00,A0495,19159.31,web
T00673,2024-12-27T17:39:00,A0521,8466.63,branch
T00674,2024-02-07T19:09:00,A0709,16285.56,branch
T00675,2024-05-13T19:25:00,A0635,37781.19,branch
T00676,2024-10-22T11:17:00,A0004,36094.19,web
T00677,2024-10-12T11:07:00,A0601,8905.46,atm
T00678,2024-02-26T10:01:00,A0571,27957.50,app
T00679,2024-07-01T18:20:00,A0003,36084.89,web
T00680,2024-08-13T18:23:00,A0292,14346.88,atm
T00681,2024-10-25T19:27:00,A0380,2687.50,branch
T00682,2024-12-17T17:39:00,A0557,28370.66,app
T00683,2024-02-28T19:07:00,A0729,20120.63,branch
T00684,2024-08-15T10:22:00,A0040,3682.96,web
T00685,2024-06-14T18:29:00,A0252,11165.27,web
T00686,2024-12-15T20:23:00,A0227,24259.23,atm
T00687,2024-06-01T16:02:00,A0455,10737.42,atm
T00688,2024-01-27T11:23:00,A0736,32006.42,branch
T00689,2024-12-22T19:34:00,A0769,11397.02,app
T00690,2024-08-27T16:02:00,A0418,1636.40,web
T00691,2024-04-06T15:52:00,A0788,19065.28,atm
T00692,2024-06-24T15:59:00,A0184,41200.15,app
T00693,2024-04-19T10:53:00,A0020,10387.30,atm
T00694,2024-06-19T09:22:00,A0366,39649.92,branch
T00695,2024-12-11T14:12:00,A0664,32805.45,app
T00696,2024-05-15T19:58:00,A0250,24321.75,branch
T00697,2024-06-28T15:23:00,A0416,33652.69,app
T00698,2024-08-23T19:10:00,A0043,19451.13,app
T00699,2024-05-01T14:51:00,A0794,11243.80,web
T00700,2024-03-10T18:56:00,A0425,3843.98,branch
T00701,2024-05-19T11:43:00,A0080,40933.26,branch
T00702,2024-09-26T15:15:00,A0344,28719.63,web
T00703,2024-07-20T10:33:00,A0345,15083.64,app
T00704,2024-05-21T11:23:00,A0213,33767.53,atm
T00705,2024-02-14T18:20:00,A0469,6546.57,atm
T00706,2024-08-11T09:14:00,A0242,39679.75,atm
T00707,2024-03-01T14:03:00,A0010,31875.30,atm
T00708,2024-11-24T11:52:00,A0067,26946.31,app
T00709,2024-01-06T20:18:00,A0251,23759.52,app
T00710,2024-07-24T09:47:00,A0689,8631.25,app
T00711,2024-05-09T16:11:00,A0258,16164.61,branch
T00712,2024-11-16T10:58:00,A0735,18358.58,app
T00713,2024-07-02T13:37:00,A0429,28872.45,app
T00714,2024-03-28T09:12:00,A0450,33249.29,app
T00715,2024-06-13T13:31:00,A0786,18365.98,branch
T00716,2024-08-03T20:33:00,A0590,32032.26,branch
T00717,2024-08-25T16:40:00,A0606,35794.77,app
T00718,2024-03-19T14:53:00,A0445,12315.25,web
T00719,2024-02-09T14:01:00,A0505,29633.15,app
T00720,2024-09-18T17:51:00,A0276,32338.26,app
T00721,2024-05-09T14:00:00,A0402,2896.86,atm
T00722,2024-07-27T16:20:00,A0104,13914.75,branch
T00723,2024-06-19T16:38:00,A0527,37829.75,web
T00724,2024-03-13T10:06:00,A0630,1022.36,atm
T00725,2024-08-17T20:50:00,A0415,9191.75,app
T00726,2024-10-07T20:24:00,A0222,2101.19,web
T00727,2024-08-08T19:57:00,A0466,2933.59,branch
T00728,2024-02-11T15:48:00,A0758,27113.71,app
T00729,2024-03-02T09:11:00,A0015,29314.08,atm
T00730,2024-06-20T15:13:00,A0027,30272.04,branch
T00731,2024-08-16T19:42:00,A0167,10378.63,app
T00732,2024-09-24T13:29:00,A0072,18091.26,app
T00733,2024-11-11T11:58:00,A0321,38712.30,web
T00734,2024-03-09T09:08:00,A0373,25555.66,app
T00735,2024-09-15T20:09:00,A0752,10766.76,app
T00736,2024-08-20T20:03:00,A0382,22467.87,atm
T00737,2024-03-13T19:17:00,A0236,26961.21,web
T00738,2024-12-19T15:26:00,A0024,36840.72,app
T00739,2024-01-24T19:27:00,A0042,15579.96,app
T00740,2024-11-25T18:08:00,A0012,34894.82,web
T00741,2024-09-08T13:15:00,A0527,16979.16,app
T00742,2024-05-16T15:25:00,A0706,362.31,branch
T00743,2024-04-14T13:30:00,A0307,5400.51,app
T00744,2024-07-24T20:01:00,A0666,27721.36,branch
T00745,2024-06-07T13:03:00,A0603,16660.48,atm
T00746,2024-01-24T14:05:00,A0573,22797.94,atm
T00747,2024-12-20T11:54:00,A0288,33866.06,app
T00748,2024-10-06T17:22:00,A0619,5143.57,web
T00749,2024-03-16T14:54:00,A0249,36237.95,branch
T00750,2024-10-25T19:18:00,A0753,23954.28,app
T00751,2024-07-07T09:46:00,A0432,4012.53,web
T00752,2024-09-05T09:44:00,A0103,41394.77,atm
T00753,2024-11-28T20:47:00,A0520,30328.32,atm
T00754,2024-05-23T16:52:00,A0297,33233.38,atm
T00755,2024-11-15T11:19:00,A0489,5402.90,web
T00756,2024-08-18T18:06:00,A0188,25838.11,web
T00757,2024-07-06T10:41:00,A0486,32935.84,web
T00758,2024-01-18T20:16:00,A0313,8107.57,app
T00759,2024-10-16T15:46:00,A0524,21066.02,branch
T00760,2024-12-16T15:50:00,A0039,20350.09,atm
T00761,2024-02-24T15:59:00,A0695,5446.71,atm
T00762,2024-07-26T10:48:00,A0751,19052.47,branch
T00763,2024-08-18T17:21:00,A0394,11721.78,web
T00764,2024-11-14T10:21:00,A0385,5711.65,atm
T00765,2024-09-24T09:23:00,A0488,30686.76,web
T00766,2024-03-09T19:15:00,A0229,2976.88,app
T00767,2024-12-16T10:33:00,A0390,38046.13,web
T00768,2024-09-03T20:35:00,A0658,9794.47,app
T00769,2024-01-13T11:35:00,A0145,41910.73,branch
T00770,2024-09-16T15:10:00,A0569,9749.20,web
T00771,2024-04-18T17:01:00,A0387,21676.80,branch
T00772,2024-04-02T10:05:00,A0382,37856.43,atm
T00773,2024-11-05T09:35:00,A0585,26283.65,web
T00774,2024-11-05T14:12:00,A0044,15904.58,web
T00775,2024-06-11T15:53:00,A0138,40597.93,atm
T00776,2024-04-15T18:59:00,A0041,19804.79,atm
T00777,2024-12-18T14:50:00,A0254,16647.30,branch
T00778,2024-03-02T20:27:00,A0641,23483.97,web
T00779,2024-01-26T18:19:00,A0419,5221.39,app
T00780,2024-09-26T17:58:00,A0229,33154.16,web
T00781,2024-11-21T11:02:00,A0383,16591.53,atm
T00782,2024-10-01T20:47:00,A0664,20099.30,web
T00783,2024-11-14T16:54:00,A0020,40921.65,web
T00784,2024-06-08T10:22:00,A0099,2387.86,branch
T00785,2024-10-18T13:19:00,A0339,37641.77,app
T00786,2024-04-06T13:32:00,A0067,40509.89,branch
T00787,2024-05-11T09:29:00,A0741,24811.45,web
T00788,2024-04-07T13:38:00,A0237,17895.16,web
T00789,2024-05-23T15:59:00,A0323,12519.92,atm
T00790,2024-02-07T15:58:00,A0412,39430.39,web
T00791,2024-04-27T09:04:00,A0185,20265.83,web
T00792,2024-09-13T09:48:00,A0681,22819.95,app
T00793,2024-12-16T16:20:00,A0391,13594.38,branch
T00794,2024-10-10T19:10:00,A0354,19832.62,app
T00795,2024-10-23T16:48:00,A0461,13864.80,branch
T00796,2024-07-04T15:24:00,A0597,14273.29,atm
T00797,2024-11-15T11:50:00,A0292,6898.66,web
T00798,2024-05-09T19:38:00,A0644,28406.66,app
T00799,2024-11-17T10:11:00,A0657,20344.08,branch
T00800,2024-06-15T20:33:00,A0354,20666.94,app
T00801,2024-12-17T16:06:00,A0231,3794.56,branch
T00802,2024-09-24T11:56:00,A0727,5796.80,web
T00803,2024-09-17T19:44:00,A0560,29924.23,app
T00804,2024-05-09T09:21:00,A0528,30398.88,atm
T00805,2024-10-25T11:38:00,A0204,19138.21,web
T00806,2024-09-08T15:54:00,A0710,35320.40,branch
T00807,2024-12-21T11:48:00,A0054,18248.30,branch
T00808,2024-02-02T16:48:00,A0698,7654.21,atm
T00809,2024-04-21T15:04:00,A0068,19563.53,branch
T00810,2024-04-27T15:09:00,A0476,10771.55,branch
T00811,2024-12-01T20:47:00,A0211,38483.51,app
T00812,2024-10-19T19:09:00,A0243,29173.02,branch
T00813,2024-09-11T19:15:00,A0733,1261.03,atm
T00814,2024-10-23T13:53:00,A0331,39890.59,atm
T00815,2024-04-09T15:20:00,A0193,22262.28,branch
T00816,2024-02-20T16:07:00,A0356,5599.15,web
T00817,2024-04-27T13:28:00,A0192,27653.85,branch
T00818,2024-02-28T09:05:00,A0010,21318.44,atm
T00819,2024-05-26T20:34:00,A0630,22948.50,app
T00820,2024-04-27T15:24:00,A0237,2338.82,app
T00821,2024-06-01T16:29:00,A0139,11019.77,atm
T00822,2024-02-05T18:02:00,A0319,41363.48,web
T00823,2024-11-28T11:27:00,A0163,11203.83,web
T00824,2024-06-17T11:19:00,A0707,35470.79,web
T00825,2024-07-17T13:55:00,A0025,1020.33,branch
T00826,2024-05-22T20:42:00,A0403,37895.74,app
T00827,2024-01-11T18:17:00,A0343,34886.51,branch
T00828,2024-04-23T18:51:00,A0564,14578.31,branch
T00829,2024-02-25T10:59:00,A0233,11705.15,atm
T00830,2024-02-21T17:16:00,A0106,14528.35,branch
T00831,2024-04-18T10:33:00,A0241,37121.48,atm
T00832,2024-04-21T15:01:00,A0465,1778.17,atm
T00833,2024-02-16T11:32:00,A0613,34528.12,app
T00834,2024-10-23T16:44:00,A0282,25409.73,branch
T00835,2024-11-01T17:32:00,A0385,10566.04,web
T00836,2024-09-23T15:58:00,A0730,27683.08,branch
T00837,2024-09-05T10:05:00,A0351,22503.43,branch
T00838,2024-01-22T13:12:00,A0135,22930.03,web
T00839,2024-11-14T14:16:00,A0346,41744.18,web
T00840,2024-01-26T15:08:00,A0304,40777.43,atm
T00841,2024-01-17T11:44:00,A0344,39173.34,branch
T00842,2024-11-18T20:06:00,A0709,37479.44,atm
T00843,2024-06-18T18:06:00,A0366,36549.87,web
T00844,2024-06-27T11:45:00,A0374,40298.10,branch
T00845,2024-11-28T15:37:00,A0554,25494.98,app
T00846,2024-02-12T14:47:00,A0369,7373.19,app
T00847,2024-11-13T16:24:00,A0041,27650.87,branch
T00848,2024-05-11T17:19:00,A0647,21704.47,web
T00849,2024-10-28T17:36:00,A0069,29507.09,app
T00850,2024-08-16T18:02:00,A0187,16289.11,branch
T00851,2024-08-22T15:55:00,A0033,32373.17,atm
T00852,2024-07-06T20:49:00,A0190,37282.96,branch
T00853,2024-04-19T10:45:00,A0680,25023.03,branch
T00854,2024-08-25T14:37:00,A0772,25321.78,atm
T00855,2024-10-22T20:17:00,A0715,30410.84,app
T00856,2024-09-28T11:53:00,A0448,20230.30,atm
T00857,2024-12-15T17:52:00,A0692,37678.65,web
T00858,2024-03-14T15:56:00,A0764,28207.47,branch
T00859,2024-01-03T11:24:00,A0594,12533.97,atm
T00860,2024-08-07T14:03:00,A0042,34749.51,app
T00861,2024-12-15T11:53:00,A0377,28473.52,app
T00862,2024-09-09T15:01:00,A0541,19248.47,app
T00863,2024-11-16T10:45:00,A0023,41162.35,app
T00864,2024-01-07T09:31:00,A0033,13879.41,web
T00865,2024-06-02T15:49:00,A0131,17019.24,atm
T00866,2024-07-22T14:23:00,A0357,20781.85,web
T00867,2024-04-19T19:51:00,A0248,35160.54,app
T00868,2024-12-04T15:00:00,A0744,8246.57,branch
T00869,2024-04-09T18:39:00,A0451,11825.94,atm
T00870,2024-02-03T10:27:00,A0192,19990.45,app
T00871,2024-11-24T17:13:00,A0461,25436.57,atm
T00872,2024-03-27T09:19:00,A0284,38175.22,atm
T00873,2024-05-28T11:08:00,A0065,6342.06,atm
T00874,2024-03-21T17:37:00,A0124,36007.28,atm
T00875,2024-03-08T11:56:00,A0798,14711.56,app
T00876,2024-10-24T10:07:00,A0540,26543.20,branch
T00877,2024-07-07T14:59:00,A0582,25146.89,web
T00878,2024-10-15T11:51:00,A0036,31093.11,app
T00879,2024-03-07T16:09:00,A0280,21260.17,atm
T00880,2024-05-16T14:36:00,A0617,24635.85,branch
T00881,2024-05-18T18:25:00,A0792,14422.72,web
T00882,2024-11-16T10:17:00,A0247,27850.31,branch
T00883,2024-12-24T16:35:00,A0444,4681.96,web
T00884,2024-09-28T10:31:00,A0049,29585.02,app
T00885,2024-06-27T19:19:00,A0405,38439.81,app
T00886,2024-07-01T15:07:00,A0245,30917.79,atm
T00887,2024-06-04T10:37:00,A0315,8698.22,branch
T00888,2024-08-27T09:24:00,A0552,24532.15,branch
T00889,2024-07-06T14:12:00,A0316,19645.57,branch
T00890,2024-07-22T13:48:00,A0644,22819.83,web
T00891,2024-04-02T15:08:00,A0595,13452.51,app
T00892,2024-11-18T11:07:00,A0575,3419.54,atm
T00893,2024-06-27T09:55:00,A0182,25247.63,branch
T00894,2024-01-06T20:52:00,A0094,36604.00,app
T00895,2024-03-01T14:36:00,A0523,1382.88,branch
T00896,2024-12-11T17:08:00,A0657,28176.99,app
T00897,2024-02-10T10:43:00,A0798,138.24,web
T00898,2024-11-20T11:16:00,A0028,34876.91,atm
T00899,2024-05-04T15:34:00,A0327,16657.59,branch
T00900,2024-06-15T10:38:00,A0226,1347.70,branch
T00901,2024-04-28T10:14:00,A0447,5168.27,web
T00902,2024-07-01T17:42:00,A0746,339.30,web
T00903,2024-03-22T09:45:00,A0780,3720.47,app
T00904,2024-03-24T19:51:00,A0405,38673.49,atm
T00905,2024-09-28T14:38:00,A0279,14979.75,atm
T00906,2024-10-04T19:41:00,A0479,34951.27,web
T00907,2024-02-28T13:42:00,A0013,19659.10,app
T00908,2024-07-16T17:03:00,A0195,33728.66,atm
T00909,2024-03-27T17:41:00,A0575,26594.07,atm
T00910,2024-04-12T09:18:00,A0331,24052.17,web
T00911,2024-05-02T10:37:00,A0758,3667.71,branch
T00912,2024-04-10T11:02:00,A0472,4615.75,atm
T00913,2024-09-05T11:24:00,A0444,11069.96,branch
T00914,2024-03-22T14:30:00,A0286,26703.11,atm
T00915,2024-03-02T11:05:00,A0733,16242.66,branch
T00916,2024-11-11T14:53:00,A0036,16489.66,branch
T00917,2024-12-16T13:49:00,A0793,41995.17,web
T00918,2024-05-21T11:21:00,A0523,34413.32,atm
T00919,2024-07-24T16:23:00,A0048,16896.99,web
T00920,2024-04-19T14:15:00,A0563,1796.30,app
T00921,2024-10-20T15:39:00,A0320,35210.96,branch
T00922,2024-09-08T17:14:00,A0060,11634.14,app
T00923,2024-12-15T10:55:00,A0437,25448.83,atm
T00924,2024-09-19T11:53:00,A0475,12555.39,atm
T00925,2024-01-19T15:26:00,A0136,12822.05,app
T00926,2024-08-25T17:54:00,A0542,4692.24,branch
T00927,2024-02-20T11:13:00,A0451,38021.00,branch
T00928,2024-05-18T13:30:00,A0749,28549.19,branch
T00929,2024-03-04T13:07:00,A0230,15683.94,branch
T00930,2024-01-05T20:52:00,A0641,30372.25,branch
T00931,2024-03-23T09:04:00,A0340,5978.78,branch
T00932,2024-07-10T09:20:00,A0060,38676.65,atm
T00933,2024-11-10T20:20:00,A0619,3473.49,branch
T00934,2024-02-23T13:03:00,A0071,24767.40,branch
T00935,2024-11-13T09:33:00,A0243,32082.28,branch
T00936,2024-10-06T20:41:00,A0314,39911.32,atm
T00937,2024-02-14T11:24:00,A0379,16281.18,app
T00938,2024-07-06T11:58:00,A0036,29015.64,web
T00939,2024-05-09T09:51:00,A0645,22865.66,atm
T00940,2024-04-14T17:54:00,A0451,35885.04,atm
T00941,2024-02-06T11:40:00,A0460,31424.60,web
T00942,2024-12-21T13:30:00,A0772,15770.50,branch
T00943,2024-01-04T11:12:00,A0775,18188.88,atm
T00944,2024-05-06T13:26:00,A0546,8437.93,branch
T00945,2024-12-08T14:32:00,A0463,27406.67,branch
T00946,2024-06-09T20:14:00,A0574,26188.70,app
T00947,2024-03-16T19:31:00,A0386,37619.27,web
T00948,2024-03-14T17:51:00,A0046,5500.39,atm
T00949,2024-05-26T11:22:00,A0161,952.70,atm
T00950,2024-04-16T19:22:00,A0545,20641.47,web
T00951,2024-05-24T14:52:00,A0445,33889.44,app
T00952,2024-04-03T14:44:00,A0680,22525.33,branch
T00953,2024-02-19T20:28:00,A0357,19441.96,branch
T00954,2024-10-18T17:43:00,A0055,35622.95,branch
T00955,2024-11-05T20:40:00,A0369,19152.75,atm
T00956,2024-08-25T18:24:00,A0217,20258.76,atm
T00957,2024-02-16T13:09:00,A0554,291.20,app
T00958,2024-09-05T09:34:00,A0725,14720.92,branch
T00959,2024-06-22T09:27:00,A0750,20682.71,web
T00960,2024-04-13T14:23:00,A0682,38604.66,atm
T00961,2024-01-21T10:32:00,A0570,34068.25,branch
T00962,2024-12-23T19:15:00,A0126,20935.42,web
T00963,2024-01-13T19:21:00,A0111,23333.47,app
T00964,2024-09-04T09:53:00,A0748,13691.55,branch
T00965,2024-01-12T14:15:00,A0321,9176.02,app
T00966,2024-07-06T18:38:00,A0151,4309.87,atm
T00967,2024-09-16T20:26:00,A0518,34078.03,atm
T00968,2024-11-07T11:30:00,A0436,24952.68,branch
T00969,2024-06-04T15:29:00,A0486,16238.64,branch
T00970,2024-11-26T11:49:00,A0671,27169.06,app
T00971,2024-10-26T10:34:00,A0006,20364.79,web
T00972,2024-12-10T16:41:00,A0161,32498.43,atm
T00973,2024-11-06T16:47:00,A0727,37421.86,branch
T00974,2024-08-04T09:39:00,A0256,8274.45,branch
T00975,2024-04-01T20:33:00,A0186,32645.53,app
T00976,2024-03-05T11:51:00,A0268,38660.58,app
T00977,2024-01-07T18:40:00,A0680,18217.47,branch
T00978,2024-05-15T20:28:00,A0212,12511.39,app
T00979,2024-07-17T10:55:00,A0110,39404.59,web
T00980,2024-08-05T13:47:00,A0660,10422.58,web
T00981,2024-10-27T16:32:00,A0301,24133.93,atm
T00982,2024-05-12T19:04:00,A0026,5944.94,branch
T00983,2024-06-02T11:24:00,A0626,13095.96,branch
T00984,2024-02-21T16:28:00,A0339,2496.29,app
T00985,2024-07-22T15:11:00,A0676,14307.99,web
T00986,2024-05-25T14:42:00,A0559,21844.33,app
T00987,2024-01-18T19:52:00,A0383,21816.32,web
T00988,2024-06-09T20:44:00,A0374,32333.31,web
T00989,2024-11-28T16:49:00,A0597,8697.40,web
T00990,2024-08-10T16:26:00,A0468,3257.30,branch
T00991,2024-04-11T15:36:00,A0477,26624.64,app
T00992,2024-11-15T20:30:00,A0477,31105.98,app
T00993,2024-07-12T18:05:00,A0586,15521.17,atm
T00994,2024-12-16T09:27:00,A0189,5741.23,atm
T00995,2024-09-17T20:52:00,A0105,2780.54,branch
T00996,2024-10-26T16:44:00,A0718,24450.25,web
T00997,2024-01-08T15:20:00,A0758,11065.32,atm
T00998,2024-01-26T15:47:00,A0729,11449.69,atm
T00999,2024-10-17T20:48:00,A0344,23821.00,app
T01000,2024-07-02T18:16:00,A0079,18678.30,app
T01001,2024-11-25T14:29:00,A0059,8881.70,web
T01002,2024-06-08T13:50:00,A0413,32830.07,web
T01003,2024-06-16T14:50:00,A0098,39322.28,app
T01004,2024-09-02T11:36:00,A0494,11924.03,web
T01005,2024-11-27T13:11:00,A0458,21772.76,app
T01006,2024-06-07T13:33:00,A0796,1004.81,app
T01007,2024-07-09T16:18:00,A0336,8332.37,web
T01008,2024-02-14T19:13:00,A0462,8571.32,web
T01009,2024-07-08T13:57:00,A0447,40220.30,branch
T01010,2024-05-12T20:37:00,A0067,41141.50,web
T01011,2024-07-03T19:31:00,A0222,40153.43,atm
T01012,2024-02-18T11:45:00,A0442,35592.11,app
T01013,2024-08-16T16:36:00,A0776,13261.91,atm
T01014,2024-11-26T20:08:00,A0087,40040.56,app
T01015,2024-02-16T19:27:00,A0158,4467.05,app
T01016,2024-10-01T09:11:00,A0597,4170.58,web
T01017,2024-09-15T16:00:00,A0201,18585.43,web
T01018,2024-04-03T09:45:00,A0517,6874.98,web
T01019,2024-05-20T09:19:00,A0630,6639.96,web
T01020,2024-08-07T10:06:00,A0252,20584.99,atm
T01021,2024-01-05T20:53:00,A0002,22136.40,web
T01022,2024-11-27T09:39:00,A0087,15642.85,app
T01023,2024-11-22T17:13:00,A0237,1070.74,web
T01024,2024-08-11T20:20:00,A0038,24294.18,app
T01025,2024-10-16T17:48:00,A0370,5168.11,app
T01026,2024-06-12T10:28:00,A0750,7935.60,atm
T01027,2024-03-19T09:41:00,A0448,31212.78,branch
T01028,2024-07-02T11:51:00,A0424,26070.77,branch
T01029,2024-06-09T20:17:00,A0400,29827.51,branch
T01030,2024-04-02T09:31:00,A0615,27662.58,atm
T01031,2024-09-23T09:55:00,A0646,20277.02,branch
T01032,2024-06-22T15:08:00,A0434,12503.31,web
T01033,2024-02-10T13:18:00,A0342,14366.06,web
T01034,2024-10-24T18:10:00,A0176,37268.83,web
T01035,2024-06-03T09:30:00,A0042,19511.55,app
T01036,2024-12-27T11:30:00,A0306,7505.42,branch
T01037,2024-02-23T10:13:00,A0037,8383.76,app
T01038,2024-10-28T13:11:00,A0618,12946.94,branch
T01039,2024-11-03T20:55:00,A0678,5766.75,atm
T01040,2024-09-12T19:50:00,A0385,36443.08,web
T01041,2024-09-23T15:01:00,A0522,36559.49,branch
T01042,2024-09-16T17:30:00,A0211,34076.23,web
T01043,2024-09-18T09:31:00,A0768,1634.83,app
T01044,2024-03-16T13:00:00,A0428,4802.94,web
T01045,2024-12-11T16:43:00,A0412,14905.40,app
T01046,2024-12-11T15:33:00,A0534,25325.66,atm
T01047,2024-08-02T09:03:00,A0417,16199.99,atm
T01048,2024-10-28T10:10:00,A0083,2330.08,branch
T01049,2024-04-11T15:33:00,A0563,19249.42,app
T01050,2024-01-01T14:37:00,A0392,6603.25,web
T01051,2024-08-21T15:55:00,A0457,24191.40,app
T01052,2024-05-22T20:57:00,A0447,21909.36,atm
T01053,2024-08-11T19:48:00,A0485,28901.77,web
T01054,2024-06-11T13:07:00,A0720,28352.82,app
T01055,2024-04-16T20:01:00,A0620,7586.90,branch
T01056,2024-07-12T16:06:00,A0586,9158.74,app
T01057,2024-01-13T19:46:00,A0651,35357.22,web
T01058,2024-05-05T10:07:00,A0241,3666.60,web
T01059,2024-05-15T17:19:00,A0589,32871.74,branch
T01060,2024-12-28T16:48:00,A0148,20877.11,atm
T01061,2024-06-19T10:02:00,A0282,16624.29,web
T01062,2024-02-24T20:55:00,A0383,21647.48,app
T01063,2024-04-13T15:09:00,A0206,12518.23,branch
T01064,2024-06-28T15:09:00,A0731,11420.52,app
T01065,2024-07-06T19:58:00,A0450,6423.22,app
T01066,2024-07-04T11:18:00,A0300,10367.69,web
T01067,2024-11-11T09:31:00,A0031,2036.53,app
T01068,2024-02-21T17:31:00,A0777,41783.88,web
T01069,2024-12-21T19:23:00,A0200,31519.40,atm
T01070,2024-08-07T17:42:00,A0407,31797.56,app
T01071,2024-02-17T09:55:00,A0467,32098.63,branch
T01072,2024-01-23T18:56:00,A0750,37118.14,branch
T01073,2024-12-13T11:07:00,A0495,27967.36,branch
T01074,2024-09-19T09:25:00,A0650,15651.04,branch
T01075,2024-12-17T11:19:00,A0675,15409.42,branch
T01076,2024-12-09T10:09:00,A0765,22319.62,app
T01077,2024-08-23T11:48:00,A0412,8558.89,atm
T01078,2024-10-22T16:51:00,A0723,28126.73,web
T01079,2024-03-07T17:08:00,A0601,40443.73,web
T01080,2024-11-28T20:19:00,A0171,40834.37,web
T01081,2024-07-21T13:06:00,A0506,14761.23,web
T01082,2024-02-25T13:48:00,A0136,25506.59,atm
T01083,2024-04-15T09:46:00,A0253,10725.24,atm
T01084,2024-01-25T19:54:00,A0656,20269.88,atm
T01085,2024-11-20T19:31:00,A0095,15570.93,atm
T01086,2024-03-27T13:22:00,A0788,28697.14,web
T01087,2024-05-10T10:56:00,A0660,13724.14,atm
T01088,2024-08-03T18:47:00,A0659,1935.88,app
T01089,2024-09-20T14:26:00,A0125,13226.78,app
T01090,2024-09-12T20:02:00,A0103,4359.73,app
T01091,2024-09-20T11:00:00,A0472,1983.39,web
T01092,2024-04-20T19:27:00,A0129,32260.36,atm
T01093,2024-06-15T16:24:00,A0514,20463.52,app
T01094,2024-06-17T16:36:00,A0328,28308.84,atm
T01095,2024-07-27T16:01:00,A0610,2860.53,atm
T01096,2024-07-15T17:38:00,A0463,20296.22,atm
T01097,2024-05-01T10:32:00,A0417,3585.36,web
T01098,2024-08-24T20:27:00,A0645,18253.55,branch
T01099,2024-08-13T14:44:00,A0476,8699.74,web
T01100,2024-02-19T19:22:00,A0613,9211.29,branch
T01101,2024-04-18T18:00:00,A0460,5239.58,branch
T01102,2024-11-12T14:29:00,A0645,23108.27,app
T01103,2024-05-19T13:24:00,A0073,26793.46,atm
T01104,2024-03-03T10:15:00,A0392,17791.84,web
T01105,2024-10-19T09:13:00,A0137,36931.49,atm
T01106,2024-10-13T13:05:00,A0340,20323.96,web
T01107,2024-03-27T18:12:00,A0649,3326.96,web
T01108,2024-05-07T19:34:00,A0453,15527.08,app
T01109,2024-12-01T18:20:00,A0349,34309.08,atm
T01110,2024-12-17T16:57:00,A0193,3576.01,atm
T01111,2024-02-25T17:30:00,A0367,5020.42,app
T01112,2024-12-18T16:42:00,A0313,24149.49,atm
T01113,2024-05-13T16:24:00,A0687,22029.95,app
T01114,2024-12-12T14:26:00,A0463,27510.03,branch
T01115,2024-11-27T13:13:00,A0663,32981.92,web
T01116,2024-01-08T11:14:00,A0798,38523.78,atm
T01117,2024-02-13T18:17:00,A0713,26534.03,web
T01118,2024-04-08T20:39:00,A0615,17205.52,atm
T01119,2024-02-17T10:48:00,A0403,41042.67,app
T01120,2024-12-02T09:29:00,A0438,12608.43,app
T01121,2024-08-14T15:10:00,A0395,26460.34,web
T01122,2024-04-24T13:01:00,A0434,13716.12,app
T01123,2024-06-08T16:45:00,A0744,36362.39,web
T01124,2024-04-21T20:51:00,A0790,31315.72,branch
T01125,2024-11-01T13:08:00,A0533,31407.28,web
T01126,2024-12-02T19:16:00,A0386,28326.61,web
T01127,2024-11-22T17:46:00,A0180,14768.96,web
T01128,2024-08-27T14:01:00,A0540,35771.34,app
T01129,2024-09-14T18:08:00,A0679,41595.41,atm
T01130,2024-05-04T09:34:00,A0779,25601.25,atm
T01131,2024-09-21T16:14:00,A0547,18291.95,app
T01132,2024-07-11T20:22:00,A0621,31817.92,atm
T01133,2024-11-05T11:53:00,A0432,8711.64,app
T01134,2024-02-14T16:46:00,A0487,16866.00,app
T01135,2024-11-02T09:01:00,A0626,38167.89,web
T01136,2024-02-01T14:00:00,A0139,10908.36,atm
T01137,2024-02-22T10:51:00,A0785,39109.74,web
T01138,2024-05-19T11:57:00,A0198,35878.92,app
T01139,2024-04-17T09:41:00,A0553,38997.98,branch
T01140,2024-01-04T18:18:00,A0026,6104.77,app
T01141,2024-03-10T10:21:00,A0703,14855.70,app
T01142,2024-04-12T15:45:00,A0551,7649.43,web
T01143,2024-12-16T14:05:00,A0676,34008.35,branch
T01144,2024-10-27T20:57:00,A0061,35321.85,branch
T01145,2024-10-15T13:08:00,A0358,37353.72,app
T01146,2024-03-09T16:02:00,A0288,7497.52,atm
T01147,2024-06-26T20:38:00,A0044,25564.01,app
T01148,2024-07-14T18:25:00,A0642,37629.28,web
T01149,2024-05-07T15:29:00,A0302,15737.53,web
T01150,2024-04-18T20:20:00,A0353,28254.14,web
T01151,2024-11-02T16:27:00,A0194,11140.12,app
T01152,2024-11-13T19:25:00,A0104,12586.80,web
T01153,2024-06-07T13:18:00,A0663,7452.05,web
T01154,2024-04-25T14:22:00,A0426,13882.20,app
T01155,2024-01-15T09:51:00,A0460,38071.17,web
T01156,2024-12-19T09:46:00,A0353,23157.76,branch
T01157,2024-12-09T10:26:00,A0515,2323.41,branch
T01158,2024-11-05T09:41:00,A0520,12121.01,atm
T01159,2024-04-04T20:15:00,A0393,41097.99,web
T01160,2024-10-05T09:26:00,A0734,5095.01,branch
T01161,2024-01-27T10:42:00,A0097,13963.16,web
T01162,2024-02-19T16:07:00,A0251,25233.76,app
T01163,2024-12-07T17:55:00,A0684,26561.78,web
T01164,2024-01-21T13:55:00,A0704,20193.88,branch
T01165,2024-01-13T20:48:00,A0137,38540.57,atm
T01166,2024-04-22T13:52:00,A0071,8268.97,app
T01167,2024-12-11T16:29:00,A0098,32614.89,atm
T01168,2024-04-26T11:50:00,A0689,17976.50,branch
T01169,2024-01-28T11:11:00,A0702,20286.04,atm
T01170,2024-07-07T11:40:00,A0066,20468.33,app
T01171,2024-01-23T11:05:00,A0064,25843.25,branch
T01172,2024-04-23T13:51:00,A0689,4252.63,web
T01173,2024-09-14T20:15:00,A0394,24905.41,atm
T01174,2024-12-02T16:33:00,A0705,9816.61,web
T01175,2024-07-25T15:15:00,A0722,33736.85,atm
T01176,2024-11-05T15:18:00,A0050,31517.10,app
T01177,2024-12-02T11:29:00,A0257,9146.06,branch
T01178,2024-05-05T13:58:00,A0372,1743.30,web
T01179,2024-10-25T15:21:00,A0287,39944.79,branch
T01180,2024-07-17T14:23:00,A0528,38340.69,atm
T01181,2024-03-19T16:33:00,A0572,40707.25,web
T01182,2024-12-16T09:17:00,A0722,15819.67,app
T01183,2024-06-10T17:58:00,A0657,28045.05,branch
T01184,2024-02-03T10:01:00,A0414,40574.05,atm
T01185,2024-07-22T16:49:00,A0501,33979.50,branch
T01186,2024-02-05T18:05:00,A0723,10722.96,branch
T01187,2024-05-09T09:41:00,A0547,2803.87,atm
T01188,2024-10-21T17:14:00,A0541,22108.72,web
T01189,2024-09-18T19:47:00,A0699,24503.60,atm
T01190,2024-07-22T11:08:00,A0052,34161.77,branch
T01191,2024-12-01T19:22:00,A0544,24568.09,app
T01192,2024-07-01T10:25:00,A0619,1960.21,web
T01193,2024-02-07T15:04:00,A0714,21255.44,branch
T01194,2024-07-22T11:05:00,A0256,2180.36,branch
T01195,2024-05-08T20:27:00,A0731,14701.12,app
T01196,2024-08-08T14:40:00,A0105,38156.23,branch
T01197,2024-04-16T11:48:00,A0080,37404.19,branch
T01198,2024-08-13T09:35:00,A0568,7001.10,web
T01199,2024-07-24T09:46:00,A0445,26424.14,app
T01200,2024-08-15T14:19:00,A0723,35621.94,atm
T01201,2024-04-08T11:11:00,A0116,4447.72,app
T01202,2024-11-19T14:48:00,A0475,3478.01,atm
T01203,2024-12-18T14:32:00,A0337,4528.20,branch
T01204,2024-01-24T13:37:00,A0478,41786.41,app
T01205,2024-10-22T19:56:00,A0599,31959.54,atm
T01206,2024-04-24T17:31:00,A0793,15285.70,branch
T01207,2024-06-26T19:16:00,A0698,15101.66,branch
T01208,2024-06-03T15:02:00,A0088,29714.98,atm
T01209,2024-10-03T15:58:00,A0068,2761.03,app
T01210,2024-07-07T20:36:00,A0425,11246.10,web
T01211,2024-08-24T20:16:00,A0089,20188.53,web
T01212,2024-06-24T16:16:00,A0593,10940.75,web
T01213,2024-01-03T19:24:00,A0088,39861.49,app
T01214,2024-03-23T20:30:00,A0784,5137.61,app
T01215,2024-02-26T14:04:00,A0700,4464.88,branch
T01216,2024-09-05T13:42:00,A0407,16217.78,atm
T01217,2024-08-13T15:42:00,A0565,19275.06,atm
T01218,2024-08-10T16:54:00,A0756,34935.04,branch
T01219,2024-03-25T16:32:00,A0224,17503.38,app
T01220,2024-10-23T13:08:00,A0139,4919.74,atm
T01221,2024-09-16T10:37:00,A0453,21613.55,branch
T01222,2024-05-11T19:36:00,A0796,19403.54,web
T01223,2024-12-18T17:36:00,A0794,4356.94,web
T01224,2024-07-04T18:18:00,A0778,2735.54,branch
T01225,2024-01-21T17:25:00,A0019,23988.72,app
T01226,2024-08-04T14:27:00,A0736,40159.55,atm
T01227,2024-07-16T13:17:00,A0087,22295.72,web
T01228,2024-03-03T17:14:00,A0061,28741.78,app
T01229,2024-04-26T17:47:00,A0576,9581.53,app
T01230,2024-06-26T09:58:00,A0085,2179.00,branch
T01231,2024-03-14T17:12:00,A0693,18983.37,atm
T01232,2024-09-08T17:10:00,A0192,20579.03,atm
T01233,2024-04-26T09:41:00,A0151,41465.76,app
T01234,2024-03-08T11:28:00,A0406,21309.80,atm
T01235,2024-02-04T17:59:00,A0173,14491.48,web
T01236,2024-01-14T11:09:00,A0253,37059.38,branch
T01237,2024-02-28T10:12:00,A0008,23155.46,atm
T01238,2024-07-08T14:41:00,A0060,26638.03,app
T01239,2024-01-10T09:06:00,A0058,36377.92,atm
T01240,2024-05-11T11:31:00,A0785,7390.99,atm
T01241,2024-01-17T16:58:00,A0351,31921.70,web
T01242,2024-03-19T13:29:00,A0312,22304.77,branch
T01243,2024-07-22T11:18:00,A0457,5492.53,atm
T01244,2024-09-18T10:12:00,A0006,27064.45,app
T01245,2024-09-17T18:06:00,A0718,8672.17,app
T01246,2024-07-16T18:26:00,A0793,24675.10,app
T01247,2024-01-28T19:47:00,A0313,35867.70,atm
T01248,2024-04-22T09:11:00,A0726,30923.40,app
T01249,2024-02-25T13:52:00,A0649,8638.29,branch
T01250,2024-12-16T13:52:00,A0732,23971.67,app
T01251,2024-07-10T10:53:00,A0233,28915.77,app
T01252,2024-02-17T19:05:00,A0678,731.08,web
T01253,2024-04-22T16:12:00,A0579,40018.68,app
T01254,2024-08-22T09:44:00,A0547,39831.80,branch
T01255,2024-01-21T14:52:00,A0759,3596.81,app
T01256,2024-02-26T19:29:00,A0791,26433.39,web
T01257,2024-07-28T13:19:00,A0656,20983.71,app
T01258,2024-09-12T14:26:00,A0534,972.31,branch
T01259,2024-06-19T13:45:00,A0741,8948.24,app
T01260,2024-07-03T15:08:00,A0579,10530.53,web
T01261,2024-05-24T16:02:00,A0223,28576.18,app
T01262,2024-07-08T09:04:00,A0513,18781.47,app
T01263,2024-11-04T10:44:00,A0650,4044.19,app
T01264,2024-01-25T18:28:00,A0631,16410.22,branch
T01265,2024-08-03T20:06:00,A0706,26986.36,branch
T01266,2024-01-01T20:00:00,A0751,33207.53,app
T01267,2024-02-16T19:13:00,A0775,23642.83,web
T01268,2024-09-05T18:25:00,A0539,23055.45,web
T01269,2024-09-05T20:24:00,A0422,2911.31,branch
T01270,2024-02-20T18:09:00,A0122,36507.39,atm
T01271,2024-09-02T20:20:00,A0002,16718.47,branch
T01272,2024-12-15T09:42:00,A0582,4579.68,app
T01273,2024-05-18T19:59:00,A0081,32055.95,branch
T01274,2024-07-15T10:48:00,A0362,17952.84,atm
T01275,2024-10-22T09:08:00,A0436,1297.45,atm
T01276,2024-06-10T15:10:00,A0037,39946.50,app
T01277,2024-02-27T17:49:00,A0659,15231.45,branch
T01278,2024-02-16T13:54:00,A0453,13065.00,branch
T01279,2024-01-21T09:26:00,A0609,30947.58,atm
T01280,2024-04-10T14:14:00,A0547,5982.10,web
T01281,2024-03-02T11:52:00,A0547,26195.15,app
T01282,2024-09-08T10:18:00,A0014,38889.41,branch
T01283,2024-03-03T09:30:00,A0117,41350.43,branch
T01284,2024-10-05T09:26:00,A0552,4108.79,atm
T01285,2024-04-06T17:40:00,A0205,19206.85,web
T01286,2024-06-17T20:35:00,A0526,4121.62,atm
T01287,2024-07-21T15:37:00,A0644,40122.93,atm
T01288,2024-10-24T20:56:00,A0071,40503.51,branch
T01289,2024-09-01T20:52:00,A0112,12532.46,atm
T01290,2024-06-03T11:10:00,A0782,31557.03,app
T01291,2024-05-08T10:09:00,A0449,7081.59,atm
T01292,2024-03-27T11:31:00,A0065,27926.31,web
T01293,2024-05-05T16:31:00,A0107,23784.47,app
T01294,2024-08-16T13:46:00,A0562,30840.33,web
T01295,2024-08-26T19:38:00,A0459,33151.40,web
T01296,2024-07-21T13:13:00,A0727,32269.68,branch
T01297,2024-12-28T10:30:00,A0108,41932.63,app
T01298,2024-12-22T15:34:00,A0280,11174.47,branch
T01299,2024-06-03T15:04:00,A0272,173.13,branch
T01300,2024-10-21T16:59:00,A0583,28298.34,branch
T01301,2024-10-26T11:40:00,A0391,19744.52,web
T01302,2024-11-12T15:33:00,A0591,12340.84,web
T01303,2024-02-06T13:09:00,A0378,893.53,app
T01304,2024-11-27T10:53:00,A0262,6041.57,app
T01305,2024-12-08T20:02:00,A0064,8955.46,branch
T01306,2024-03-17T17:43:00,A0228,8968.37,app
T01307,2024-12-23T13:25:00,A0067,37302.32,web
T01308,2024-02-08T14:06:00,A0117,24472.42,app
T01309,2024-10-04T10:04:00,A0243,26123.24,web
T01310,2024-11-25T10:03:00,A0796,27149.62,branch
T01311,2024-08-13T14:56:00,A0479,11294.24,web
T01312,2024-04-09T19:00:00,A0701,34837.94,app
T01313,2024-02-05T17:00:00,A0025,23176.19,atm
T01314,2024-12-23T17:44:00,A0271,10553.95,atm
T01315,2024-03-12T11:44:00,A0269,9743.07,branch
T01316,2024-02-21T19:48:00,A0446,29235.68,app
T01317,2024-05-02T19:21:00,A0206,13218.14,app
T01318,2024-08-25T17:16:00,A0589,24192.82,web
T01319,2024-01-11T13:18:00,A0655,10947.02,web
T01320,2024-10-17T16:52:00,A0477,7689.05,web
T01321,2024-11-24T17:57:00,A0582,22915.91,atm
T01322,2024-08-12T19:09:00,A0631,1089.07,app
T01323,2024-04-23T18:51:00,A0592,13699.94,atm
T01324,2024-06-08T18:32:00,A0367,19230.07,atm
T01325,2024-10-12T20:28:00,A0584,20957.65,atm
T01326,2024-12-06T15:08:00,A0174,1610.46,app
T01327,2024-10-24T20:56:00,A0712,14402.12,atm
T01328,2024-03-13T15:03:00,A0791,26688.46,web
T01329,2024-02-09T14:18:00,A0032,26555.99,branch
T01330,2024-05-19T14:42:00,A0667,15213.40,app
T01331,2024-04-03T13:35:00,A0586,2460.22,branch
T01332,2024-11-22T20:08:00,A0611,26321.27,web
T01333,2024-01-12T13:14:00,A0293,7683.13,atm
T01334,2024-06-26T13:59:00,A0570,15055.25,atm
T01335,2024-05-08T09:42:00,A0513,12475.84,web
T01336,2024-04-21T10:30:00,A0268,29312.99,web
T01337,2024-08-22T14:29:00,A0465,35349.39,branch
T01338,2024-06-01T19:30:00,A0295,14263.33,app
T01339,2024-12-12T09:37:00,A0160,26286.15,app
T01340,2024-10-07T11:20:00,A0144,15808.42,app
T01341,2024-02-14T17:57:00,A0631,30327.50,app
T01342,2024-09-07T15:14:00,A0376,31644.11,branch
T01343,2024-12-19T18:09:00,A0591,20736.53,atm
T01344,2024-04-16T14:24:00,A0015,38007.70,atm
T01345,2024-01-02T11:06:00,A0183,10364.95,atm
T01346,2024-10-03T10:16:00,A0147,39062.33,app
T01347,2024-07-17T16:13:00,A0281,16720.53,branch
T01348,2024-02-02T15:45:00,A0671,28970.18,atm
T01349,2024-05-24T20:48:00,A0209,1076.98,app
T01350,2024-12-11T09:56:00,A0657,161.48,app
T01351,2024-04-02T20:57:00,A0582,12493.27,web
T01352,2024-08-02T18:12:00,A0103,23017.51,app
T01353,2024-09-04T17:27:00,A0158,13022.70,atm
T01354,2024-06-06T15:53:00,A0200,27546.37,app
T01355,2024-01-21T17:13:00,A0559,24406.89,atm
T01356,2024-04-09T10:39:00,A0022,7539.37,branch
T01357,2024-02-01T11:31:00,A0440,15213.29,web
T01358,2024-03-20T13:12:00,A0493,22878.17,branch
T01359,2024-07-12T15:12:00,A0442,3785.48,web
T01360,2024-10-14T15:12:00,A0531,34282.50,atm
T01361,2024-06-10T10:18:00,A0634,10109.62,app
T01362,2024-05-24T09:18:00,A0566,1308.25,atm
T01363,2024-01-27T16:15:00,A0450,8045.34,branch
T01364,2024-07-01T14:35:00,A0489,20152.58,app
T01365,2024-09-24T19:56:00,A0582,14645.67,web
T01366,2024-12-16T11:41:00,A0517,39078.70,branch
T01367,2024-12-13T14:54:00,A0649,10911.93,branch
T01368,2024-05-26T17:33:00,A0628,27603.39,web
T01369,2024-11-07T17:29:00,A0590,1213.35,app
T01370,2024-11-17T10:36:00,A0380,21885.81,atm
T01371,2024-07-28T19:37:00,A0094,7969.84,atm
T01372,2024-12-04T16:55:00,A0261,35581.96,web
T01373,2024-07-03T15:39:00,A0393,36247.89,web
T01374,2024-01-14T14:10:00,A0409,3299.58,branch
T01375,2024-10-26T19:06:00,A0182,37632.01,branch
T01376,2024-10-17T14:32:00,A0019,4552.64,web
T01377,2024-01-06T10:29:00,A0510,40030.02,atm
T01378,2024-11-24T14:46:00,A0310,32819.17,app
T01379,2024-09-26T13:28:00,A0710,11830.93,atm
T01380,2024-11-23T20:24:00,A0144,7942.47,web
T01381,2024-11-01T11:26:00,A0155,30173.04,web
T01382,2024-03-11T20:18:00,A0238,33773.87,web
T01383,2024-03-22T16:32:00,A0780,10946.20,branch
T01384,2024-03-26T20:26:00,A0550,29933.36,atm
T01385,2024-11-08T17:09:00,A0018,9742.81,app
T01386,2024-06-05T14:25:00,A0734,19069.20,atm
T01387,2024-11-06T17:45:00,A0758,14857.42,atm
T01388,2024-12-17T10:55:00,A0734,25722.05,branch
T01389,2024-03-24T18:19:00,A0095,32922.04,atm
T01390,2024-04-16T10:43:00,A0522,9131.50,atm
T01391,2024-12-07T19:57:00,A0125,22163.27,web
T01392,2024-11-04T15:47:00,A0157,40686.73,web
T01393,2024-07-07T09:52:00,A0389,25118.29,branch
T01394,2024-01-25T13:45:00,A0714,19766.83,atm
T01395,2024-09-27T13:27:00,A0481,6075.50,branch
T01396,2024-02-07T18:49:00,A0675,32312.62,branch
T01397,2024-02-14T10:58:00,A0231,38250.74,web
T01398,2024-01-16T14:10:00,A0410,690.22,web
T01399,2024-02-20T15:04:00,A0064,33747.39,web
T01400,2024-06-16T15:03:00,A0542,934.02,atm
T01401,2024-12-07T11:52:00,A0046,37791.02,branch
T01402,2024-12-20T16:21:00,A0123,15603.04,branch
T01403,2024-05-27T18:47:00,A0010,19366.03,app
T01404,2024-08-28T09:31:00,A0723,22484.84,web
T01405,2024-01-01T09:51:00,A0718,34514.65,branch
T01406,2024-11-14T15:48:00,A0735,35448.50,app
T01407,2024-07-25T11:15:00,A0139,37715.46,branch
T01408,2024-06-24T18:25:00,A0765,26827.13,app
T01409,2024-06-20T13:19:00,A0411,18722.95,atm
T01410,2024-10-07T14:21:00,A0488,21309.01,web
T01411,2024-12-13T11:23:00,A0216,19294.09,branch
T01412,2024-12-16T19:15:00,A0229,18016.83,web
T01413,2024-03-03T18:52:00,A0721,10602.53,branch
T01414,2024-12-01T19:39:00,A0360,11215.30,web
T01415,2024-10-08T13:06:00,A0532,24538.06,web
T01416,2024-01-15T11:30:00,A0200,29336.76,app
T01417,2024-08-05T20:37:00,A0566,5824.24,web
T01418,2024-09-16T18:01:00,A0645,35064.20,web
T01419,2024-01-08T10:43:00,A0635,29835.14,branch
T01420,2024-11-10T15:04:00,A0362,18811.49,branch
T01421,2024-07-13T13:00:00,A0239,15286.93,atm
T01422,2024-08-19T14:12:00,A0642,27493.94,atm
T01423,2024-04-08T14:44:00,A0785,38307.10,atm
T01424,2024-05-25T11:53:00,A0425,17717.21,app
T01425,2024-04-13T13:02:00,A0685,1029.59,atm
T01426,2024-05-11T11:43:00,A0499,25115.05,app
T01427,2024-02-22T15:14:00,A0392,4822.98,app
T01428,2024-09-13T16:48:00,A0705,19987.74,atm
T01429,2024-03-05T20:19:00,A0684,125.21,branch
T01430,2024-05-18T09:09:00,A0764,33301.49,atm
T01431,2024-08-15T20:29:00,A0787,6979.74,branch
T01432,2024-02-09T15:50:00,A0544,23009.97,atm
T01433,2024-05-09T20:30:00,A0149,22669.63,atm
T01434,2024-07-15T16:12:00,A0438,37665.33,app
T01435,2024-02-19T17:05:00,A0650,33064.84,branch
T01436,2024-09-06T18:38:00,A0761,16334.59,branch
T01437,2024-03-09T16:01:00,A0021,33252.52,web
T01438,2024-09-26T10:46:00,A0780,35690.27,branch
T01439,2024-07-15T18:44:00,A0159,25001.91,web
T01440,2024-02-16T13:07:00,A0358,8547.88,branch
T01441,2024-06-26T13:53:00,A0158,34379.86,app
T01442,2024-02-09T16:07:00,A0310,10430.91,atm
T01443,2024-06-15T14:30:00,A0366,22278.72,web
T01444,2024-11-22T14:59:00,A0619,5805.53,app
T01445,2024-06-19T20:11:00,A0608,23820.19,atm
T01446,2024-07-25T16:09:00,A0216,17764.55,web
T01447,2024-12-08T10:59:00,A0699,21381.54,app
T01448,2024-04-26T16:44:00,A0719,39441.09,web
T01449,2024-12-16T14:20:00,A0729,25151.66,web
T01450,2024-01-28T11:30:00,A0189,39759.48,atm
T01451,2024-02-01T15:33:00,A0716,39481.78,atm
T01452,2024-02-06T20:56:00,A0255,16369.19,atm
T01453,2024-10-02T13:52:00,A0676,18938.37,web
T01454,2024-06-25T13:48:00,A0463,39792.90,branch
T01455,2024-04-10T10:01:00,A0093,22641.77,branch
T01456,2024-12-22T19:54:00,A0723,13680.12,atm
T01457,2024-01-05T17:32:00,A0746,28386.48,atm
T01458,2024-07-06T16:47:00,A0550,7072.76,atm
T01459,2024-10-23T17:06:00,A0271,27453.89,app
T01460,2024-02-03T14:32:00,A0017,39935.63,app
T01461,2024-01-09T14:35:00,A0356,12929.87,app
T01462,2024-11-18T17:01:00,A0240,14858.95,app
T01463,2024-07-16T14:25:00,A0541,9282.33,branch
T01464,2024-02-10T17:39:00,A0558,11829.25,app
T01465,2024-12-03T16:23:00,A0117,8772.48,branch
T01466,2024-10-28T15:38:00,A0446,616.89,web
T01467,2024-10-15T14:12:00,A0459,22267.68,app
T01468,2024-04-14T16:13:00,A0271,32925.28,web
T01469,2024-04-05T09:06:00,A0192,13097.19,web
T01470,2024-11-03T20:44:00,A0692,6115.04,atm
T01471,2024-09-12T15:23:00,A0327,34766.38,atm
T01472,2024-10-01T14:29:00,A0237,18217.95,app
T01473,2024-01-04T15:38:00,A0570,35066.87,web
T01474,2024-11-17T14:53:00,A0331,38778.00,atm
T01475,2024-08-15T19:33:00,A0649,29055.26,web
T01476,2024-02-17T10:09:00,A0426,14410.42,web
T01477,2024-11-19T14:39:00,A0328,16216.79,web
T01478,2024-04-16T17:27:00,A0734,17126.86,web
T01479,2024-10-21T11:32:00,A0307,40782.67,app
T01480,2024-11-23T19:20:00,A0582,29078.42,app
T01481,2024-02-28T13:43:00,A0144,3473.76,web
T01482,2024-12-20T13:55:00,A0085,34471.04,app
T01483,2024-11-13T17:47:00,A0611,27282.86,atm
T01484,2024-06-06T14:04:00,A0797,8638.28,branch
T01485,2024-01-27T11:00:00,A0615,32919.62,atm
T01486,2024-06-02T09:22:00,A0563,26574.19,web
T01487,2024-03-02T14:43:00,A0025,40136.62,branch
T01488,2024-11-12T10:45:00,A0282,31079.83,app
T01489,2024-08-16T20:22:00,A0676,15314.70,atm
T01490,2024-05-12T13:18:00,A0395,1673.61,atm
T01491,2024-01-18T16:49:00,A0406,34847.49,branch
T01492,2024-08-22T10:31:00,A0299,18035.25,atm
T01493,2024-08-10T19:07:00,A0563,33513.07,app
T01494,2024-12-05T18:43:00,A0434,37584.10,web
T01495,2024-09-05T20:45:00,A0132,30571.76,web
T01496,2024-03-20T17:43:00,A0654,40151.39,atm
T01497,2024-02-26T10:13:00,A0476,20308.39,atm
T01498,2024-10-27T10:39:00,A0681,18425.64,atm
T01499,2024-12-28T19:16:00,A0629,22820.83,atm
T01500,2024-09-24T14:16:00,A0714,6080.20,app
T01501,2024-03-16T10:21:00,A0306,8472.56,app
T01502,2024-06-01T14:24:00,A0738,39120.60,app
T01503,2024-04-24T19:01:00,A0706,30034.00,web
T01504,2024-11-10T13:15:00,A0332,2183.14,atm
T01505,2024-07-11T18:34:00,A0654,19009.14,branch
T01506,2024-10-27T19:25:00,A0633,27313.46,web
T01507,2024-03-08T16:00:00,A0210,10319.05,app
T01508,2024-10-24T15:55:00,A0662,29562.58,web
T01509,2024-10-18T10:14:00,A0287,34822.34,app
T01510,2024-07-01T14:28:00,A0562,33491.26,branch
T01511,2024-09-16T14:31:00,A0558,17198.75,web
T01512,2024-05-01T13:39:00,A0279,38965.42,branch
T01513,2024-01-10T10:49:00,A0415,13406.73,atm
T01514,2024-01-25T10:49:00,A0040,21729.22,app
T01515,2024-12-07T11:34:00,A0222,18949.09,web
T01516,2024-10-23T19:12:00,A0229,11044.10,web
T01517,2024-11-26T13:54:00,A0544,29798.26,atm
T01518,2024-02-01T18:49:00,A0705,38139.35,app
T01519,2024-02-14T19:49:00,A0069,13036.40,app
T01520,2024-10-18T19:14:00,A0533,9449.13,app
T01521,2024-09-06T13:28:00,A0408,14600.40,web
T01522,2024-09-28T20:36:00,A0430,8084.41,app
T01523,2024-08-18T09:13:00,A0344,41828.56,atm
T01524,2024-12-02T17:48:00,A0409,18440.35,branch
T01525,2024-09-13T09:34:00,A0003,28223.35,branch
T01526,2024-04-26T20:43:00,A0477,9931.69,atm
T01527,2024-01-04T09:56:00,A0171,3865.37,web
T01528,2024-06-19T20:42:00,A0114,40268.01,branch
T01529,2024-04-20T13:19:00,A0181,37122.23,atm
T01530,2024-09-01T15:01:00,A0415,13854.70,atm
T01531,2024-05-01T17:36:00,A0248,40874.46,web
T01532,2024-01-15T18:43:00,A0506,29214.66,web
T01533,2024-03-27T10:21:00,A0214,23580.22,web
T01534,2024-06-13T15:42:00,A0545,35400.84,atm
T01535,2024-08-21T14:34:00,A0096,24847.36,app
T01536,2024-12-05T19:18:00,A0610,41920.05,branch
T01537,2024-03-07T10:13:00,A0548,4029.80,branch
T01538,2024-05-11T11:46:00,A0636,41666.25,atm
T01539,2024-04-14T14:04:00,A0487,17126.54,app
T01540,2024-02-18T20:43:00,A0553,25767.67,atm
T01541,2024-03-05T14:29:00,A0212,1484.13,app
T01542,2024-10-14T17:21:00,A0497,35924.53,branch
T01543,2024-10-02T18:23:00,A0786,13435.39,app
T01544,2024-07-17T16:18:00,A0342,31878.10,app
T01545,2024-03-01T17:06:00,A0615,26258.37,app
T01546,2024-10-11T20:54:00,A0524,23073.18,app
T01547,2024-09-08T20:52:00,A0656,40114.58,app
T01548,2024-11-14T17:15:00,A0135,769.83,web
T01549,2024-05-07T18:34:00,A0591,14031.73,web
T01550,2024-01-20T10:54:00,A0597,33020.52,atm
T01551,2024-08-28T17:22:00,A0332,4577.55,web
T01552,2024-12-08T16:54:00,A0785,11052.63,atm
T01553,2024-10-27T14:57:00,A0250,31232.30,web
T01554,2024-01-26T17:42:00,A0567,6143.35,atm
T01555,2024-08-14T10:43:00,A0517,15585.64,branch
T01556,2024-11-11T14:02:00,A0042,2620.24,atm
T01557,2024-01-11T20:01:00,A0783,34401.30,atm
T01558,2024-05-17T18:55:00,A0316,23457.80,atm
T01559,2024-05-26T14:06:00,A0432,14008.63,web
T01560,2024-05-06T09:31:00,A0141,15511.09,web
T01561,2024-06-27T20:46:00,A0017,32595.85,web
T01562,2024-11-28T19:01:00,A0124,25526.76,web
T01563,2024-02-25T17:35:00,A0384,12255.81,branch
T01564,2024-03-16T19:49:00,A0470,10553.87,app
T01565,2024-12-18T09:35:00,A0624,37966.36,atm
T01566,2024-03-06T17:16:00,A0002,25290.73,web
T01567,2024-11-19T09:08:00,A0415,9066.73,branch
T01568,2024-04-05T17:38:00,A0270,17319.99,atm
T01569,2024-12-12T11:30:00,A0513,31760.99,branch
T01570,2024-05-28T16:25:00,A0791,39488.49,app
T01571,2024-04-10T13:55:00,A0069,39230.97,branch
T01572,2024-07-22T09:06:00,A0127,6014.15,web
T01573,2024-05-14T20:43:00,A0176,19912.50,web
T01574,2024-02-14T13:46:00,A0634,26444.81,app
T01575,2024-01-10T19:27:00,A0418,26749.80,atm
T01576,2024-07-21T20:02:00,A0752,12056.09,atm
T01577,2024-10-09T13:22:00,A0605,14142.80,web
T01578,2024-01-12T17:07:00,A0191,3809.70,branch
T01579,2024-08-23T14:46:00,A0337,29950.99,atm
T01580,2024-10-08T13:07:00,A0038,23592.20,app
T01581,2024-12-04T14:04:00,A0212,29560.93,web
T01582,2024-08-26T15:15:00,A0296,16964.47,web
T01583,2024-10-21T09:06:00,A0120,7209.47,branch
T01584,2024-12-22T14:46:00,A0196,31392.59,atm
T01585,2024-01-18T09:18:00,A0457,19431.44,atm
T01586,2024-10-21T16:24:00,A0150,34632.04,branch
T01587,2024-11-27T18:45:00,A0025,5504.47,branch
T01588,2024-02-08T19:22:00,A0311,4035.32,branch
T01589,2024-02-04T09:28:00,A0525,41163.34,app
T01590,2024-07-11T09:30:00,A0151,16661.92,branch
T01591,2024-01-23T16:34:00,A0800,30029.97,web
T01592,2024-06-02T19:23:00,A0772,39431.99,web
T01593,2024-11-16T17:27:00,A0161,40524.27,branch
T01594,2024-04-13T18:49:00,A0755,14279.79,web
T01595,2024-11-03T20:44:00,A0032,26092.00,app
T01596,2024-02-14T17:48:00,A0644,28490.44,atm
T01597,2024-09-24T10:41:00,A0443,11818.05,app
T01598,2024-12-07T14:21:00,A0699,9452.94,web
T01599,2024-02-23T20:59:00,A0300,25513.39,atm
T01600,2024-01-09T14:35:00,A0478,4869.26,app
T01601,2024-04-05T09:00:00,A0654,23312.07,branch
T01602,2024-05-07T09:04:00,A0208,10567.43,atm
T01603,2024-02-10T17:05:00,A0380,13371.84,app
T01604,2024-07-26T14:28:00,A0518,862.14,web
T01605,2024-04-28T18:33:00,A0481,13913.28,app
T01606,2024-08-07T18:18:00,A0035,27747.69,atm
T01607,2024-10-25T10:23:00,A0025,38265.94,atm
T01608,2024-10-15T16:28:00,A0446,14973.32,atm
T01609,2024-01-09T20:25:00,A0253,18727.28,branch
T01610,2024-10-18T11:30:00,A0786,9552.47,web
T01611,2024-02-04T19:57:00,A0029,222.37,branch
T01612,2024-01-07T15:25:00,A0729,12718.56,app
T01613,2024-08-27T11:45:00,A0127,6411.95,app
T01614,2024-06-27T11:52:00,A0100,4271.96,web
T01615,2024-03-15T17:59:00,A0085,26083.06,atm
T01616,2024-05-10T14:15:00,A0002,40244.85,atm
T01617,2024-02-04T16:55:00,A0234,32325.67,branch
T01618,2024-11-14T20:18:00,A0778,17160.30,branch
T01619,2024-11-01T11:50:00,A0032,39507.38,atm
T01620,2024-03-09T19:50:00,A0635,14272.96,web
T01621,2024-09-03T18:50:00,A0353,15981.83,web
T01622,2024-08-15T16:52:00,A0137,17874.14,atm
T01623,2024-06-07T17:49:00,A0255,37779.27,web
T01624,2024-04-24T14:00:00,A0727,31312.15,branch
T01625,2024-06-27T14:30:00,A0327,27680.36,atm
T01626,2024-02-17T19:08:00,A0594,34802.04,branch
T01627,2024-06-21T16:13:00,A0103,15885.69,app
T01628,2024-07-16T15:27:00,A0383,34759.77,web
T01629,2024-09-04T10:08:00,A0398,20044.81,branch
T01630,2024-03-16T16:07:00,A0240,18430.26,web
T01631,2024-08-12T11:31:00,A0605,16093.34,app
T01632,2024-05-27T10:36:00,A0392,7933.30,atm
T01633,2024-11-05T18:06:00,A0166,11486.82,branch
T01634,2024-01-04T11:06:00,A0599,15415.43,web
T01635,2024-07-04T20:37:00,A0752,24638.66,atm
T01636,2024-03-17T16:58:00,A0506,841.23,app
T01637,2024-08-08T18:05:00,A0043,35319.69,branch
T01638,2024-03-22T13:11:00,A0174,39780.87,atm
T01639,2024-09-03T13:23:00,A0417,9129.27,atm
T01640,2024-02-22T20:39:00,A0538,27327.87,atm
T01641,2024-03-14T16:41:00,A0424,25112.37,atm
T01642,2024-11-06T15:21:00,A0179,34176.28,atm
T01643,2024-08-17T15:36:00,A0035,9402.90,atm
T01644,2024-05-13T18:58:00,A0058,17812.45,app
T01645,2024-11-22T17:35:00,A0530,34822.20,app
T01646,2024-09-07T19:21:00,A0282,10576.72,web
T01647,2024-01-21T11:18:00,A0657,24759.25,web
T01648,2024-07-04T17:48:00,A0257,14510.70,app
T01649,2024-10-10T16:58:00,A0765,38093.44,atm
T01650,2024-10-02T18:32:00,A0215,13678.69,atm
T01651,2024-12-28T16:40:00,A0021,794.33,branch
T01652,2024-04-03T09:35:00,A0780,23805.06,app
T01653,2024-06-04T18:12:00,A0524,3349.33,web
T01654,2024-11-11T20:08:00,A0334,1030.98,web
T01655,2024-11-14T19:14:00,A0169,41805.56,app
T01656,2024-02-06T10:47:00,A0620,11971.45,web
T01657,2024-02-20T11:45:00,A0763,28450.02,web
T01658,2024-11-08T14:51:00,A0046,7223.34,web
T01659,2024-10-28T14:35:00,A0469,834.02,web
T01660,2024-09-26T17:31:00,A0645,19002.76,branch
T01661,2024-05-19T09:44:00,A0460,13541.45,web
T01662,2024-05-07T14:51:00,A0262,18665.72,app
T01663,2024-01-11T13:47:00,A0160,23138.88,branch
T01664,2024-03-01T17:33:00,A0759,6812.30,app
T01665,2024-07-15T19:17:00,A0045,33332.08,web
T01666,2024-07-05T20:29:00,A0737,37913.54,branch
T01667,2024-05-04T18:47:00,A0618,28939.02,atm
T01668,2024-08-01T09:48:00,A0183,38519.91,atm
T01669,2024-04-17T20:04:00,A0539,32252.37,atm
T01670,2024-10-23T13:29:00,A0480,26424.18,app
T01671,2024-05-07T17:03:00,A0294,30744.93,app
T01672,2024-09-12T17:09:00,A0290,26659.36,app
T01673,2024-04-02T17:54:00,A0050,35129.30,branch
T01674,2024-05-08T11:16:00,A0396,7556.13,web
T01675,2024-04-13T09:00:00,A0638,12342.24,app
T01676,2024-03-11T16:59:00,A0258,3228.14,atm
T01677,2024-03-04T19:34:00,A0650,35182.13,atm
T01678,2024-05-06T10:09:00,A0320,28194.66,branch
T01679,2024-07-26T15:05:00,A0576,25272.43,web
T01680,2024-01-24T17:07:00,A0501,6048.34,web
T01681,2024-12-18T19:28:00,A0036,27840.41,app
T01682,2024-01-04T09:21:00,A0280,9230.70,atm
T01683,2024-07-05T11:05:00,A0177,27953.47,branch
T01684,2024-03-01T10:15:00,A0249,36195.43,branch
T01685,2024-03-04T20:16:00,A0051,16681.61,branch
T01686,2024-02-24T20:48:00,A0670,31689.95,web
T01687,2024-06-07T20:56:00,A0659,19434.64,web
T01688,2024-06-17T10:32:00,A0251,29546.51,branch
T01689,2024-05-06T11:56:00,A0452,35627.62,app
T01690,2024-04-10T17:37:00,A0710,23253.26,branch
T01691,2024-10-25T17:50:00,A0306,31767.20,atm
T01692,2024-05-18T11:26:00,A0447,34359.74,branch
T01693,2024-10-13T18:57:00,A0432,29428.55,atm
T01694,2024-11-09T13:26:00,A0375,39202.93,web
T01695,2024-08-25T16:00:00,A0425,30868.98,app
T01696,2024-01-02T09:19:00,A0003,20270.36,branch
T01697,2024-06-11T20:40:00,A0220,2186.68,branch
T01698,2024-01-24T18:27:00,A0190,8244.77,app
T01699,2024-07-12T16:26:00,A0400,19536.80,web
T01700,2024-09-17T19:35:00,A0387,23436.28,atm
T01701,2024-05-01T19:58:00,A0741,25698.28,app
T01702,2024-08-11T09:47:00,A0422,16894.38,branch
T01703,2024-11-14T10:39:00,A0170,3218.47,atm
T01704,2024-01-21T16:18:00,A0091,9990.16,branch
T01705,2024-04-04T14:59:00,A0360,2097.48,atm
T01706,2024-02-08T09:02:00,A0725,11718.63,web
T01707,2024-05-14T17:24:00,A0226,38740.17,web
T01708,2024-02-17T13:29:00,A0592,9364.65,app
T01709,2024-02-19T10:44:00,A0327,14814.33,web
T01710,2024-12-20T20:54:00,A0176,22398.96,web
T01711,2024-08-13T18:13:00,A0208,14622.63,web
T01712,2024-12-22T16:38:00,A0338,29013.70,app
T01713,2024-12-12T18:35:00,A0220,33488.07,branch
T01714,2024-01-22T14:42:00,A0290,686.74,branch
T01715,2024-10-15T10:45:00,A0208,40995.02,app
T01716,2024-01-03T20:53:00,A0307,17011.00,app
T01717,2024-04-15T16:49:00,A0541,40048.46,app
T01718,2024-11-21T18:24:00,A0508,8914.93,app
T01719,2024-02-24T18:45:00,A0276,26690.73,atm
T01720,2024-04-24T19:43:00,A0638,10226.15,app
T01721,2024-05-18T10:07:00,A0788,1753.32,branch
T01722,2024-07-04T15:08:00,A0505,18131.26,app
T01723,2024-10-13T19:24:00,A0263,12903.48,atm
T01724,2024-01-23T16:21:00,A0576,5472.81,atm
T01725,2024-07-06T16:43:00,A0272,31313.20,web
T01726,2024-06-01T20:13:00,A0556,26990.77,atm
T01727,2024-04-22T13:40:00,A0452,36485.63,web
T01728,2024-11-11T20:02:00,A0436,19005.29,branch
T01729,2024-09-16T20:54:00,A0703,35455.86,atm
T01730,2024-06-11T15:01:00,A0385,34523.91,web
T01731,2024-04-15T13:51:00,A0233,29840.08,app
T01732,2024-07-24T09:12:00,A0375,34789.58,app
T01733,2024-03-15T14:29:00,A0693,15114.34,branch
T01734,2024-02-26T18:59:00,A0730,385.78,web
T01735,2024-12-16T16:14:00,A0459,27329.29,web
T01736,2024-12-27T16:09:00,A0438,39593.80,web
T01737,2024-12-27T11:07:00,A0335,38485.38,atm
T01738,2024-08-13T17:51:00,A0619,18103.01,app
T01739,2024-07-18T09:03:00,A0151,23418.05,atm
T01740,2024-08-11T18:41:00,A0085,29506.16,atm
T01741,2024-09-18T15:20:00,A0436,9520.66,atm
T01742,2024-01-08T18:27:00,A0732,1948.75,atm
T01743,2024-04-10T18:12:00,A0434,24051.87,app
T01744,2024-08-15T09:07:00,A0754,38794.93,web
T01745,2024-04-13T18:33:00,A0237,6381.81,branch
T01746,2024-06-24T16:11:00,A0445,17951.18,web
T01747,2024-11-04T20:01:00,A0488,37293.78,branch
T01748,2024-07-09T20:09:00,A0716,9824.24,web
T01749,2024-06-03T16:42:00,A0183,37519.45,atm
T01750,2024-06-25T11:40:00,A0056,38458.07,atm
T01751,2024-06-26T17:32:00,A0196,26516.65,atm
T01752,2024-07-24T14:54:00,A0434,12405.04,app
T01753,2024-02-27T11:43:00,A0191,19823.75,app
T01754,2024-10-01T10:26:00,A0150,37368.65,branch
T01755,2024-04-15T14:07:00,A0280,37743.76,atm
T01756,2024-02-07T11:03:00,A0547,24336.44,app
T01757,2024-01-06T10:34:00,A0163,21987.97,app
T01758,2024-05-09T16:51:00,A0625,35165.13,app
T01759,2024-02-21T11:22:00,A0669,14530.76,app
T01760,2024-06-22T19:30:00,A0320,36389.33,web
T01761,2024-02-03T20:17:00,A0699,29682.72,app
T01762,2024-10-03T20:37:00,A0252,1797.87,atm
T01763,2024-11-02T14:10:00,A0753,24568.44,atm
T01764,2024-07-13T15:24:00,A0695,1950.59,web
T01765,2024-02-04T09:44:00,A0013,17588.91,app
T01766,2024-11-02T11:20:00,A0247,20359.53,app
T01767,2024-09-04T14:11:00,A0233,17683.72,atm
T01768,2024-01-17T18:02:00,A0479,479.76,branch
T01769,2024-07-23T20:33:00,A0265,10416.10,atm
T01770,2024-02-19T11:02:00,A0050,9028.28,branch
T01771,2024-04-06T14:16:00,A0755,34345.46,web
T01772,2024-01-11T16:52:00,A0313,6699.64,app
T01773,2024-06-10T14:10:00,A0443,29991.07,app
T01774,2024-09-09T09:12:00,A0329,2064.46,atm
T01775,2024-06-05T17:22:00,A0052,16620.10,atm
T01776,2024-03-10T11:05:00,A0470,32979.45,web
T01777,2024-06-05T16:36:00,A0550,13618.65,app
T01778,2024-05-06T19:04:00,A0108,30268.66,atm
T01779,2024-10-05T20:26:00,A0637,27825.33,atm
T01780,2024-06-26T20:07:00,A0336,8276.57,web
T01781,2024-09-28T11:23:00,A0210,31479.81,app
T01782,2024-01-26T10:34:00,A0406,12927.66,branch
T01783,2024-04-25T19:55:00,A0583,3764.78,atm
T01784,2024-06-17T11:59:00,A0267,18062.37,web
T01785,2024-05-15T09:20:00,A0312,16240.80,branch
T01786,2024-07-18T17:53:00,A0664,41079.35,atm
T01787,2024-02-20T14:26:00,A0137,3443.38,atm
T01788,2024-10-27T14:57:00,A0777,10347.03,branch
T01789,2024-08-16T20:45:00,A0284,31969.15,web
T01790,2024-12-16T10:44:00,A0420,24502.29,branch
T01791,2024-03-01T16:27:00,A0708,3720.66,atm
T01792,2024-02-23T09:06:00,A0194,35236.19,web
T01793,2024-09-12T09:40:00,A0658,12211.39,atm
T01794,2024-07-08T19:08:00,A0756,25906.51,atm
T01795,2024-06-15T16:01:00,A0721,19622.12,web
T01796,2024-06-01T17:07:00,A0643,38613.97,branch
T01797,2024-01-05T15:09:00,A0619,9846.21,branch
T01798,2024-10-18T17:57:00,A0398,38449.24,atm
T01799,2024-03-20T20:57:00,A0601,20044.83,app
T01800,2024-02-07T19:19:00,A0327,14749.80,atm
T01801,2024-06-21T10:41:00,A0312,10599.98,atm
T01802,2024-09-12T19:10:00,A0363,39699.78,atm
T01803,2024-08-11T09:55:00,A0379,3943.39,branch
T01804,2024-10-04T09:20:00,A0734,33626.60,atm
T01805,2024-09-26T20:18:00,A0421,21419.49,atm
T01806,2024-07-02T16:10:00,A0175,2000.39,atm
T01807,2024-01-13T20:39:00,A0368,8131.82,atm
T01808,2024-05-09T13:55:00,A0295,5877.49,app
T01809,2024-11-04T09:23:00,A0624,34361.49,app
T01810,2024-09-21T14:22:00,A0468,33063.95,branch
T01811,2024-04-25T10:07:00,A0620,41589.09,atm
T01812,2024-07-13T18:07:00,A0346,39278.78,web
T01813,2024-09-26T17:54:00,A0527,24426.90,branch
T01814,2024-10-06T18:22:00,A0412,38195.36,web
T01815,2024-01-22T16:37:00,A0436,17371.18,branch
T01816,2024-08-10T20:55:00,A0336,36233.48,atm
T01817,2024-03-27T16:17:00,A0359,16262.28,app
T01818,2024-04-03T13:50:00,A0147,38043.14,web
T01819,2024-04-10T10:28:00,A0121,31585.93,atm
T01820,2024-06-20T14:19:00,A0611,814.07,atm
T01821,2024-04-07T19:53:00,A0421,26675.26,app
T01822,2024-03-27T17:12:00,A0077,26159.07,web
T01823,2024-12-16T17:19:00,A0109,26538.02,app
T01824,2024-11-02T17:07:00,A0091,6494.83,atm
T01825,2024-06-19T14:57:00,A0418,23161.18,web
T01826,2024-08-12T10:46:00,A0760,11696.34,atm
T01827,2024-02-20T09:11:00,A0285,2728.15,branch
T01828,2024-02-12T20:23:00,A0135,10986.30,branch
T01829,2024-06-13T18:03:00,A0107,19173.84,web
T01830,2024-09-15T16:16:00,A0454,40742.17,branch
T01831,2024-08-08T20:48:00,A0451,25840.62,app
T01832,2024-01-20T16:39:00,A0460,32206.49,branch
T01833,2024-05-18T18:51:00,A0118,40700.75,app
T01834,2024-11-20T16:32:00,A0117,41866.54,app
T01835,2024-08-02T20:56:00,A0453,23903.21,app
T01836,2024-03-15T13:13:00,A0474,5293.85,web
T01837,2024-02-12T14:59:00,A0414,25556.01,app
T01838,2024-02-12T13:02:00,A0336,40528.20,app
T01839,2024-09-13T15:19:00,A0688,2980.31,web
T01840,2024-06-10T11:43:00,A0335,38894.98,web
T01841,2024-04-18T11:23:00,A0527,28018.67,branch
T01842,2024-06-19T13:37:00,A0419,16198.31,branch
T01843,2024-12-09T20:49:00,A0217,29565.13,branch
T01844,2024-10-05T17:18:00,A0738,37538.91,app
T01845,2024-12-03T16:16:00,A0386,25103.86,app
T01846,2024-09-25T15:00:00,A0537,2802.65,web
T01847,2024-02-22T11:19:00,A0217,21294.03,app
T01848,2024-08-21T15:58:00,A0641,24729.52,branch
T01849,2024-12-24T11:21:00,A0717,483.73,app
T01850,2024-09-08T19:32:00,A0794,22423.70,branch
T01851,2024-11-06T16:34:00,A0730,4720.43,atm
T01852,2024-08-13T20:02:00,A0353,10655.06,web
T01853,2024-02-12T18:08:00,A0035,16999.71,atm
T01854,2024-07-12T15:15:00,A0286,10584.84,branch
T01855,2024-11-07T19:04:00,A0578,39088.40,branch
T01856,2024-06-15T18:16:00,A0548,32167.10,branch
T01857,2024-04-28T09:33:00,A0394,20414.35,app
T01858,2024-08-17T13:29:00,A0675,23863.89,branch
T01859,2024-05-26T15:30:00,A0314,32938.75,branch
T01860,2024-08-23T09:15:00,A0269,2918.73,web
T01861,2024-10-27T20:39:00,A0137,13820.17,atm
T01862,2024-02-22T18:35:00,A0178,33486.60,atm
T01863,2024-05-11T17:08:00,A0762,12003.56,atm
T01864,2024-05-11T17:38:00,A0404,454.44,atm
T01865,2024-10-22T18:05:00,A0698,33679.77,atm
T01866,2024-03-21T10:13:00,A0481,36395.70,web
T01867,2024-10-05T18:44:00,A0252,14803.70,atm
T01868,2024-03-20T16:55:00,A0655,27194.00,branch
T01869,2024-05-18T18:27:00,A0097,27436.26,web
T01870,2024-10-10T20:25:00,A0380,33213.47,app
T01871,2024-12-24T10:38:00,A0336,25536.13,web
T01872,2024-01-20T13:02:00,A0244,5379.28,atm
T01873,2024-08-17T09:52:00,A0169,21091.97,atm
T01874,2024-02-27T19:32:00,A0658,10674.69,branch
T01875,2024-03-19T15:26:00,A0701,15322.12,atm
T01876,2024-10-03T18:53:00,A0791,31545.34,branch
T01877,2024-09-27T14:26:00,A0742,676.80,app
T01878,2024-07-04T19:54:00,A0723,7763.65,branch
T01879,2024-02-16T16:59:00,A0735,37602.71,atm
T01880,2024-10-02T13:39:00,A0438,34501.02,web
T01881,2024-02-14T18:49:00,A0690,18235.76,atm
T01882,2024-12-24T10:06:00,A0260,21842.40,branch
T01883,2024-08-14T14:46:00,A0272,36190.70,branch
T01884,2024-06-23T17:59:00,A0059,25212.98,web
T01885,2024-04-21T11:22:00,A0601,26840.05,web
T01886,2024-02-14T13:26:00,A0472,38777.61,app
T01887,2024-12-07T20:16:00,A0233,17428.22,web
T01888,2024-06-23T20:48:00,A0800,34581.18,app
T01889,2024-02-26T14:45:00,A0057,27727.42,app
T01890,2024-03-23T10:39:00,A0225,18508.59,branch
T01891,2024-07-14T20:23:00,A0719,32806.07,atm
T01892,2024-09-23T10:43:00,A0291,14510.55,branch
T01893,2024-08-10T10:37:00,A0498,20976.60,branch
T01894,2024-05-10T16:05:00,A0230,31610.04,atm
T01895,2024-10-22T10:02:00,A0219,9397.57,web
T01896,2024-10-28T11:18:00,A0752,9870.32,atm
T01897,2024-09-12T19:47:00,A0561,32946.07,web
T01898,2024-07-11T20:46:00,A0275,1187.57,web
T01899,2024-11-27T15:40:00,A0678,19027.21,app
T01900,2024-06-27T19:04:00,A0096,24857.82,atm
T01901,2024-05-13T20:34:00,A0684,2034.83,branch
T01902,2024-12-11T15:07:00,A0490,31460.97,branch
T01903,2024-01-24T09:28:00,A0234,5622.75,app
T01904,2024-06-22T09:27:00,A0213,23250.24,atm
T01905,2024-10-02T09:55:00,A0387,3045.22,app
T01906,2024-03-25T09:04:00,A0236,40427.33,atm
T01907,2024-03-14T14:47:00,A0632,24797.25,branch
T01908,2024-09-27T10:31:00,A0271,3664.04,atm
T01909,2024-01-26T10:36:00,A0579,24152.82,app
T01910,2024-01-26T13:23:00,A0189,24195.90,branch
T01911,2024-11-06T18:52:00,A0660,24893.35,app
T01912,2024-10-09T20:53:00,A0773,13665.49,branch
T01913,2024-08-12T15:00:00,A0583,18128.28,branch
T01914,2024-06-01T18:36:00,A0745,28324.40,atm
T01915,2024-08-04T20:13:00,A0415,35683.59,branch
T01916,2024-11-05T13:57:00,A0679,12220.55,web
T01917,2024-05-19T11:38:00,A0215,1667.37,branch
T01918,2024-09-18T19:44:00,A0645,11959.72,atm
T01919,2024-01-26T20:04:00,A0002,26177.81,atm
T01920,2024-02-21T14:24:00,A0487,22454.20,web
T01921,2024-03-18T11:50:00,A0284,29061.11,atm
T01922,2024-03-05T20:02:00,A0484,26382.86,branch
T01923,2024-04-04T11:00:00,A0016,26293.09,atm
T01924,2024-06-22T20:58:00,A0185,17588.53,atm
T01925,2024-03-10T15:15:00,A0054,10480.25,app
T01926,2024-07-28T19:22:00,A0487,40447.41,atm
T01927,2024-11-03T10:05:00,A0555,16318.14,app
T01928,2024-01-10T09:07:00,A0345,20481.72,branch
T01929,2024-08-16T15:53:00,A0721,24564.81,branch
T01930,2024-12-10T17:42:00,A0685,18593.51,branch
T01931,2024-07-25T09:20:00,A0365,20938.36,branch
T01932,2024-07-10T15:26:00,A0616,4638.23,app
T01933,2024-08-05T13:52:00,A0254,33449.68,web
T01934,2024-11-25T15:55:00,A0023,32917.46,app
T01935,2024-01-05T15:37:00,A0116,27999.66,web
T01936,2024-08-19T11:10:00,A0734,7964.93,atm
T01937,2024-11-18T14:51:00,A0179,17840.12,web
T01938,2024-09-13T16:16:00,A0717,19857.61,atm
T01939,2024-04-27T19:04:00,A0245,2178.05,branch
T01940,2024-09-17T14:56:00,A0279,19927.82,web
T01941,2024-01-12T16:47:00,A0630,35533.40,web
T01942,2024-10-15T16:17:00,A0780,39980.54,branch
T01943,2024-12-03T13:24:00,A0018,13333.69,branch
T01944,2024-07-18T09:35:00,A0559,29045.03,app
T01945,2024-11-04T14:23:00,A0544,35450.91,app
T01946,2024-08-08T18:28:00,A0289,29887.83,app
T01947,2024-05-16T15:03:00,A0760,24560.05,app
T01948,2024-01-08T11:43:00,A0581,15142.56,web
T01949,2024-03-11T17:26:00,A0183,22826.39,atm
T01950,2024-07-10T18:17:00,A0106,19974.28,app
T01951,2024-09-15T18:24:00,A0791,26769.40,atm
T01952,2024-10-01T10:18:00,A0225,19219.40,atm
T01953,2024-04-12T11:45:00,A0501,38686.31,web
T01954,2024-12-16T09:46:00,A0148,20249.67,web
T01955,2024-08-08T20:50:00,A0632,34442.90,app
T01956,2024-10-12T19:48:00,A0687,25435.40,branch
T01957,2024-07-15T19:03:00,A0246,10428.18,app
T01958,2024-05-13T14:36:00,A0457,22468.49,branch
T01959,2024-09-01T13:39:00,A0138,23965.63,atm
T01960,2024-01-18T11:37:00,A0223,17219.63,web
T01961,2024-02-28T10:34:00,A0276,31046.97,branch
T01962,2024-11-22T11:51:00,A0787,31061.42,branch
T01963,2024-12-09T10:29:00,A0740,1379.17,app
T01964,2024-12-07T10:27:00,A0493,26564.82,branch
T01965,2024-03-09T19:17:00,A0478,40144.28,app
T01966,2024-01-06T15:12:00,A0614,13822.54,branch
T01967,2024-09-10T10:51:00,A0543,16444.50,app
T01968,2024-12-21T17:57:00,A0120,25616.07,app
T01969,2024-07-25T15:12:00,A0100,32572.82,app
T01970,2024-02-23T19:26:00,A0743,9883.97,web
T01971,2024-12-14T17:38:00,A0648,27780.16,web
T01972,2024-04-17T18:23:00,A0739,29359.48,web
T01973,2024-12-08T17:48:00,A0772,30540.15,atm
T01974,2024-02-01T17:19:00,A0160,29227.49,atm
T01975,2024-10-17T17:33:00,A0413,18340.63,atm
T01976,2024-07-06T14:01:00,A0736,13271.45,web
T01977,2024-08-19T16:04:00,A0329,19602.31,web
T01978,2024-03-19T16:46:00,A0101,18050.06,branch
T01979,2024-04-07T10:01:00,A0334,22026.58,web
T01980,2024-03-13T17:42:00,A0034,3074.87,branch
T01981,2024-02-15T11:03:00,A0357,496.96,web
T01982,2024-06-24T13:02:00,A0718,1957.40,branch
T01983,2024-12-11T10:17:00,A0206,33807.22,atm
T01984,2024-01-01T20:55:00,A0103,32127.47,web
T01985,2024-11-15T14:20:00,A0432,20211.27,web
T01986,2024-11-17T19:02:00,A0675,9757.69,atm
T01987,2024-10-13T13:35:00,A0026,5601.89,atm
T01988,2024-09-18T14:24:00,A0036,20629.27,branch
T01989,2024-05-01T16:23:00,A0181,39506.36,branch
T01990,2024-10-07T14:35:00,A0773,40517.54,app
T01991,2024-09-05T17:58:00,A0756,21201.23,app
T01992,2024-06-06T13:11:00,A0104,38965.00,web
T01993,2024-12-17T16:20:00,A0536,19859.13,app
T01994,2024-11-11T15:38:00,A0683,23640.72,web
T01995,2024-09-12T14:36:00,A0553,25287.97,app
T01996,2024-05-07T13:39:00,A0216,11410.85,app
T01997,2024-09-03T15:18:00,A0285,23977.60,web
T01998,2024-07-20T17:17:00,A0601,19010.03,app
T01999,2024-06-11T11:50:00,A0010,26525.51,web
T02000,2024-09-28T17:54:00,A0067,14798.96,branch
T02001,2024-08-05T13:21:00,A0230,537.66,web
T02002,2024-05-28T17:39:00,A0104,38931.96,branch
T02003,2024-04-22T20:25:00,A0745,25414.48,branch
T02004,2024-12-13T15:50:00,A0201,9210.19,web
T02005,2024-09-19T15:25:00,A0105,3940.89,web
T02006,2024-06-15T16:45:00,A0370,25673.04,web
T02007,2024-04-10T17:24:00,A0257,14474.52,app
T02008,2024-11-09T16:04:00,A0337,12350.15,app
T02009,2024-01-16T09:13:00,A0328,207.04,branch
T02010,2024-05-13T17:11:00,A0523,28371.50,atm
T02011,2024-04-09T10:14:00,A0136,19926.90,web
T02012,2024-06-27T11:54:00,A0714,3950.96,atm
T02013,2024-10-21T16:11:00,A0451,14711.46,app
T02014,2024-03-28T14:29:00,A0018,17072.62,atm
T02015,2024-12-06T13:29:00,A0102,940.24,web
T02016,2024-09-02T19:58:00,A0728,38578.10,branch
T02017,2024-04-12T17:21:00,A0296,39039.20,app
T02018,2024-08-20T19:07:00,A0318,36873.86,branch
T02019,2024-02-14T13:04:00,A0664,3096.54,app
T02020,2024-11-11T13:14:00,A0799,41882.80,app
T02021,2024-12-03T09:29:00,A0585,37814.24,atm
T02022,2024-03-11T15:52:00,A0685,27982.78,web
T02023,2024-01-11T13:20:00,A0247,29236.30,atm
T02024,2024-05-12T14:18:00,A0099,33758.57,branch
T02025,2024-06-08T18:00:00,A0784,16752.45,web
T02026,2024-03-17T13:43:00,A0012,41658.02,web
T02027,2024-08-28T13:26:00,A0442,31855.73,web
T02028,2024-04-07T14:56:00,A0607,25149.61,web
T02029,2024-12-08T18:32:00,A0003,24467.10,app
T02030,2024-07-03T14:17:00,A0362,9471.44,atm
T02031,2024-09-05T20:46:00,A0468,12522.19,atm
T02032,2024-01-11T19:02:00,A0031,4956.67,web
T02033,2024-03-22T09:33:00,A0283,16047.39,app
T02034,2024-11-13T17:41:00,A0534,37547.50,web
T02035,2024-11-05T15:34:00,A0258,20760.01,app
T02036,2024-02-22T13:27:00,A0064,29477.39,atm
T02037,2024-02-10T20:17:00,A0796,19356.74,app
T02038,2024-04-09T13:03:00,A0609,24562.49,app
T02039,2024-05-08T09:19:00,A0634,16037.18,branch
T02040,2024-10-12T11:36:00,A0095,4414.60,branch
T02041,2024-08-05T20:19:00,A0334,6973.72,app
T02042,2024-02-28T10:23:00,A0751,35577.78,branch
T02043,2024-06-27T19:12:00,A0791,10787.62,app
T02044,2024-08-02T17:16:00,A0435,22282.97,atm
T02045,2024-09-18T14:16:00,A0728,10516.32,branch
T02046,2024-08-19T17:48:00,A0543,40250.40,atm
T02047,2024-04-10T15:31:00,A0285,9741.61,atm
T02048,2024-09-06T20:09:00,A0049,18453.51,atm
T02049,2024-04-26T16:34:00,A0557,25177.24,branch
T02050,2024-09-25T15:24:00,A0378,28308.16,branch
T02051,2024-11-02T09:48:00,A0475,23752.35,web
T02052,2024-10-16T20:00:00,A0179,9513.07,app
T02053,2024-10-14T09:57:00,A0330,3215.40,branch
T02054,2024-04-18T16:42:00,A0153,26600.69,web
T02055,2024-02-19T20:18:00,A0222,9418.25,app
T02056,2024-05-17T19:05:00,A0230,10267.68,app
T02057,2024-08-26T09:54:00,A0256,19959.20,web
T02058,2024-07-04T09:04:00,A0739,4061.87,branch
T02059,2024-01-14T14:36:00,A0651,31798.36,atm
T02060,2024-12-15T15:32:00,A0723,6681.67,atm
T02061,2024-07-17T17:35:00,A0192,16431.77,branch
T02062,2024-07-18T16:21:00,A0541,8018.47,web
T02063,2024-12-18T19:32:00,A0138,39432.05,app
T02064,2024-04-17T18:59:00,A0445,1159.83,app
T02065,2024-04-17T09:44:00,A0600,28218.40,branch
T02066,2024-01-22T10:00:00,A0074,11719.08,atm
T02067,2024-02-04T20:21:00,A0797,26945.74,branch
T02068,2024-06-04T20:05:00,A0377,886.09,atm
T02069,2024-06-16T19:27:00,A0260,26531.27,branch
T02070,2024-03-22T20:06:00,A0230,17598.73,web
T02071,2024-07-11T18:20:00,A0464,33710.28,web
T02072,2024-10-24T09:09:00,A0568,26553.10,web
T02073,2024-09-17T14:05:00,A0467,14253.99,atm
T02074,2024-11-20T17:29:00,A0791,22396.12,atm
T02075,2024-12-27T20:36:00,A0784,3951.42,atm
T02076,2024-01-22T13:20:00,A0483,1205.30,web
T02077,2024-08-18T15:48:00,A0216,24043.77,web
T02078,2024-06-24T19:42:00,A0371,35269.61,app
T02079,2024-02-19T11:39:00,A0509,4782.32,atm
T02080,2024-09-19T09:21:00,A0470,41716.80,atm
T02081,2024-09-05T16:43:00,A0588,32054.16,atm
T02082,2024-04-18T14:38:00,A0333,20715.48,branch
T02083,2024-12-22T10:26:00,A0217,10452.79,atm
T02084,2024-05-10T15:04:00,A0789,23367.57,branch
T02085,2024-01-20T09:05:00,A0712,14651.91,branch
T02086,2024-04-15T18:37:00,A0417,23478.31,web
T02087,2024-08-12T16:52:00,A0353,20509.06,web
T02088,2024-03-03T09:12:00,A0435,20849.31,branch
T02089,2024-01-16T13:12:00,A0060,10108.87,app
T02090,2024-04-17T16:44:00,A0763,34164.50,branch
T02091,2024-12-02T20:27:00,A0500,32602.34,atm
T02092,2024-05-03T19:55:00,A0580,14337.29,branch
T02093,2024-12-08T19:46:00,A0131,32895.05,web
T02094,2024-06-01T16:05:00,A0078,12980.77,branch
T02095,2024-10-07T13:09:00,A0612,22929.80,atm
T02096,2024-06-21T14:30:00,A0799,4481.09,app
T02097,2024-06-18T10:38:00,A0433,40767.02,atm
T02098,2024-11-15T09:44:00,A0791,31439.76,web
T02099,2024-02-27T09:07:00,A0779,13799.41,branch
T02100,2024-09-19T09:13:00,A0047,37288.76,branch
T02101,2024-02-11T11:12:00,A0062,164.82,atm
T02102,2024-02-26T14:26:00,A0059,18411.32,app
T02103,2024-12-20T11:21:00,A0272,7154.84,web
T02104,2024-09-22T15:12:00,A0047,31504.49,atm
T02105,2024-12-10T13:55:00,A0305,29884.30,web
T02106,2024-09-18T09:09:00,A0562,16517.25,web
T02107,2024-07-09T20:40:00,A0537,8201.01,app
T02108,2024-08-27T20:31:00,A0076,33085.50,web
T02109,2024-08-24T17:50:00,A0597,26412.40,atm
T02110,2024-06-19T15:42:00,A0636,24093.60,branch
T02111,2024-07-26T13:20:00,A0064,20456.83,atm
T02112,2024-05-10T15:54:00,A0100,18551.77,web
T02113,2024-05-18T10:30:00,A0026,13546.99,branch
T02114,2024-11-08T15:49:00,A0129,3496.50,branch
T02115,2024-12-28T20:36:00,A0292,1868.77,web
T02116,2024-04-19T14:30:00,A0501,30957.85,web
T02117,2024-06-25T10:05:00,A0142,21876.68,web
T02118,2024-03-22T11:09:00,A0494,2293.34,app
T02119,2024-07-22T13:33:00,A0141,38364.98,web
T02120,2024-12-06T09:05:00,A0027,2590.43,web
T02121,2024-01-27T17:38:00,A0526,3596.20,atm
T02122,2024-01-06T11:59:00,A0372,17680.22,branch
T02123,2024-09-03T18:20:00,A0097,11915.41,branch
T02124,2024-05-19T15:49:00,A0103,2084.74,atm
T02125,2024-01-15T17:06:00,A0255,37872.82,branch
T02126,2024-02-02T17:59:00,A0392,16759.45,branch
T02127,2024-02-05T16:45:00,A0147,4735.19,branch
T02128,2024-06-10T10:12:00,A0605,37547.54,atm
T02129,2024-06-11T18:27:00,A0166,41200.05,atm
T02130,2024-05-04T10:47:00,A0013,24843.89,web
T02131,2024-11-10T20:29:00,A0250,10431.59,atm
T02132,2024-04-27T20:30:00,A0603,15777.98,branch
T02133,2024-10-10T17:09:00,A0733,31355.39,branch
T02134,2024-03-10T18:17:00,A0076,21162.70,app
T02135,2024-04-09T15:24:00,A0237,9712.02,branch
T02136,2024-07-10T11:27:00,A0725,12766.96,web
T02137,2024-11-15T17:12:00,A0622,30187.95,atm
T02138,2024-01-24T09:34:00,A0662,32353.75,atm
T02139,2024-06-13T10:07:00,A0391,35115.41,branch
T02140,2024-10-10T16:09:00,A0654,4670.18,web
T02141,2024-08-26T10:36:00,A0346,29075.08,web
T02142,2024-11-08T20:35:00,A0302,29573.73,web
T02143,2024-05-18T10:51:00,A0442,41938.21,web
T02144,2024-07-11T15:37:00,A0183,11219.28,app
T02145,2024-03-06T14:42:00,A0625,41389.65,branch
T02146,2024-03-14T11:12:00,A0787,3788.25,branch
T02147,2024-06-02T15:04:00,A0773,237.44,atm
T02148,2024-06-25T14:28:00,A0405,8820.55,app
T02149,2024-06-14T19:20:00,A0755,38780.32,app
T02150,2024-11-17T10:08:00,A0364,17301.39,app
T02151,2024-06-15T16:49:00,A0581,11364.61,web
T02152,2024-09-24T17:20:00,A0006,29010.51,atm
T02153,2024-08-09T15:00:00,A0201,5447.67,web
T02154,2024-03-07T14:21:00,A0553,19797.63,atm
T02155,2024-04-06T17:27:00,A0461,24835.65,branch
T02156,2024-08-03T10:23:00,A0687,31253.39,app
T02157,2024-08-23T18:43:00,A0645,8196.21,branch
T02158,2024-09-04T13:19:00,A0558,7935.25,atm
T02159,2024-05-04T10:19:00,A0513,3344.76,atm
T02160,2024-12-03T16:01:00,A0006,33302.20,atm
T02161,2024-03-10T14:19:00,A0284,259.09,branch
T02162,2024-10-26T16:40:00,A0288,15346.06,atm
T02163,2024-02-04T15:35:00,A0271,33420.76,web
T02164,2024-03-01T19:50:00,A0376,13606.71,web
T02165,2024-09-12T13:53:00,A0704,24189.69,atm
T02166,2024-05-25T18:51:00,A0116,23030.69,branch
T02167,2024-10-04T11:16:00,A0735,9827.33,atm
T02168,2024-07-25T09:40:00,A0577,22384.48,branch
T02169,2024-04-07T14:41:00,A0006,30232.13,web
T02170,2024-11-01T10:35:00,A0261,29119.97,web
T02171,2024-11-06T20:04:00,A0512,41638.89,branch
T02172,2024-03-22T16:06:00,A0675,9454.33,app
T02173,2024-06-08T16:04:00,A0296,3166.08,branch
T02174,2024-10-01T17:18:00,A0103,37505.49,atm
T02175,2024-02-06T09:13:00,A0173,24144.49,app
T02176,2024-12-27T10:10:00,A0195,19382.49,atm
T02177,2024-12-23T16:51:00,A0317,18435.02,atm
T02178,2024-03-02T10:14:00,A0419,12055.78,atm
T02179,2024-05-03T20:54:00,A0139,34522.04,atm
T02180,2024-12-22T13:17:00,A0277,5539.16,branch
T02181,2024-08-27T15:15:00,A0100,15048.99,atm
T02182,2024-09-21T09:07:00,A0091,28524.50,branch
T02183,2024-11-27T14:50:00,A0605,15525.29,web
T02184,2024-10-15T19:20:00,A0796,37376.36,branch
T02185,2024-07-27T16:55:00,A0088,11977.64,branch
T02186,2024-12-27T11:48:00,A0067,12319.63,branch
T02187,2024-08-01T14:25:00,A0409,5124.36,atm
T02188,2024-01-03T10:54:00,A0432,40848.26,app
T02189,2024-11-20T14:03:00,A0782,37822.87,branch
T02190,2024-03-03T11:37:00,A0286,10919.65,atm
T02191,2024-07-03T13:49:00,A0581,12725.78,app
T02192,2024-04-19T14:16:00,A0412,20071.38,app
T02193,2024-03-16T13:43:00,A0323,811.75,web
T02194,2024-04-07T16:20:00,A0609,14180.99,branch
T02195,2024-12-14T14:00:00,A0726,14417.46,web
T02196,2024-03-05T19:30:00,A0770,32157.15,branch
T02197,2024-09-24T17:46:00,A0198,464.03,atm
T02198,2024-03-16T11:54:00,A0102,18742.30,atm
T02199,2024-07-27T19:46:00,A0230,20890.89,app
T02200,2024-04-20T11:14:00,A0474,11406.54,atm
T02201,2024-07-18T19:01:00,A0708,21049.07,app
T02202,2024-02-02T13:10:00,A0556,4951.41,web
T02203,2024-02-02T15:10:00,A0381,27901.05,web
T02204,2024-08-28T16:49:00,A0553,41400.33,web
T02205,2024-01-05T13:44:00,A0784,30424.46,branch
T02206,2024-06-20T17:28:00,A0622,9545.34,atm
T02207,2024-04-10T19:29:00,A0246,5279.14,branch
T02208,2024-11-18T11:33:00,A0566,255.59,atm
T02209,2024-09-23T10:12:00,A0773,16404.38,web
T02210,2024-06-24T09:54:00,A0156,12882.36,atm
T02211,2024-12-20T10:51:00,A0393,13735.34,app
T02212,2024-03-21T10:40:00,A0289,4665.30,app
T02213,2024-08-10T20:01:00,A0785,566.23,app
T02214,2024-12-06T17:32:00,A0799,26673.18,web
T02215,2024-09-05T11:20:00,A0039,34667.19,atm
T02216,2024-04-18T19:14:00,A0538,4358.95,app
T02217,2024-01-15T16:08:00,A0069,37841.13,app
T02218,2024-04-06T16:32:00,A0299,22922.09,atm
T02219,2024-10-25T17:24:00,A0157,18152.93,branch
T02220,2024-02-21T09:57:00,A0299,15914.87,atm
T02221,2024-07-16T13:15:00,A0661,17768.47,app
T02222,2024-05-20T10:46:00,A0674,36279.22,atm
T02223,2024-10-12T10:11:00,A0090,9292.13,app
T02224,2024-07-07T09:13:00,A0383,36156.81,atm
T02225,2024-06-14T19:47:00,A0551,620.83,branch
T02226,2024-08-09T11:13:00,A0553,40364.46,atm
T02227,2024-03-20T09:35:00,A0410,38342.68,branch
T02228,2024-06-07T09:54:00,A0602,2371.38,web
T02229,2024-04-17T14:57:00,A0288,28554.54,atm
T02230,2024-10-17T16:03:00,A0109,37066.08,branch
T02231,2024-02-21T19:42:00,A0381,35329.32,atm
T02232,2024-12-15T15:58:00,A0248,8137.24,branch
T02233,2024-07-18T20:27:00,A0768,19340.57,app
T02234,2024-11-19T18:08:00,A0582,29259.88,web
T02235,2024-07-06T15:08:00,A0146,24812.73,branch
T02236,2024-03-26T09:22:00,A0530,30704.08,branch
T02237,2024-09-26T10:50:00,A0049,39013.23,atm
T02238,2024-05-08T19:00:00,A0464,12789.83,web
T02239,2024-09-19T19:17:00,A0067,23173.17,atm
T02240,2024-03-17T09:48:00,A0773,11380.94,atm
T02241,2024-08-02T17:12:00,A0111,27748.38,web
T02242,2024-09-16T10:05:00,A0174,19521.59,web
T02243,2024-10-08T14:00:00,A0523,13678.17,branch
T02244,2024-11-12T13:31:00,A0220,24654.28,web
T02245,2024-12-25T20:12:00,A0731,19553.70,branch
T02246,2024-09-28T17:45:00,A0660,35269.21,atm
T02247,2024-01-08T14:02:00,A0084,9050.46,branch
T02248,2024-11-24T16:26:00,A0151,12812.13,web
T02249,2024-01-01T15:52:00,A0292,8491.76,atm
T02250,2024-05-26T09:21:00,A0496,7942.15,branch
T02251,2024-08-28T18:08:00,A0557,5786.70,branch
T02252,2024-02-19T13:06:00,A0445,14616.00,branch
T02253,2024-02-05T11:40:00,A0798,1674.89,atm
T02254,2024-12-12T14:55:00,A0566,26196.68,web
T02255,2024-12-10T10:57:00,A0439,16351.39,atm
T02256,2024-08-11T15:43:00,A0276,6590.49,web
T02257,2024-12-01T13:19:00,A0786,4098.99,app
T02258,2024-05-21T13:47:00,A0705,33903.09,atm
T02259,2024-02-06T10:11:00,A0300,3698.25,web
T02260,2024-05-02T20:37:00,A0596,11408.37,atm
T02261,2024-04-04T17:52:00,A0261,28109.19,web
T02262,2024-02-20T19:14:00,A0349,23226.09,web
T02263,2024-02-08T10:21:00,A0414,31278.53,atm
T02264,2024-07-21T14:32:00,A0444,2827.51,web
T02265,2024-03-16T20:58:00,A0603,8252.94,atm
T02266,2024-10-19T18:51:00,A0675,25477.40,branch
T02267,2024-01-14T13:42:00,A0552,4380.32,atm
T02268,2024-04-15T10:39:00,A0191,33680.37,web
T02269,2024-11-14T19:43:00,A0558,14513.41,app
T02270,2024-01-11T20:27:00,A0390,36043.52,web
T02271,2024-06-21T19:58:00,A0267,1182.90,app
T02272,2024-07-15T10:29:00,A0496,34060.92,web
T02273,2024-01-11T19:43:00,A0714,22043.09,atm
T02274,2024-02-17T16:07:00,A0782,26853.53,app
T02275,2024-03-27T13:42:00,A0490,31765.22,app
T02276,2024-06-10T15:45:00,A0051,25061.57,branch
T02277,2024-07-18T15:29:00,A0207,5605.15,branch
T02278,2024-06-03T10:09:00,A0675,11505.52,atm
T02279,2024-07-03T11:28:00,A0631,38249.44,atm
T02280,2024-05-23T13:29:00,A0586,18622.21,branch
T02281,2024-08-10T19:38:00,A0114,40639.53,app
T02282,2024-01-05T13:32:00,A0721,17419.67,branch
T02283,2024-10-21T17:32:00,A0128,246.98,app
T02284,2024-03-27T14:50:00,A0244,10634.91,branch
T02285,2024-07-18T15:58:00,A0749,18387.50,web
T02286,2024-12-09T18:23:00,A0362,40681.32,branch
T02287,2024-11-22T14:34:00,A0210,11857.11,web
T02288,2024-09-19T14:17:00,A0115,36811.18,branch
T02289,2024-12-10T20:15:00,A0791,12926.05,atm
T02290,2024-06-18T11:19:00,A0031,16751.69,app
T02291,2024-10-25T19:06:00,A0675,6774.19,atm
T02292,2024-05-07T10:20:00,A0367,29348.88,web
T02293,2024-08-14T09:48:00,A0380,31892.09,atm
T02294,2024-03-16T16:30:00,A0143,1717.54,branch
T02295,2024-09-20T09:51:00,A0691,19137.94,app
T02296,2024-02-10T16:35:00,A0002,7339.37,web
T02297,2024-07-15T11:17:00,A0180,36146.28,web
T02298,2024-11-11T13:46:00,A0729,2459.46,app
T02299,2024-05-25T11:43:00,A0555,33896.36,atm
T02300,2024-11-19T14:51:00,A0665,3182.26,branch
T02301,2024-05-19T18:19:00,A0571,9632.00,app
T02302,2024-07-17T09:04:00,A0721,15976.11,app
T02303,2024-12-12T15:47:00,A0521,9159.21,branch
T02304,2024-08-24T16:24:00,A0734,30944.82,branch
T02305,2024-07-24T10:01:00,A0560,38341.72,app
T02306,2024-12-11T13:37:00,A0506,15485.76,web
T02307,2024-10-15T11:11:00,A0171,22678.17,app
T02308,2024-04-24T17:00:00,A0127,15739.43,atm
T02309,2024-07-08T15:17:00,A0707,38317.28,atm
T02310,2024-05-15T17:36:00,A0673,30885.86,web
T02311,2024-05-04T16:24:00,A0625,41017.14,branch
T02312,2024-08-22T19:19:00,A0237,27993.46,branch
T02313,2024-11-20T16:18:00,A0513,27795.81,branch
T02314,2024-03-12T17:37:00,A0758,39113.95,atm
T02315,2024-01-16T11:47:00,A0153,15170.13,atm
T02316,2024-11-01T11:27:00,A0288,23357.38,web
T02317,2024-09-27T13:33:00,A0339,26689.37,atm
T02318,2024-01-27T09:02:00,A0266,27044.70,atm
T02319,2024-11-10T13:55:00,A0428,21154.00,app
T02320,2024-11-11T18:40:00,A0046,40918.09,app
T02321,2024-04-21T09:40:00,A0787,7095.84,web
T02322,2024-02-02T10:37:00,A0466,21444.29,atm
T02323,2024-12-02T18:09:00,A0212,26389.94,branch
T02324,2024-07-06T13:35:00,A0357,39545.25,web
T02325,2024-01-05T13:50:00,A0262,26784.72,app
T02326,2024-01-01T16:34:00,A0030,253.76,atm
T02327,2024-02-02T09:34:00,A0139,31254.71,web
T02328,2024-07-09T17:58:00,A0654,22524.85,branch
T02329,2024-07-12T17:16:00,A0628,18780.79,app
T02330,2024-06-19T17:42:00,A0454,31222.05,web
T02331,2024-03-03T09:46:00,A0187,30402.26,web
T02332,2024-12-08T16:57:00,A0116,30510.77,atm
T02333,2024-09-27T16:09:00,A0279,35433.01,app
T02334,2024-03-05T17:55:00,A0632,16746.85,app
T02335,2024-08-05T18:21:00,A0469,25000.22,web
T02336,2024-10-28T14:20:00,A0041,33033.22,atm
T02337,2024-09-27T19:12:00,A0228,10096.64,app
T02338,2024-02-16T20:13:00,A0030,23961.17,branch
T02339,2024-01-20T10:41:00,A0361,31770.12,app
T02340,2024-10-17T15:49:00,A0408,1469.66,branch
T02341,2024-11-22T18:48:00,A0616,17898.15,branch
T02342,2024-08-01T20:59:00,A0772,10277.19,web
T02343,2024-10-06T10:11:00,A0152,39532.59,branch
T02344,2024-10-02T18:26:00,A0255,722.42,web
T02345,2024-11-10T19:54:00,A0595,38271.00,atm
T02346,2024-01-26T20:38:00,A0590,33480.49,branch
T02347,2024-08-15T10:08:00,A0278,16856.58,atm
T02348,2024-09-21T11:00:00,A0513,36684.67,web
T02349,2024-06-24T14:23:00,A0526,21577.57,branch
T02350,2024-01-10T09:20:00,A0423,4031.98,web
T02351,2024-10-01T19:40:00,A0296,36266.76,branch
T02352,2024-12-10T11:34:00,A0017,21925.39,atm
T02353,2024-09-10T19:24:00,A0171,33078.89,web
T02354,2024-06-03T11:43:00,A0409,40221.12,branch
T02355,2024-08-25T20:26:00,A0466,26824.43,app
T02356,2024-04-08T15:16:00,A0595,1584.48,web
T02357,2024-05-12T15:06:00,A0358,10882.57,web
T02358,2024-12-11T10:54:00,A0059,6937.91,app
T02359,2024-05-02T15:40:00,A0284,29304.96,app
T02360,2024-04-22T09:26:00,A0272,28503.79,branch
T02361,2024-05-16T16:16:00,A0215,6390.16,atm
T02362,2024-04-17T09:58:00,A0565,24766.79,atm
T02363,2024-02-17T20:57:00,A0142,9281.21,web
T02364,2024-12-20T11:31:00,A0351,21406.15,app
T02365,2024-11-21T10:22:00,A0140,40295.96,branch
T02366,2024-04-20T15:17:00,A0139,10276.72,app
T02367,2024-09-07T13:30:00,A0503,13949.47,branch
T02368,2024-03-02T15:38:00,A0682,12685.26,web
T02369,2024-05-09T13:05:00,A0748,32055.73,app
T02370,2024-01-21T16:51:00,A0069,30518.27,branch
T02371,2024-03-11T20:23:00,A0482,31394.75,atm
T02372,2024-08-02T16:08:00,A0635,35436.13,app
T02373,2024-03-25T11:43:00,A0247,3911.50,web
T02374,2024-02-01T18:30:00,A0312,5606.84,web
T02375,2024-04-10T17:19:00,A0160,19512.52,web
T02376,2024-07-14T09:47:00,A0019,33310.55,app
T02377,2024-09-19T17:58:00,A0669,3355.32,atm
T02378,2024-01-18T14:59:00,A0202,34016.88,app
T02379,2024-06-27T13:43:00,A0643,28808.51,app
T02380,2024-10-07T16:40:00,A0585,19241.72,web
T02381,2024-07-09T20:20:00,A0522,33741.17,app
T02382,2024-06-28T20:13:00,A0524,41439.03,web
T02383,2024-12-17T13:28:00,A0147,39963.92,atm
T02384,2024-08-03T20:29:00,A0117,28002.70,atm
T02385,2024-02-02T11:19:00,A0391,35945.46,branch
T02386,2024-06-01T20:42:00,A0502,21706.36,app
T02387,2024-07-28T09:30:00,A0711,15430.76,app
T02388,2024-10-11T13:29:00,A0632,38110.51,branch
T02389,2024-12-26T19:14:00,A0339,33866.12,branch
T02390,2024-02-01T11:01:00,A0756,31343.29,atm
T02391,2024-02-21T18:08:00,A0705,1300.96,atm
T02392,2024-01-26T13:52:00,A0697,8687.24,web
T02393,2024-12-27T17:59:00,A0140,12219.81,atm
T02394,2024-03-14T15:25:00,A0026,28166.92,app
T02395,2024-05-23T20:30:00,A0175,29262.06,web
T02396,2024-08-27T11:04:00,A0336,22684.09,app
T02397,2024-07-17T10:30:00,A0574,25285.89,branch
T02398,2024-04-09T14:25:00,A0312,6458.57,branch
T02399,2024-05-26T19:08:00,A0540,5493.65,branch
T02400,2024-06-09T16:20:00,A0754,35485.30,atm
T02401,2024-01-19T16:30:00,A0259,3806.06,atm
T02402,2024-12-25T11:40:00,A0720,1653.14,web
T02403,2024-11-15T13:56:00,A0259,18842.43,app
T02404,2024-07-26T20:49:00,A0695,19931.33,atm
T02405,2024-02-24T14:56:00,A0721,31457.79,app
T02406,2024-01-04T14:10:00,A0145,26627.61,branch
T02407,2024-11-21T11:28:00,A0291,30202.04,atm
T02408,2024-09-05T20:41:00,A0063,29042.73,atm
T02409,2024-04-13T10:35:00,A0288,22579.36,atm
T02410,2024-06-15T14:03:00,A0001,36110.96,branch
T02411,2024-08-09T15:55:00,A0630,24263.74,atm
T02412,2024-10-24T20:13:00,A0631,9472.37,branch
T02413,2024-04-14T11:22:00,A0162,35484.17,web
T02414,2024-08-05T09:11:00,A0386,8442.60,app
T02415,2024-11-09T16:36:00,A0178,37560.12,web
T02416,2024-07-13T17:04:00,A0308,11053.77,branch
T02417,2024-09-28T15:19:00,A0534,37438.54,web
T02418,2024-05-02T14:22:00,A0562,13457.98,atm
T02419,2024-05-14T09:54:00,A0096,3973.53,atm
T02420,2024-02-06T15:43:00,A0621,11381.80,app
T02421,2024-10-20T17:50:00,A0377,3276.51,app
T02422,2024-01-14T17:26:00,A0380,29063.70,atm
T02423,2024-06-05T10:36:00,A0390,3420.07,branch
T02424,2024-11-15T10:20:00,A0240,18097.80,app
T02425,2024-07-01T11:36:00,A0223,29336.81,atm
T02426,2024-02-12T11:16:00,A0647,39574.84,app
T02427,2024-07-04T18:07:00,A0393,31038.89,branch
T02428,2024-07-25T11:42:00,A0135,27636.59,app
T02429,2024-08-27T15:24:00,A0367,24035.04,app
T02430,2024-10-15T13:20:00,A0262,41549.70,atm
T02431,2024-03-11T15:15:00,A0578,32019.90,web
T02432,2024-07-15T15:56:00,A0640,39710.54,web
T02433,2024-10-07T09:34:00,A0217,9939.64,app
T02434,2024-03-03T16:44:00,A0785,15013.10,web
T02435,2024-10-08T13:47:00,A0671,11037.03,atm
T02436,2024-03-17T09:06:00,A0436,23559.17,atm
T02437,2024-01-10T17:41:00,A0756,40312.82,app
T02438,2024-01-17T18:44:00,A0050,41041.77,web
T02439,2024-10-13T17:52:00,A0138,4883.27,branch
T02440,2024-06-22T13:21:00,A0320,13278.96,atm
T02441,2024-02-03T15:25:00,A0032,34802.85,app
T02442,2024-10-02T15:00:00,A0655,38942.60,app
T02443,2024-09-17T13:24:00,A0593,32425.03,branch
T02444,2024-04-23T13:48:00,A0143,11132.01,app
T02445,2024-11-14T11:26:00,A0237,11963.52,atm
T02446,2024-01-05T17:47:00,A0428,6010.52,web
T02447,2024-09-16T20:52:00,A0032,41263.72,branch
T02448,2024-10-03T14:47:00,A0306,11586.12,app
T02449,2024-01-25T20:30:00,A0170,28173.54,atm
T02450,2024-12-05T14:51:00,A0426,37330.45,web
T02451,2024-04-27T11:39:00,A0057,9663.47,branch
T02452,2024-09-08T20:10:00,A0057,27045.59,branch
T02453,2024-07-11T20:43:00,A0224,40025.93,web
T02454,2024-11-10T16:47:00,A0106,13523.72,web
T02455,2024-11-15T18:01:00,A0559,23520.65,app
T02456,2024-03-27T13:25:00,A0511,5257.52,app
T02457,2024-10-13T13:31:00,A0083,40246.64,web
T02458,2024-07-13T16:44:00,A0624,11061.48,app
T02459,2024-05-20T16:32:00,A0149,31320.46,branch
T02460,2024-12-13T13:05:00,A0391,12595.94,atm
T02461,2024-11-25T17:37:00,A0752,19517.71,branch
T02462,2024-10-07T18:43:00,A0355,33569.42,branch
T02463,2024-12-06T20:47:00,A0497,16552.50,atm
T02464,2024-03-14T19:10:00,A0769,8184.15,app
T02465,2024-02-01T18:18:00,A0551,26787.06,atm
T02466,2024-06-25T18:30:00,A0502,10065.28,web
T02467,2024-11-28T15:07:00,A0743,38657.62,branch
T02468,2024-01-02T18:33:00,A0643,28626.99,atm
T02469,2024-06-24T18:00:00,A0531,27024.58,web
T02470,2024-01-06T10:10:00,A0438,18768.47,web
T02471,2024-02-06T09:06:00,A0637,23826.43,app
T02472,2024-03-09T09:12:00,A0269,36909.82,branch
T02473,2024-07-14T14:15:00,A0282,37361.76,branch
T02474,2024-08-28T19:57:00,A0563,14535.85,atm
T02475,2024-06-25T14:16:00,A0689,35309.42,branch
T02476,2024-08-14T09:57:00,A0225,29857.04,app
T02477,2024-04-28T14:41:00,A0718,3497.08,atm
T02478,2024-06-01T10:14:00,A0167,14706.60,atm
T02479,2024-07-27T09:53:00,A0032,3904.49,branch
T02480,2024-07-06T13:23:00,A0106,39714.66,branch
T02481,2024-05-06T19:52:00,A0558,26825.60,branch
T02482,2024-01-23T18:22:00,A0549,9215.30,atm
T02483,2024-01-13T10:42:00,A0214,13125.39,atm
T02484,2024-11-01T17:40:00,A0735,13446.53,app
T02485,2024-08-20T09:30:00,A0396,3591.30,branch
T02486,2024-12-12T16:50:00,A0607,32901.30,branch
T02487,2024-02-14T16:17:00,A0292,14340.36,web
T02488,2024-04-05T15:54:00,A0728,37650.92,app
T02489,2024-08-02T11:03:00,A0594,7575.58,web
T02490,2024-09-22T11:35:00,A0469,25496.84,app
T02491,2024-01-05T10:00:00,A0667,13884.99,web
T02492,2024-11-14T09:41:00,A0016,17389.06,web
T02493,2024-07-23T16:38:00,A0408,2174.44,web
T02494,2024-06-17T17:03:00,A0500,26295.78,branch
T02495,2024-04-05T16:45:00,A0091,24714.48,atm
T02496,2024-11-07T14:56:00,A0217,30375.03,web
T02497,2024-11-06T13:12:00,A0317,8574.15,branch
T02498,2024-09-21T19:42:00,A0512,3913.16,atm
T02499,2024-01-04T14:51:00,A0729,16309.60,app
T02500,2024-05-16T17:11:00,A0120,32205.71,web
T02501,2024-09-13T11:31:00,A0120,25342.50,branch
T02502,2024-05-03T16:09:00,A0169,16884.00,web
T02503,2024-03-24T17:44:00,A0251,27938.62,web
T02504,2024-03-25T10:24:00,A0071,6265.01,web
T02505,2024-04-03T18:26:00,A0505,26040.22,atm
T02506,2024-06-25T11:22:00,A0206,10232.23,app
T02507,2024-06-27T09:49:00,A0528,4701.44,web
T02508,2024-10-02T14:14:00,A0773,6807.01,branch
T02509,2024-03-26T16:49:00,A0200,21638.07,web
T02510,2024-03-11T10:21:00,A0509,28351.57,web
T02511,2024-05-02T10:14:00,A0080,38061.44,web
T02512,2024-10-16T20:26:00,A0361,23429.73,branch
T02513,2024-04-27T20:32:00,A0253,14499.25,app
T02514,2024-05-02T13:11:00,A0572,27146.25,app
T02515,2024-02-14T15:53:00,A0398,10098.74,app
T02516,2024-05-07T16:11:00,A0033,40516.19,app
T02517,2024-08-07T16:30:00,A0717,27559.67,branch
T02518,2024-03-27T17:56:00,A0113,28659.78,branch
T02519,2024-06-18T10:38:00,A0601,29010.39,branch
T02520,2024-09-18T17:44:00,A0775,14557.87,branch
T02521,2024-10-19T15:03:00,A0662,21505.34,web
T02522,2024-10-22T13:41:00,A0602,27574.38,atm
T02523,2024-04-04T19:32:00,A0788,31056.27,app
T02524,2024-07-03T16:33:00,A0184,28993.29,web
T02525,2024-11-05T15:19:00,A0756,27465.41,app
T02526,2024-08-23T20:38:00,A0424,40893.58,atm
T02527,2024-02-16T18:57:00,A0069,40579.99,atm
T02528,2024-11-09T10:53:00,A0283,2706.11,branch
T02529,2024-08-06T14:06:00,A0286,23003.90,branch
T02530,2024-03-19T19:12:00,A0323,5757.72,web
T02531,2024-10-11T20:32:00,A0053,6547.28,branch
T02532,2024-02-27T17:36:00,A0654,34053.79,branch
T02533,2024-11-18T09:43:00,A0731,31578.28,atm
T02534,2024-10-09T10:51:00,A0603,19628.63,branch
T02535,2024-03-27T17:57:00,A0180,20160.51,atm
T02536,2024-11-12T19:24:00,A0483,12729.84,branch
T02537,2024-07-23T10:01:00,A0688,37323.54,branch
T02538,2024-08-12T16:09:00,A0676,31802.36,app
T02539,2024-10-18T19:02:00,A0635,25357.82,branch
T02540,2024-02-24T10:37:00,A0025,28313.90,atm
T02541,2024-03-25T18:23:00,A0142,32528.39,app
T02542,2024-09-09T15:26:00,A0743,15523.08,atm
T02543,2024-10-14T20:36:00,A0093,36308.00,app
T02544,2024-03-18T10:59:00,A0277,41550.54,app
T02545,2024-09-18T11:28:00,A0651,12646.33,branch
T02546,2024-06-28T09:22:00,A0071,17079.64,app
T02547,2024-04-25T09:24:00,A0006,33004.32,branch
T02548,2024-05-25T14:27:00,A0127,7993.31,atm
T02549,2024-06-26T15:43:00,A0477,17920.79,web
T02550,2024-04-18T16:40:00,A0217,41596.42,atm
T02551,2024-01-08T17:18:00,A0071,33895.56,app
T02552,2024-02-08T18:46:00,A0736,41446.95,app
T02553,2024-01-19T09:56:00,A0161,23554.00,app
T02554,2024-10-14T15:01:00,A0416,20116.89,web
T02555,2024-06-07T16:26:00,A0357,27181.27,app
T02556,2024-03-18T20:04:00,A0172,14293.88,atm
T02557,2024-03-19T15:14:00,A0342,25041.79,atm
T02558,2024-02-14T10:08:00,A0252,33483.60,branch
T02559,2024-06-28T19:24:00,A0649,37197.19,web
T02560,2024-10-05T11:09:00,A0527,6545.13,atm
T02561,2024-07-22T09:11:00,A0364,21278.30,app
T02562,2024-07-10T16:21:00,A0059,4984.81,branch
T02563,2024-10-06T15:43:00,A0723,37701.04,branch
T02564,2024-11-22T10:20:00,A0152,35674.30,atm
T02565,2024-10-03T20:21:00,A0201,27586.79,atm
T02566,2024-10-28T14:21:00,A0119,19489.44,branch
T02567,2024-01-02T11:22:00,A0584,41572.05,web
T02568,2024-05-08T11:40:00,A0719,30277.40,atm
T02569,2024-10-23T09:29:00,A0246,31092.73,app
T02570,2024-04-04T20:56:00,A0321,23263.71,app
T02571,2024-05-21T13:16:00,A0411,16186.29,branch
T02572,2024-08-13T19:15:00,A0481,10133.98,branch
T02573,2024-12-25T19:47:00,A0188,26296.20,web
T02574,2024-02-24T18:36:00,A0023,5007.45,atm
T02575,2024-09-12T19:04:00,A0085,6728.61,branch
T02576,2024-07-07T09:32:00,A0575,24509.05,app
T02577,2024-02-15T15:25:00,A0024,23787.66,app
T02578,2024-11-28T16:06:00,A0529,35489.20,atm
T02579,2024-02-14T17:32:00,A0150,4080.32,atm
T02580,2024-11-25T14:46:00,A0478,16204.70,web
T02581,2024-08-16T15:39:00,A0588,9857.86,web
T02582,2024-01-25T16:45:00,A0226,19219.29,web
T02583,2024-12-26T14:37:00,A0344,30653.03,web
T02584,2024-04-15T18:43:00,A0087,37469.48,atm
T02585,2024-04-09T15:12:00,A0676,29865.71,atm
T02586,2024-05-08T13:00:00,A0284,41824.57,branch
T02587,2024-05-09T20:24:00,A0759,19150.30,atm
T02588,2024-09-23T13:33:00,A0706,41587.54,web
T02589,2024-09-14T14:16:00,A0039,31835.77,branch
T02590,2024-06-12T10:01:00,A0235,8858.18,web
T02591,2024-03-02T13:05:00,A0242,15857.66,app
T02592,2024-10-13T16:46:00,A0496,30014.37,app
T02593,2024-09-06T10:03:00,A0497,32829.82,web
T02594,2024-11-24T19:37:00,A0119,18739.31,branch
T02595,2024-06-18T17:58:00,A0695,833.63,app
T02596,2024-07-07T17:53:00,A0195,20119.30,branch
T02597,2024-12-05T09:24:00,A0353,26933.80,atm
T02598,2024-01-15T20:34:00,A0196,9265.98,atm
T02599,2024-10-25T19:01:00,A0424,21014.14,web
X00000,2024-04-04T01:01:00,A0013,683.47,app
X00001,2024-10-16T00:53:00,A0041,324.27,app
X00002,2024-12-07T03:50:00,A0041,363.37,app
X00003,2024-07-19T01:16:00,A0041,587.09,app
X00004,2024-12-26T00:19:00,A0058,536.63,app
X00005,2024-03-16T03:08:00,A0058,416.31,app
X00006,2024-10-10T02:19:00,A0013,568.90,app
X00007,2024-10-18T01:12:00,A0027,335.16,app
X00008,2024-06-18T00:08:00,A0066,632.47,app
X00009,2024-04-27T01:28:00,A0027,639.79,app
X00010,2024-11-21T02:11:00,A0058,542.49,app
X00011,2024-11-01T03:46:00,A0058,665.47,app
X00012,2024-08-22T00:48:00,A0041,561.85,app
X00013,2024-12-26T03:36:00,A0066,484.28,app
X00014,2024-06-23T02:24:00,A0013,451.85,app
X00015,2024-09-21T02:05:00,A0066,726.49,app
X00016,2024-07-06T00:43:00,A0041,679.83,app
X00017,2024-09-17T02:21:00,A0027,798.59,app
X00018,2024-05-11T00:26:00,A0058,697.87,app
X00019,2024-02-10T00:32:00,A0058,487.06,app
X00020,2024-09-18T02:28:00,A0013,767.97,app
X00021,2024-10-05T02:16:00,A0013,359.06,app
X00022,2024-10-16T01:06:00,A0066,328.58,app
X00023,2024-06-13T00:31:00,A0013,347.27,app
X00024,2024-09-24T01:46:00,A0013,680.40,app
X00025,2024-05-10T00:02:00,A0066,585.85,app
X00026,2024-06-20T02:37:00,A0058,522.81,app
X00027,2024-06-15T00:30:00,A0058,329.62,app
X00028,2024-04-28T02:55:00,A0013,368.71,app
X00029,2024-10-14T02:15:00,A0058,650.83,app
X00030,2024-11-15T00:46:00,A0013,482.14,app
X00031,2024-02-12T00:40:00,A0066,361.66,app
X00032,2024-12-27T02:56:00,A0013,493.52,app
X00033,2024-07-03T03:22:00,A0041,751.09,app
X00034,2024-08-08T01:38:00,A0041,560.14,app
X00035,2024-11-17T01:43:00,A0041,724.17,app
X00036,2024-02-14T03:26:00,A0013,317.58,app
X00037,2024-03-05T02:15:00,A0066,361.55,app
X00038,2024-09-25T03:36:00,A0041,605.30,app
X00039,2024-03-26T01:50:00,A0066,527.46,app
X00040,2024-02-20T00:39:00,A0041,619.05,app
X00041,2024-06-05T02:09:00,A0013,421.09,app
X00042,2024-02-16T01:35:00,A0027,359.49,app
X00043,2024-01-09T02:32:00,A0066,576.62,app
X00044,2024-11-15T02:03:00,A0013,691.88,app
X00045,2024-12-28T01:58:00,A0027,328.12,app
X00046,2024-09-26T00:04:00,A0041,604.99,app
X00047,2024-12-05T01:20:00,A0058,694.63,app
X00048,2024-04-07T00:38:00,A0066,344.57,app
X00049,2024-08-27T00:16:00,A0058,656.22,app
X00050,2024-05-20T02:41:00,A0058,621.33,app
X00051,2024-08-25T00:06:00,A0058,388.82,app
X00052,2024-10-28T01:52:00,A0013,462.11,app
X00053,2024-02-01T03:46:00,A0013,695.27,app
X00054,2024-07-08T01:24:00,A0027,521.89,app
X00055,2024-05-07T01:09:00,A0066,411.52,app
X00056,2024-06-12T02:42:00,A0027,743.28,app
X00057,2024-08-02T01:18:00,A0013,786.20,app
X00058,2024-06-24T02:43:00,A0027,374.45,app
X00059,2024-10-27T00:06:00,A0013,473.97,app
X00060,2024-02-28T00:57:00,A0041,565.57,app
X00061,2024-08-05T02:10:00,A0027,453.17,app
X00062,2024-10-14T01:43:00,A0041,573.83,app
X00063,2024-03-09T02:49:00,A0013,707.64,app
X00064,2024-05-24T00:31:00,A0058,673.21,app
X00065,2024-04-22T00:09:00,A0058,499.33,app
X00066,2024-05-06T02:37:00,A0013,742.79,app
X00067,2024-01-14T00:00:00,A0066,322.71,app
X00068,2024-11-13T01:18:00,A0027,773.28,app
X00069,2024-09-11T00:12:00,A0041,506.35,app
X00070,2024-08-15T02:29:00,A0041,617.59,app
X00071,2024-06-01T03:49:00,A0041,310.47,app
X00072,2024-02-24T02:49:00,A0013,473.97,app
X00073,2024-09-13T02:53:00,A0013,675.03,app
X00074,2024-03-24T02:40:00,A0013,637.98,app
X00075,2024-11-16T00:31:00,A0041,604.27,app
X00076,2024-11-21T01:28:00,A0027,598.89,app
X00077,2024-04-08T02:59:00,A0058,567.53,app
X00078,2024-01-10T01:04:00,A0013,518.22,app
X00079,2024-02-03T03:08:00,A0058,627.57,app
X00080,2024-10-09T03:48:00,A0066,459.11,app
X00081,2024-08-02T01:27:00,A0013,703.72,app
X00082,2024-11-27T01:22:00,A0027,359.74,app
X00083,2024-01-17T01:09:00,A0066,550.04,app
X00084,2024-02-13T01:07:00,A0058,366.38,app
X00085,2024-07-08T01:20:00,A0066,694.66,app
X00086,2024-12-05T01:37:00,A0058,666.57,app
X00087,2024-02-11T01:48:00,A0041,306.87,app
X00088,2024-05-25T03:50:00,A0027,612.12,app
X00089,2024-06-17T00:11:00,A0013,716.37,app
X00090,2024-05-01T01:33:00,A0013,377.46,app
X00091,2024-12-27T01:48:00,A0027,415.08,app
X00092,2024-01-06T01:18:00,A0027,669.30,app
X00093,2024-06-16T00:23:00,A0013,378.75,app
X00094,2024-11-26T00:42:00,A0027,661.65,app
X00095,2024-01-03T03:03:00,A0013,500.99,app
X00096,2024-10-14T03:26:00,A0058,555.58,app
X00097,2024-11-17T02:59:00,A0013,389.42,app
X00098,2024-05-28T03:34:00,A0013,718.18,app
X00099,2024-06-02T03:27:00,A0058,421.14,app
X00100,2024-07-23T00:46:00,A0066,643.68,app
X00101,2024-04-18T00:41:00,A0013,747.18,app
X00102,2024-06-23T02:38:00,A0013,383.80,app
X00103,2024-02-06T01:34:00,A0066,434.42,app
X00104,2024-08-12T00:11:00,A0027,719.30,app
X00105,2024-04-26T02:12:00,A0066,339.38,app
X00106,2024-05-04T01:01:00,A0041,654.36,app
X00107,2024-05-23T01:57:00,A0058,565.97,app
X00108,2024-05-16T02:43:00,A0027,408.72,app
X00109,2024-02-15T00:01:00,A0041,626.35,app
X00110,2024-11-03T01:31:00,A0013,390.20,app
X00111,2024-02-05T00:25:00,A0013,506.39,app
X00112,2024-08-27T02:10:00,A0013,491.43,app
X00113,2024-05-19T00:44:00,A0027,729.21,app
X00114,2024-01-14T00:54:00,A0066,415.03,app
X00115,2024-02-05T02:54:00,A0058,753.01,app
X00116,2024-11-28T00:56:00,A0041,325.42,app
X00117,2024-08-17T01:55:00,A0066,792.01,app
X00118,2024-02-22T01:27:00,A0013,343.92,app
X00119,2024-09-03T02:37:00,A0041,479.68,app
X00120,2024-05-02T00:46:00,A0013,690.08,app
X00121,2024-06-04T00:02:00,A0027,321.15,app
X00122,2024-06-16T02:42:00,A0041,538.67,app
X00123,2024-07-23T00:41:00,A0058,671.45,app
X00124,2024-02-19T01:38:00,A0013,461.08,app
X00125,2024-04-02T01:43:00,A0058,389.84,app
X00126,2024-10-17T01:22:00,A0066,426.15,app
X00127,2024-08-28T00:42:00,A0027,489.39,app
X00128,2024-04-03T01:17:00,A0027,753.65,app
X00129,2024-04-25T03:02:00,A0013,369.77,app
X00130,2024-05-07T02:32:00,A0058,465.97,app
X00131,2024-02-03T03:25:00,A0027,712.09,app
X00132,2024-01-24T02:55:00,A0058,639.15,app
X00133,2024-01-03T00:45:00,A0058,653.72,app
X00134,2024-05-21T00:44:00,A0058,671.48,app
X00135,2024-12-10T03:46:00,A0041,710.74,app
X00136,2024-07-04T01:34:00,A0066,470.52,app
X00137,2024-05-18T03:38:00,A0013,428.32,app
X00138,2024-07-07T01:04:00,A0013,553.03,app
X00139,2024-12-04T03:11:00,A0066,582.90,app
X00140,2024-05-01T03:58:00,A0013,789.53,app
X00141,2024-06-04T01:43:00,A0058,497.57,app
X00142,2024-07-23T01:46:00,A0041,536.51,app
X00143,2024-07-10T03:02:00,A0041,662.55,app
X00144,2024-11-11T03:18:00,A0041,333.98,app
X00145,2024-02-28T00:26:00,A0058,627.24,app
X00146,2024-12-16T03:14:00,A0066,442.67,app
X00147,2024-02-07T03:58:00,A0013,733.40,app
X00148,2024-10-11T02:04:00,A0027,305.31,app
X00149,2024-01-12T02:26:00,A0041,332.59,app
X00150,2024-09-28T01:09:00,A0066,475.07,app
X00151,2024-06-01T00:54:00,A0041,303.29,app
X00152,2024-05-13T03:47:00,A0013,622.17,app
X00153,2024-02-24T02:20:00,A0058,710.64,app
X00154,2024-12-21T03:57:00,A0041,722.38,app
X00155,2024-07-03T00:14:00,A0041,344.76,app
X00156,2024-03-09T01:05:00,A0013,480.74,app
X00157,2024-07-13T00:51:00,A0027,620.30,app
X00158,2024-04-12T01:21:00,A0027,626.55,app
X00159,2024-02-26T01:37:00,A0066,341.37,app
X00160,2024-03-01T02:54:00,A0013,361.85,app
X00161,2024-09-08T00:53:00,A0013,420.36,app
X00162,2024-02-23T00:11:00,A0013,743.70,app
X00163,2024-12-03T00:36:00,A0013,363.35,app
X00164,2024-09-27T03:28:00,A0041,440.35,app
X00165,2024-12-10T01:03:00,A0041,493.36,app
X00166,2024-07-07T03:33:00,A0058,365.51,app
X00167,2024-07-05T02:14:00,A0027,494.40,app
X00168,2024-12-18T02:49:00,A0041,491.69,app
X00169,2024-06-25T00:30:00,A0013,359.71,app
X00170,2024-05-10T01:12:00,A0041,486.96,app
X00171,2024-07-22T03:43:00,A0027,360.49,app
X00172,2024-01-23T00:34:00,A0058,655.89,app
X00173,2024-06-20T03:24:00,A0013,563.41,app
X00174,2024-10-14T01:55:00,A0066,319.77,app
X00175,2024-04-17T01:12:00,A0027,649.69,app
X00176,2024-05-08T02:03:00,A0027,559.53,app
X00177,2024-05-14T00:45:00,A0041,551.95,app
X00178,2024-07-06T03:37:00,A0058,563.82,app
X00179,2024-08-10T02:10:00,A0041,493.11,app
X00180,2024-06-13T03:23:00,A0041,550.15,app
X00181,2024-05-17T01:35:00,A0041,739.11,app
X00182,2024-07-14T00:47:00,A0066,552.35,app
X00183,2024-06-10T02:25:00,A0058,588.24,app
X00184,2024-07-14T01:33:00,A0058,453.91,app
X00185,2024-10-28T01:35:00,A0041,605.83,app
X00186,2024-09-16T02:57:00,A0066,698.33,app
X00187,2024-06-11T03:18:00,A0058,696.23,app
X00188,2024-09-18T01:26:00,A0041,438.84,app
X00189,2024-10-19T03:24:00,A0066,327.41,app
X00190,2024-02-19T03:23:00,A0027,793.16,app
X00191,2024-11-10T00:50:00,A0058,565.76,app
X00192,2024-08-21T00:35:00,A0041,549.60,app
X00193,2024-10-01T02:32:00,A0066,749.93,app
X00194,2024-05-15T03:51:00,A0027,630.38,app
X00195,2024-10-23T01:30:00,A0041,661.31,app
X00196,2024-11-10T00:11:00,A0027,393.25,app
X00197,2024-06-22T03:47:00,A0013,557.38,app
X00198,2024-05-24T01:28:00,A0066,627.65,app
X00199,2024-12-16T00:34:00,A0058,703.68,app
X00200,2024-08-08T01:32:00,A0013,490.11,app
X00201,2024-02-06T01:10:00,A0058,637.75,app
X00202,2024-09-13T03:10:00,A0058,386.92,app
X00203,2024-05-03T03:21:00,A0013,766.51,app
X00204,2024-01-15T02:17:00,A0027,721.85,app
X00205,2024-03-23T00:12:00,A0013,608.67,app
X00206,2024-03-21T02:22:00,A0066,753.76,app
X00207,2024-04-23T00:14:00,A0027,751.53,app
X00208,2024-12-18T03:09:00,A0013,310.69,app
X00209,2024-03-15T01:52:00,A0058,664.37,app
X00210,2024-06-28T01:40:00,A0013,487.73,app
X00211,2024-06-24T00:58:00,A0027,458.88,app
X00212,2024-06-13T02:39:00,A0058,510.92,app
X00213,2024-10-12T01:33:00,A0041,528.71,app
X00214,2024-06-04T02:20:00,A0027,644.00,app
X00215,2024-09-20T01:34:00,A0058,789.72,app
X00216,2024-06-28T00:26:00,A0066,792.14,app
X00217,2024-02-13T02:41:00,A0058,598.47,app
X00218,2024-06-08T03:22:00,A0027,459.77,app
X00219,2024-03-02T01:37:00,A0041,643.76,app
X00220,2024-06-23T03:59:00,A0041,360.42,app
X00221,2024-01-27T02:35:00,A0027,724.40,app
X00222,2024-03-08T02:05:00,A0013,420.56,app
X00223,2024-10-10T02:41:00,A0027,490.01,app
X00224,2024-08-23T02:53:00,A0058,752.87,app
X00225,2024-05-26T02:59:00,A0013,584.86,app
X00226,2024-01-02T01:10:00,A0066,437.13,app
X00227,2024-08-20T02:32:00,A0027,717.84,app
X00228,2024-03-17T00:44:00,A0013,455.25,app
X00229,2024-03-05T01:05:00,A0058,503.10,app
X00230,2024-06-27T03:12:00,A0013,657.16,app
X00231,2024-04-24T00:53:00,A0066,693.54,app
X00232,2024-06-01T03:43:00,A0041,397.94,app
X00233,2024-10-05T03:33:00,A0041,592.63,app
X00234,2024-09-02T01:03:00,A0013,624.66,app
X00235,2024-07-15T02:26:00,A0066,679.84,app
X00236,2024-08-17T02:30:00,A0066,559.08,app
X00237,2024-10-12T03:41:00,A0058,453.85,app
X00238,2024-12-17T00:18:00,A0027,788.91,app
X00239,2024-02-04T01:49:00,A0066,305.52,app
X00240,2024-11-16T03:38:00,A0027,776.23,app
X00241,2024-10-08T02:40:00,A0027,392.78,app
X00242,2024-01-07T02:02:00,A0027,377.57,app
X00243,2024-12-25T02:47:00,A0013,754.81,app
X00244,2024-06-03T01:35:00,A0041,634.87,app
X00245,2024-01-14T02:46:00,A0027,464.35,app
X00246,2024-01-22T01:24:00,A0041,311.83,app
X00247,2024-11-15T02:27:00,A0013,597.55,app
X00248,2024-01-10T00:26:00,A0013,307.10,app
X00249,2024-01-07T03:03:00,A0013,713.54,app
X00250,2024-01-19T00:20:00,A0027,472.98,app
X00251,2024-02-27T03:58:00,A0027,514.50,app
X00252,2024-07-04T01:12:00,A0058,351.52,app
X00253,2024-10-23T03:34:00,A0066,653.97,app
X00254,2024-10-06T01:44:00,A0041,715.86,app
X00255,2024-03-09T00:07:00,A0066,636.10,app
X00256,2024-11-10T01:25:00,A0027,647.62,app
X00257,2024-08-15T02:22:00,A0041,495.57,app
X00258,2024-03-26T01:48:00,A0027,522.23,app
X00259,2024-04-27T01:32:00,A0041,372.77,app
X00260,2024-11-17T02:13:00,A0041,402.24,app
X00261,2024-10-08T03:12:00,A0041,345.96,app
X00262,2024-11-04T01:43:00,A0041,306.23,app
X00263,2024-04-21T03:12:00,A0013,627.08,app
X00264,2024-01-14T02:16:00,A0041,476.99,app
X00265,2024-04-13T02:31:00,A0027,517.05,app
X00266,2024-04-04T02:37:00,A0066,567.48,app
X00267,2024-03-20T00:18:00,A0041,410.91,app
X00268,2024-10-16T01:39:00,A0027,397.90,app
X00269,2024-11-14T02:05:00,A0058,786.12,app
X00270,2024-04-17T03:07:00,A0058,327.95,app
X00271,2024-01-27T01:34:00,A0027,385.65,app
X00272,2024-08-10T01:03:00,A0058,356.92,app
X00273,2024-11-25T02:45:00,A0041,389.51,app
X00274,2024-09-05T03:07:00,A0058,666.60,app
X00275,2024-04-13T00:31:00,A0058,561.23,app
X00276,2024-10-08T01:27:00,A0027,747.46,app
X00277,2024-01-06T03:43:00,A0027,740.19,app
X00278,2024-08-04T00:21:00,A0058,695.75,app
X00279,2024-09-02T02:12:00,A0013,786.89,app
X00280,2024-05-24T01:54:00,A0027,443.24,app
X00281,2024-08-09T00:46:00,A0066,368.32,app
X00282,2024-07-11T00:12:00,A0058,696.82,app
X00283,2024-10-20T03:08:00,A0066,413.87,app
X00284,2024-03-22T00:57:00,A0058,370.31,app
X00285,2024-06-08T01:23:00,A0058,736.87,app
X00286,2024-02-28T00:30:00,A0041,755.67,app
X00287,2024-01-28T01:31:00,A0066,480.50,app
X00288,2024-02-11T00:12:00,A0041,532.38,app
X00289,2024-04-27T02:59:00,A0013,794.81,app
X00290,2024-08-27T01:54:00,A0066,666.08,app
X00291,2024-01-12T03:33:00,A0013,321.11,app
X00292,2024-07-16T01:58:00,A0066,689.04,app
X00293,2024-11-02T03:58:00,A0058,678.99,app
X00294,2024-12-27T03:46:00,A0013,581.60,app
X00295,2024-09-27T00:49:00,A0013,601.60,app
X00296,2024-09-03T02:34:00,A0058,733.65,app
X00297,2024-06-28T01:43:00,A0013,777.45,app
X00298,2024-05-09T00:32:00,A0027,309.32,app
X00299,2024-11-27T03:37:00,A0058,498.62,app
X00300,2024-03-17T01:37:00,A0066,797.49,app
X00301,2024-03-02T00:46:00,A0013,652.92,app
X00302,2024-04-06T02:11:00,A0013,428.18,app
X00303,2024-11-19T00:01:00,A0041,671.95,app
X00304,2024-01-05T01:17:00,A0041,370.85,app
X00305,2024-05-07T00:51:00,A0013,466.54,app
X00306,2024-11-26T02:36:00,A0013,748.56,app
X00307,2024-11-24T00:47:00,A0013,649.72,app
X00308,2024-11-24T01:23:00,A0013,476.32,app
X00309,2024-05-24T02:44:00,A0027,391.55,app
X00310,2024-03-13T02:45:00,A0066,519.99,app
X00311,2024-07-04T02:01:00,A0058,769.02,app
X00312,2024-07-05T00:04:00,A0013,348.07,app
X00313,2024-04-20T03:55:00,A0066,476.19,app
X00314,2024-11-14T02:52:00,A0013,626.95,app
X00315,2024-02-25T00:10:00,A0058,584.00,app
X00316,2024-11-13T00:10:00,A0066,611.73,app
X00317,2024-01-15T03:00:00,A0058,579.33,app
X00318,2024-09-12T02:18:00,A0013,352.21,app
X00319,2024-06-11T03:34:00,A0041,641.14,app
X00320,2024-08-28T01:24:00,A0058,412.59,app
X00321,2024-02-10T02:54:00,A0058,676.21,app
X00322,2024-03-27T01:32:00,A0066,609.71,app
X00323,2024-11-23T01:11:00,A0027,783.47,app
X00324,2024-12-26T03:14:00,A0058,634.11,app
X00325,2024-01-12T00:25:00,A0027,325.19,app
X00326,2024-02-01T00:22:00,A0027,485.63,app
X00327,2024-10-15T02:02:00,A0027,579.77,app
X00328,2024-07-07T02:19:00,A0041,323.21,app
X00329,2024-05-14T03:06:00,A0066,672.82,app
X00330,2024-06-26T01:02:00,A0013,503.08,app
X00331,2024-04-14T01:56:00,A0027,422.26,app
X00332,2024-02-25T02:55:00,A0041,550.18,app
X00333,2024-06-16T02:16:00,A0041,665.01,app
X00334,2024-03-16T03:27:00,A0066,672.55,app
X00335,2024-09-20T00:06:00,A0013,527.54,app
X00336,2024-10-27T02:42:00,A0058,725.60,app
X00337,2024-12-03T02:56:00,A0041,695.48,app
X00338,2024-07-01T03:55:00,A0058,479.67,app
X00339,2024-05-02T00:54:00,A0013,700.17,app
